/Users/koryjcampbell/Music/CRATES/GENRES/UNASSIGNED/Kory Likes/10kdunkin - On Da Low.mp3	/Users/koryjcampbell/Music/CRATES/GENRES/Hip-Hop:Rap/2020s Hip-Hop/10kdunkin - On Da Low.mp3
/Users/koryjcampbell/Music/CRATES/GENRES/UNASSIGNED/Kory Likes/112 - Come See Me.mp3	/Users/koryjcampbell/Music/CRATES/GENRES/R&B/1990s R&B/112 - Come See Me.mp3
/Users/koryjcampbell/Music/CRATES/GENRES/UNASSIGNED/Kory Likes/112 - Peaches & Cream.mp3	/Users/koryjcampbell/Music/CRATES/GENRES/R&B/2010s R&B/112 - Peaches & Cream.mp3
/Users/koryjcampbell/Music/CRATES/GENRES/UNASSIGNED/Kory Likes/1900Rugrat - One Take Freestyle.mp3	/Users/koryjcampbell/Music/CRATES/GENRES/Hip-Hop:Rap/2020s Hip-Hop/1900Rugrat - One Take Freestyle.mp3
/Users/koryjcampbell/Music/CRATES/GENRES/UNASSIGNED/Kory Likes/1999 WRITE THE FUTURE - cOoL WATeR foR thE nIGHT.mp3	/Users/koryjcampbell/Music/CRATES/GENRES/Hip-Hop:Rap/2020s Hip-Hop/1999 WRITE THE FUTURE - cOoL WATeR foR thE nIGHT.mp3
/Users/koryjcampbell/Music/CRATES/GENRES/UNASSIGNED/Kory Likes/27Delly - Let It Go.mp3	/Users/koryjcampbell/Music/CRATES/GENRES/R&B/2020s R&B/27Delly - Let It Go.mp3
/Users/koryjcampbell/Music/CRATES/GENRES/UNASSIGNED/Kory Likes/2Pac - Bomb First (My Second Reply).mp3	/Users/koryjcampbell/Music/CRATES/GENRES/Hip-Hop:Rap/1990s Hip-Hop/2Pac - Bomb First (My Second Reply).mp3
/Users/koryjcampbell/Music/CRATES/GENRES/UNASSIGNED/Kory Likes/2Pac - I Wonder If Heaven Got A Ghetto (Hip-Hop Version).mp3	/Users/koryjcampbell/Music/CRATES/GENRES/Hip-Hop:Rap/1990s Hip-Hop/2Pac - I Wonder If Heaven Got A Ghetto (Hip-Hop Version).mp3
/Users/koryjcampbell/Music/CRATES/GENRES/UNASSIGNED/Kory Likes/2Pac - Life Of An Outlaw.mp3	/Users/koryjcampbell/Music/CRATES/GENRES/Hip-Hop:Rap/1990s Hip-Hop/2Pac - Life Of An Outlaw.mp3
/Users/koryjcampbell/Music/CRATES/GENRES/UNASSIGNED/Kory Likes/2Pac - Lord Knows.mp3	/Users/koryjcampbell/Music/CRATES/GENRES/Hip-Hop:Rap/1990s Hip-Hop/2Pac - Lord Knows.mp3
/Users/koryjcampbell/Music/CRATES/GENRES/UNASSIGNED/Kory Likes/2Pac - Made Niggaz.mp3	/Users/koryjcampbell/Music/CRATES/GENRES/Hip-Hop:Rap/1990s Hip-Hop/2Pac - Made Niggaz.mp3
/Users/koryjcampbell/Music/CRATES/GENRES/UNASSIGNED/Kory Likes/2Pac - Me And My Girlfriend.mp3	/Users/koryjcampbell/Music/CRATES/GENRES/Hip-Hop:Rap/1990s Hip-Hop/2Pac - Me And My Girlfriend.mp3
/Users/koryjcampbell/Music/CRATES/GENRES/UNASSIGNED/Kory Likes/2Pac - Str8 Ballin'.mp3	/Users/koryjcampbell/Music/CRATES/GENRES/Hip-Hop:Rap/1990s Hip-Hop/2Pac - Str8 Ballin'.mp3
/Users/koryjcampbell/Music/CRATES/GENRES/UNASSIGNED/Kory Likes/2fox - So Long (Manoo Remix).mp3	/Users/koryjcampbell/Music/CRATES/GENRES/House/General House/2fox - So Long (Manoo Remix).mp3
/Users/koryjcampbell/Music/CRATES/GENRES/UNASSIGNED/Kory Likes/310babii - stuck in my ways.mp3	/Users/koryjcampbell/Music/CRATES/GENRES/Hip-Hop:Rap/2020s Hip-Hop/310babii - stuck in my ways.mp3
/Users/koryjcampbell/Music/CRATES/GENRES/UNASSIGNED/Kory Likes/41 - Pucci.mp3	/Users/koryjcampbell/Music/CRATES/GENRES/Hip-Hop:Rap/Drill Edits/41 - Pucci.mp3
/Users/koryjcampbell/Music/CRATES/GENRES/UNASSIGNED/Kory Likes/42 Dugg - N.P.O.mp3	/Users/koryjcampbell/Music/CRATES/GENRES/Hip-Hop:Rap/2020s Hip-Hop/42 Dugg - N.P.O.mp3
/Users/koryjcampbell/Music/CRATES/GENRES/UNASSIGNED/Kory Likes/450 - Bounce.mp3	/Users/koryjcampbell/Music/CRATES/GENRES/Dancehall/General Dancehall/450 - Bounce.mp3
/Users/koryjcampbell/Music/CRATES/GENRES/UNASSIGNED/Kory Likes/4Fargo - Posted Alone.mp3	/Users/koryjcampbell/Music/CRATES/GENRES/R&B/2020s R&B/4Fargo - Posted Alone.mp3
/Users/koryjcampbell/Music/CRATES/GENRES/UNASSIGNED/Kory Likes/4batz - act xvi_ twentyfoe7.mp3	/Users/koryjcampbell/Music/CRATES/GENRES/R&B/2020s R&B/4batz - act xvi_ twentyfoe7.mp3
/Users/koryjcampbell/Music/CRATES/GENRES/UNASSIGNED/Kory Likes/4hero - Another Day.mp3	/Users/koryjcampbell/Music/CRATES/GENRES/Soul/General Soul/4hero - Another Day.mp3
/Users/koryjcampbell/Music/CRATES/GENRES/UNASSIGNED/Kory Likes/702 - Certified (Album Version).mp3	/Users/koryjcampbell/Music/CRATES/GENRES/R&B/1990s R&B/702 - Certified (Album Version).mp3
/Users/koryjcampbell/Music/CRATES/GENRES/UNASSIGNED/Kory Likes/A Boogie wit da Hoodie - My Shit.mp3	/Users/koryjcampbell/Music/CRATES/GENRES/Hip-Hop:Rap/2010s Hip-Hop/A Boogie wit da Hoodie - My Shit.mp3
/Users/koryjcampbell/Music/CRATES/GENRES/UNASSIGNED/Kory Likes/A Boogie wit da Hoodie - Numbers (feat. Roddy Ricch, Gunna and London On Da Track).mp3	/Users/koryjcampbell/Music/CRATES/GENRES/Hip-Hop:Rap/Trap Hip-Hop/A Boogie wit da Hoodie - Numbers (feat. Roddy Ricch, Gunna and London On Da Track).mp3
/Users/koryjcampbell/Music/CRATES/GENRES/UNASSIGNED/Kory Likes/A Tribe Called Quest - Butter.mp3	/Users/koryjcampbell/Music/CRATES/GENRES/Hip-Hop:Rap/1990s Hip-Hop/A Tribe Called Quest - Butter.mp3
/Users/koryjcampbell/Music/CRATES/GENRES/UNASSIGNED/Kory Likes/AFN Peso - Another Level.mp3	/Users/koryjcampbell/Music/CRATES/GENRES/Hip-Hop:Rap/2020s Hip-Hop/AFN Peso - Another Level.mp3
/Users/koryjcampbell/Music/CRATES/GENRES/UNASSIGNED/Kory Likes/AMARIA BB - Slow Motion.mp3	/Users/koryjcampbell/Music/CRATES/GENRES/R&B/2020s R&B/AMARIA BB - Slow Motion.mp3
/Users/koryjcampbell/Music/CRATES/GENRES/UNASSIGNED/Kory Likes/ANKHLEJOHN - Fast Eddies (feat. Fly Anakin).mp3	/Users/koryjcampbell/Music/CRATES/GENRES/Hip-Hop:Rap/East Coast Hip-Hop/ANKHLEJOHN - Fast Eddies (feat. Fly Anakin).mp3
/Users/koryjcampbell/Music/CRATES/GENRES/UNASSIGNED/Kory Likes/ARTEMIS - The Smile of the Snake.mp3	/Users/koryjcampbell/Music/CRATES/GENRES/Jazz/General Jazz/ARTEMIS - The Smile of the Snake.mp3
/Users/koryjcampbell/Music/CRATES/GENRES/UNASSIGNED/Kory Likes/AYLØ - THIS SH!T.mp3	/Users/koryjcampbell/Music/CRATES/GENRES/R&B/2020s R&B/AYLØ - THIS SH!T.mp3
/Users/koryjcampbell/Music/CRATES/GENRES/UNASSIGNED/Kory Likes/Aaliyah - Man Undercover.mp3	/Users/koryjcampbell/Music/CRATES/GENRES/R&B/1990s R&B/Aaliyah - Man Undercover.mp3
/Users/koryjcampbell/Music/CRATES/GENRES/UNASSIGNED/Kory Likes/Aaliyah - More Than A Woman.mp3	/Users/koryjcampbell/Music/CRATES/GENRES/Pop/1990s Pop/Aaliyah - More Than A Woman.mp3
/Users/koryjcampbell/Music/CRATES/GENRES/UNASSIGNED/Kory Likes/Aaliyah - Read Between The Lines.mp3	/Users/koryjcampbell/Music/CRATES/GENRES/Pop/1990s Pop/Aaliyah - Read Between The Lines.mp3
/Users/koryjcampbell/Music/CRATES/GENRES/UNASSIGNED/Kory Likes/Ab-Soul - Do Better.mp3	/Users/koryjcampbell/Music/CRATES/GENRES/Hip-Hop:Rap/2020s Hip-Hop/Ab-Soul - Do Better.mp3
/Users/koryjcampbell/Music/CRATES/GENRES/UNASSIGNED/Kory Likes/Abou Tall - RONALDINHO.mp3	/Users/koryjcampbell/Music/CRATES/GENRES/Hip-Hop:Rap/2020s Hip-Hop/Abou Tall - RONALDINHO.mp3
/Users/koryjcampbell/Music/CRATES/GENRES/UNASSIGNED/Kory Likes/Abstract Orchestra - Bistro.mp3	/Users/koryjcampbell/Music/CRATES/GENRES/Jazz/2010s Jazz/Abstract Orchestra - Bistro.mp3
/Users/koryjcampbell/Music/CRATES/GENRES/UNASSIGNED/Kory Likes/Action Bronson - Golden Eye.mp3	/Users/koryjcampbell/Music/CRATES/GENRES/Hip-Hop:Rap/East Coast Hip-Hop/Action Bronson - Golden Eye.mp3
/Users/koryjcampbell/Music/CRATES/GENRES/UNASSIGNED/Kory Likes/Action Bronson - SPLASH (PROVOCATIV).mp3	/Users/koryjcampbell/Music/CRATES/GENRES/Hip-Hop:Rap/East Coast Hip-Hop/Action Bronson - SPLASH (PROVOCATIV).mp3
/Users/koryjcampbell/Music/CRATES/GENRES/UNASSIGNED/Kory Likes/Adele - All Night Parking (with Erroll Garner) Interlude.mp3	/Users/koryjcampbell/Music/CRATES/GENRES/Pop/2010s Pop/Adele - All Night Parking (with Erroll Garner) Interlude.mp3
/Users/koryjcampbell/Music/CRATES/GENRES/UNASSIGNED/Kory Likes/Adina Howard - It's All About You.mp3	/Users/koryjcampbell/Music/CRATES/GENRES/Hip-Hop:Rap/1990s Hip-Hop/Adina Howard - It's All About You.mp3
/Users/koryjcampbell/Music/CRATES/GENRES/UNASSIGNED/Kory Likes/Adrianne Lenker - two reverse.mp3	/Users/koryjcampbell/Music/CRATES/GENRES/Rock/2020s Indie Rock/Adrianne Lenker - two reverse.mp3
/Users/koryjcampbell/Music/CRATES/GENRES/UNASSIGNED/Kory Likes/After 7 - Can't Stop.mp3	/Users/koryjcampbell/Music/CRATES/GENRES/R&B/1980s R&B/After 7 - Can't Stop.mp3
/Users/koryjcampbell/Music/CRATES/GENRES/UNASSIGNED/Kory Likes/Ahmad Jamal - I Love Music.mp3	/Users/koryjcampbell/Music/CRATES/GENRES/Jazz/1990s Jazz/Ahmad Jamal - I Love Music.mp3
/Users/koryjcampbell/Music/CRATES/GENRES/UNASSIGNED/Kory Likes/Ahmad Jamal - Swahililand.mp3	/Users/koryjcampbell/Music/CRATES/GENRES/Jazz/General Jazz/Ahmad Jamal - Swahililand.mp3
/Users/koryjcampbell/Music/CRATES/GENRES/UNASSIGNED/Kory Likes/Aja Monet - elsewhere.mp3	/Users/koryjcampbell/Music/CRATES/GENRES/Soul/Neo Soul/Aja Monet - elsewhere.mp3
/Users/koryjcampbell/Music/CRATES/GENRES/UNASSIGNED/Kory Likes/Akeem Ali - Good Looking Adjectives.mp3	/Users/koryjcampbell/Music/CRATES/GENRES/Hip-Hop:Rap/2020s Hip-Hop/Akeem Ali - Good Looking Adjectives.mp3
/Users/koryjcampbell/Music/CRATES/GENRES/UNASSIGNED/Kory Likes/Akira Inoue - Melting Blue.mp3	/Users/koryjcampbell/Music/CRATES/GENRES/Pop/2010s Pop/Akira Inoue - Melting Blue.mp3
/Users/koryjcampbell/Music/CRATES/GENRES/UNASSIGNED/Kory Likes/Al Green - I'm Glad You're Mine.mp3	/Users/koryjcampbell/Music/CRATES/GENRES/Soul/1970s Soul/Al Green - I'm Glad You're Mine.mp3
/Users/koryjcampbell/Music/CRATES/GENRES/UNASSIGNED/Kory Likes/Al Green - Oh, Pretty Woman.mp3	/Users/koryjcampbell/Music/CRATES/GENRES/Soul/1970s Soul/Al Green - Oh, Pretty Woman.mp3
/Users/koryjcampbell/Music/CRATES/GENRES/UNASSIGNED/Kory Likes/Al Jarreau - Spain (I Can Recall).mp3	/Users/koryjcampbell/Music/CRATES/GENRES/Jazz/2010s Jazz/Al Jarreau - Spain (I Can Recall).mp3
/Users/koryjcampbell/Music/CRATES/GENRES/UNASSIGNED/Kory Likes/Alemayehu Eshete - Ambassel (Fast Version).mp3	/Users/koryjcampbell/Music/CRATES/GENRES/World/Ethiopian/Alemayehu Eshete - Ambassel (Fast Version).mp3
/Users/koryjcampbell/Music/CRATES/GENRES/UNASSIGNED/Kory Likes/Alex G - Same Old.mp3	/Users/koryjcampbell/Music/CRATES/GENRES/Rock/2020s Indie Rock/Alex G - Same Old.mp3
/Users/koryjcampbell/Music/CRATES/GENRES/UNASSIGNED/Kory Likes/Alex Isley - Sweetest Lullabye.mp3	/Users/koryjcampbell/Music/CRATES/GENRES/R&B/2020s R&B/Alex Isley - Sweetest Lullabye.mp3
/Users/koryjcampbell/Music/CRATES/GENRES/UNASSIGNED/Kory Likes/Alfa Mist - Fly Away.mp3	/Users/koryjcampbell/Music/CRATES/GENRES/Jazz/General Jazz/Alfa Mist - Fly Away.mp3
/Users/koryjcampbell/Music/CRATES/GENRES/UNASSIGNED/Kory Likes/Alicia Myers - If You Play Your Cards Right.mp3	/Users/koryjcampbell/Music/CRATES/GENRES/Funk/Funk & Boogie Edits/Alicia Myers - If You Play Your Cards Right.mp3
/Users/koryjcampbell/Music/CRATES/GENRES/UNASSIGNED/Kory Likes/Allen Stone - Sweet Little Rainbows.mp3	/Users/koryjcampbell/Music/CRATES/GENRES/Soul/2010s Soul/Allen Stone - Sweet Little Rainbows.mp3
/Users/koryjcampbell/Music/CRATES/GENRES/UNASSIGNED/Kory Likes/Allison Young - I Fall in Love Too Easily.mp3	/Users/koryjcampbell/Music/CRATES/GENRES/Jazz/General Jazz/Allison Young - I Fall in Love Too Easily.mp3
/Users/koryjcampbell/Music/CRATES/GENRES/UNASSIGNED/Kory Likes/Aluna - Houseboy.mp3	/Users/koryjcampbell/Music/CRATES/GENRES/House/General House/Aluna - Houseboy.mp3
/Users/koryjcampbell/Music/CRATES/GENRES/UNASSIGNED/Kory Likes/Aly-Us - Follow Me (Full Intention Club Mix).mp3	/Users/koryjcampbell/Music/CRATES/GENRES/House/General House/Aly-Us - Follow Me (Full Intention Club Mix).mp3
/Users/koryjcampbell/Music/CRATES/GENRES/UNASSIGNED/Kory Likes/Amaarae - Princess Going Digital.mp3	/Users/koryjcampbell/Music/CRATES/GENRES/Afrobeats/2020s Afrobeats/Amaarae - Princess Going Digital.mp3
/Users/koryjcampbell/Music/CRATES/GENRES/UNASSIGNED/Kory Likes/Amaarae - Sociopathic Dance Queen.mp3	/Users/koryjcampbell/Music/CRATES/GENRES/Afrobeats/2020s Afrobeats/Amaarae - Sociopathic Dance Queen.mp3
/Users/koryjcampbell/Music/CRATES/GENRES/UNASSIGNED/Kory Likes/Amaarae - Water From Wine.mp3	/Users/koryjcampbell/Music/CRATES/GENRES/Afrobeats/2020s Afrobeats/Amaarae - Water From Wine.mp3
/Users/koryjcampbell/Music/CRATES/GENRES/UNASSIGNED/Kory Likes/Amaarae - sweeeet.mp3	/Users/koryjcampbell/Music/CRATES/GENRES/Afrobeats/2020s Afrobeats/Amaarae - sweeeet.mp3
/Users/koryjcampbell/Music/CRATES/GENRES/UNASSIGNED/Kory Likes/Amaria - Beggin'.mp3	/Users/koryjcampbell/Music/CRATES/GENRES/R&B/2020s R&B/Amaria - Beggin'.mp3
/Users/koryjcampbell/Music/CRATES/GENRES/UNASSIGNED/Kory Likes/Amaria - Day by Day - A COLORS SHOW.mp3	/Users/koryjcampbell/Music/CRATES/GENRES/R&B/2020s R&B/Amaria - Day by Day - A COLORS SHOW.mp3
/Users/koryjcampbell/Music/CRATES/GENRES/UNASSIGNED/Kory Likes/Amber Mark - Lovely Day.mp3	/Users/koryjcampbell/Music/CRATES/GENRES/Dance/2020s Dance/Amber Mark - Lovely Day.mp3
/Users/koryjcampbell/Music/CRATES/GENRES/UNASSIGNED/Kory Likes/Ambré - Lost Without U.mp3	/Users/koryjcampbell/Music/CRATES/GENRES/R&B/2020s R&B/Ambré - Lost Without U.mp3
/Users/koryjcampbell/Music/CRATES/GENRES/UNASSIGNED/Kory Likes/Ambré - She.mp3	/Users/koryjcampbell/Music/CRATES/GENRES/R&B/2020s R&B/Ambré - She.mp3
/Users/koryjcampbell/Music/CRATES/GENRES/UNASSIGNED/Kory Likes/Ambrosia - How Much I Feel (Remastered Version).mp3	/Users/koryjcampbell/Music/CRATES/GENRES/Rock/General Rock/Ambrosia - How Much I Feel (Remastered Version).mp3
/Users/koryjcampbell/Music/CRATES/GENRES/UNASSIGNED/Kory Likes/Amel Larrieux - Get Up.mp3	/Users/koryjcampbell/Music/CRATES/GENRES/Soul/Neo Soul/Amel Larrieux - Get Up.mp3
/Users/koryjcampbell/Music/CRATES/GENRES/UNASSIGNED/Kory Likes/America - Ventura Highway.mp3	/Users/koryjcampbell/Music/CRATES/GENRES/Rock/General Rock/America - Ventura Highway.mp3
/Users/koryjcampbell/Music/CRATES/GENRES/UNASSIGNED/Kory Likes/Amerie - 1 Thing (Instrumental).mp3	/Users/koryjcampbell/Music/CRATES/GENRES/R&B/2000s R&B/Amerie - 1 Thing (Instrumental).mp3
/Users/koryjcampbell/Music/CRATES/GENRES/UNASSIGNED/Kory Likes/Amerie - Forecast intro.mp3	/Users/koryjcampbell/Music/CRATES/GENRES/R&B/2000s R&B/Amerie - Forecast intro.mp3
/Users/koryjcampbell/Music/CRATES/GENRES/UNASSIGNED/Kory Likes/Amerie - Gotta Work.mp3	/Users/koryjcampbell/Music/CRATES/GENRES/R&B/2000s R&B/Amerie - Gotta Work.mp3
/Users/koryjcampbell/Music/CRATES/GENRES/UNASSIGNED/Kory Likes/Amerie - Hate2loveu.mp3	/Users/koryjcampbell/Music/CRATES/GENRES/R&B/2000s R&B/Amerie - Hate2loveu.mp3
/Users/koryjcampbell/Music/CRATES/GENRES/UNASSIGNED/Kory Likes/Amerie - I Just Died (Album Version).mp3	/Users/koryjcampbell/Music/CRATES/GENRES/R&B/2000s R&B/Amerie - I Just Died (Album Version).mp3
/Users/koryjcampbell/Music/CRATES/GENRES/UNASSIGNED/Kory Likes/Amerie - Mine.mp3	/Users/koryjcampbell/Music/CRATES/GENRES/R&B/2000s R&B/Amerie - Mine.mp3
/Users/koryjcampbell/Music/CRATES/GENRES/UNASSIGNED/Kory Likes/Amerie - Nothing Like Loving You (Album Version).mp3	/Users/koryjcampbell/Music/CRATES/GENRES/R&B/2000s R&B/Amerie - Nothing Like Loving You (Album Version).mp3
/Users/koryjcampbell/Music/CRATES/GENRES/UNASSIGNED/Kory Likes/Amnesty - Liberty.mp3	/Users/koryjcampbell/Music/CRATES/GENRES/Funk/General Funk/Amnesty - Liberty.mp3
/Users/koryjcampbell/Music/CRATES/GENRES/UNASSIGNED/Kory Likes/Amy Winehouse - Back To Black.mp3	/Users/koryjcampbell/Music/CRATES/GENRES/Soul/General Soul/Amy Winehouse - Back To Black.mp3
/Users/koryjcampbell/Music/CRATES/GENRES/UNASSIGNED/Kory Likes/Amy Winehouse - In My Bed.mp3	/Users/koryjcampbell/Music/CRATES/GENRES/Soul/2010s Soul/Amy Winehouse - In My Bed.mp3
/Users/koryjcampbell/Music/CRATES/GENRES/UNASSIGNED/Kory Likes/Amy Winehouse - Mr Magic (Through The Smoke).mp3	/Users/koryjcampbell/Music/CRATES/GENRES/Soul/2010s Soul/Amy Winehouse - Mr Magic (Through The Smoke).mp3
/Users/koryjcampbell/Music/CRATES/GENRES/UNASSIGNED/Kory Likes/Amy Winehouse - You Know I'm No Good.mp3	/Users/koryjcampbell/Music/CRATES/GENRES/Soul/General Soul/Amy Winehouse - You Know I'm No Good.mp3
/Users/koryjcampbell/Music/CRATES/GENRES/UNASSIGNED/Kory Likes/An Shinae - Lover Like Me (Feat. Crush).mp3	/Users/koryjcampbell/Music/CRATES/GENRES/R&B/2020s R&B/An Shinae - Lover Like Me (Feat. Crush).mp3
/Users/koryjcampbell/Music/CRATES/GENRES/UNASSIGNED/Kory Likes/Andra Day - Probably.mp3	/Users/koryjcampbell/Music/CRATES/GENRES/R&B/2020s R&B/Andra Day - Probably.mp3
/Users/koryjcampbell/Music/CRATES/GENRES/UNASSIGNED/Kory Likes/Andrae Crouch - Everybody's Got to Know.mp3	/Users/koryjcampbell/Music/CRATES/GENRES/Gospel/1990s Gospel/Andrae Crouch - Everybody's Got to Know.mp3
/Users/koryjcampbell/Music/CRATES/GENRES/UNASSIGNED/Kory Likes/Angela Bofill - Let Me Be the One.mp3	/Users/koryjcampbell/Music/CRATES/GENRES/R&B/1980s R&B/Angela Bofill - Let Me Be the One.mp3
/Users/koryjcampbell/Music/CRATES/GENRES/UNASSIGNED/Kory Likes/Angela Bofill - Under the Moon and Over the Sky.mp3	/Users/koryjcampbell/Music/CRATES/GENRES/R&B/1980s R&B/Angela Bofill - Under the Moon and Over the Sky.mp3
/Users/koryjcampbell/Music/CRATES/GENRES/UNASSIGNED/Kory Likes/Angie Stone - Everyday (Neptunes Remix).mp3	/Users/koryjcampbell/Music/CRATES/GENRES/Soul/Neo Soul/Angie Stone - Everyday (Neptunes Remix).mp3
/Users/koryjcampbell/Music/CRATES/GENRES/UNASSIGNED/Kory Likes/Angie Stone - Lovers' Ghetto.mp3	/Users/koryjcampbell/Music/CRATES/GENRES/Soul/Neo Soul/Angie Stone - Lovers' Ghetto.mp3
/Users/koryjcampbell/Music/CRATES/GENRES/UNASSIGNED/Kory Likes/Angie Stone - No More Rain (In This Cloud).mp3	/Users/koryjcampbell/Music/CRATES/GENRES/Soul/Neo Soul/Angie Stone - No More Rain (In This Cloud).mp3
/Users/koryjcampbell/Music/CRATES/GENRES/UNASSIGNED/Kory Likes/Ant Clemons - YOU AND YOUR BODY.mp3	/Users/koryjcampbell/Music/CRATES/GENRES/R&B/2020s R&B/Ant Clemons - YOU AND YOUR BODY.mp3
/Users/koryjcampbell/Music/CRATES/GENRES/UNASSIGNED/Kory Likes/Anthony Hamilton - Lucille.mp3	/Users/koryjcampbell/Music/CRATES/GENRES/R&B/2000s R&B/Anthony Hamilton - Lucille.mp3
/Users/koryjcampbell/Music/CRATES/GENRES/UNASSIGNED/Kory Likes/Aretha Franklin - Get It Right.mp3	/Users/koryjcampbell/Music/CRATES/GENRES/Soul/1980s Soul/Aretha Franklin - Get It Right.mp3
/Users/koryjcampbell/Music/CRATES/GENRES/UNASSIGNED/Kory Likes/Aretha Franklin - Love All the Hurt Away.mp3	/Users/koryjcampbell/Music/CRATES/GENRES/Soul/1980s Soul/Aretha Franklin - Love All the Hurt Away.mp3
/Users/koryjcampbell/Music/CRATES/GENRES/UNASSIGNED/Kory Likes/Aretha Franklin - Something He Can Feel.mp3	/Users/koryjcampbell/Music/CRATES/GENRES/Soul/General Soul/Aretha Franklin - Something He Can Feel.mp3
/Users/koryjcampbell/Music/CRATES/GENRES/UNASSIGNED/Kory Likes/Aretha Franklin - Take Me with You.mp3	/Users/koryjcampbell/Music/CRATES/GENRES/Soul/General Soul/Aretha Franklin - Take Me with You.mp3
/Users/koryjcampbell/Music/CRATES/GENRES/UNASSIGNED/Kory Likes/Aretha Franklin - Together Again.mp3	/Users/koryjcampbell/Music/CRATES/GENRES/Soul/General Soul/Aretha Franklin - Together Again.mp3
/Users/koryjcampbell/Music/CRATES/GENRES/UNASSIGNED/Kory Likes/Aretha Franklin - United Together (Single Version).mp3	/Users/koryjcampbell/Music/CRATES/GENRES/Soul/2020s Soul/Aretha Franklin - United Together (Single Version).mp3
/Users/koryjcampbell/Music/CRATES/GENRES/UNASSIGNED/Kory Likes/Aretha Franklin - What a Fool Believes.mp3	/Users/koryjcampbell/Music/CRATES/GENRES/Soul/General Soul/Aretha Franklin - What a Fool Believes.mp3
/Users/koryjcampbell/Music/CRATES/GENRES/UNASSIGNED/Kory Likes/Ari Lennox - Vacancy.mp3	/Users/koryjcampbell/Music/CRATES/GENRES/R&B/2020s R&B/Ari Lennox - Vacancy.mp3
/Users/koryjcampbell/Music/CRATES/GENRES/UNASSIGNED/Kory Likes/Armanii - TONIGHT.mp3	/Users/koryjcampbell/Music/CRATES/GENRES/Dancehall/Dancehall Contemporary/Armanii - TONIGHT.mp3
/Users/koryjcampbell/Music/CRATES/GENRES/UNASSIGNED/Kory Likes/Artwork Sounds - Your Love (feat. Mzizi).mp3	/Users/koryjcampbell/Music/CRATES/GENRES/Amapiano/General Amapiano/Artwork Sounds - Your Love (feat. Mzizi).mp3
/Users/koryjcampbell/Music/CRATES/GENRES/UNASSIGNED/Kory Likes/Athletic Progression - And1.mp3	/Users/koryjcampbell/Music/CRATES/GENRES/Future Beats/General Future Beats/Athletic Progression - And1.mp3
/Users/koryjcampbell/Music/CRATES/GENRES/UNASSIGNED/Kory Likes/Atlanta Rhythm Section - So Into You.mp3	/Users/koryjcampbell/Music/CRATES/GENRES/Rock/General Rock/Atlanta Rhythm Section - So Into You.mp3
/Users/koryjcampbell/Music/CRATES/GENRES/UNASSIGNED/Kory Likes/August Alsina - I Luv This Shit (Remix Bonus Track).mp3	/Users/koryjcampbell/Music/CRATES/GENRES/R&B/2010s R&B/August Alsina - I Luv This Shit (Remix Bonus Track).mp3
/Users/koryjcampbell/Music/CRATES/GENRES/UNASSIGNED/Kory Likes/Aya Nakamura - No Stress.mp3	/Users/koryjcampbell/Music/CRATES/GENRES/Afrobeats/2020s Afrobeats/Aya Nakamura - No Stress.mp3
/Users/koryjcampbell/Music/CRATES/GENRES/UNASSIGNED/Kory Likes/Ayra Starr - All The Love.mp3	/Users/koryjcampbell/Music/CRATES/GENRES/Afrobeats/Afropop/Ayra Starr - All The Love.mp3
/Users/koryjcampbell/Music/CRATES/GENRES/UNASSIGNED/Kory Likes/BAMBII - Mirror (feat. Jessy Lanza & Yaeji).mp3	/Users/koryjcampbell/Music/CRATES/GENRES/Club/General Club/BAMBII - Mirror (feat. Jessy Lanza & Yaeji).mp3
/Users/koryjcampbell/Music/CRATES/GENRES/UNASSIGNED/Kory Likes/BAYNK - Grin (Dj Streaks Remix).mp3	/Users/koryjcampbell/Music/CRATES/GENRES/Electronic/General Electronic/BAYNK - Grin (Dj Streaks Remix).mp3
/Users/koryjcampbell/Music/CRATES/GENRES/UNASSIGNED/Kory Likes/BJ The Chicago Kid - Good Luv'n.mp3	/Users/koryjcampbell/Music/CRATES/GENRES/R&B/2010s R&B/BJ The Chicago Kid - Good Luv'n.mp3
/Users/koryjcampbell/Music/CRATES/GENRES/UNASSIGNED/Kory Likes/BLK ODYSSY - GHOST RIDE.mp3	/Users/koryjcampbell/Music/CRATES/GENRES/Soul/2020s Soul/BLK ODYSSY - GHOST RIDE.mp3
/Users/koryjcampbell/Music/CRATES/GENRES/UNASSIGNED/Kory Likes/BLK ODYSSY - STANK ROSE.mp3	/Users/koryjcampbell/Music/CRATES/GENRES/Soul/2020s Soul/BLK ODYSSY - STANK ROSE.mp3
/Users/koryjcampbell/Music/CRATES/GENRES/UNASSIGNED/Kory Likes/BOY SODA - Lil' Obsession.mp3	/Users/koryjcampbell/Music/CRATES/GENRES/R&B/2020s R&B/BOY SODA - Lil' Obsession.mp3
/Users/koryjcampbell/Music/CRATES/GENRES/UNASSIGNED/Kory Likes/Baby Keem - I am not a Lyricist.mp3	/Users/koryjcampbell/Music/CRATES/GENRES/Hip-Hop:Rap/2020s Hip-Hop/Baby Keem - I am not a Lyricist.mp3
/Users/koryjcampbell/Music/CRATES/GENRES/UNASSIGNED/Kory Likes/BabyChiefDoit - Snooze You Lose.mp3	/Users/koryjcampbell/Music/CRATES/GENRES/Hip-Hop:Rap/2020s Hip-Hop/BabyChiefDoit - Snooze You Lose.mp3
/Users/koryjcampbell/Music/CRATES/GENRES/UNASSIGNED/Kory Likes/BabyChiefDoit - The Viper.mp3	/Users/koryjcampbell/Music/CRATES/GENRES/Hip-Hop:Rap/2020s Hip-Hop/BabyChiefDoit - The Viper.mp3
/Users/koryjcampbell/Music/CRATES/GENRES/UNASSIGNED/Kory Likes/BabyChiefDoit - Wonderful Time.mp3	/Users/koryjcampbell/Music/CRATES/GENRES/Hip-Hop:Rap/2020s Hip-Hop/BabyChiefDoit - Wonderful Time.mp3
/Users/koryjcampbell/Music/CRATES/GENRES/UNASSIGNED/Kory Likes/BabyChiefDoit - Zoo Life Blessing.mp3	/Users/koryjcampbell/Music/CRATES/GENRES/Hip-Hop:Rap/2020s Hip-Hop/BabyChiefDoit - Zoo Life Blessing.mp3
/Users/koryjcampbell/Music/CRATES/GENRES/UNASSIGNED/Kory Likes/Babyface Ray - Watching My Page.mp3	/Users/koryjcampbell/Music/CRATES/GENRES/Hip-Hop:Rap/Detroit Hip-Hop/Babyface Ray - Watching My Page.mp3
/Users/koryjcampbell/Music/CRATES/GENRES/UNASSIGNED/Kory Likes/Babyfxce E - PTP (feat. Monaleo) [Remix].mp3	/Users/koryjcampbell/Music/CRATES/GENRES/Hip-Hop:Rap/2020s Hip-Hop/Babyfxce E - PTP (feat. Monaleo) [Remix].mp3
/Users/koryjcampbell/Music/CRATES/GENRES/UNASSIGNED/Kory Likes/Bad Bad Hats - Bored In The Summer.mp3	/Users/koryjcampbell/Music/CRATES/GENRES/Rock/2020s Indie Rock/Bad Bad Hats - Bored In The Summer.mp3
/Users/koryjcampbell/Music/CRATES/GENRES/UNASSIGNED/Kory Likes/Ball Greezy - Phone Sex.mp3	/Users/koryjcampbell/Music/CRATES/GENRES/Hip-Hop:Rap/2020s Hip-Hop/Ball Greezy - Phone Sex.mp3
/Users/koryjcampbell/Music/CRATES/GENRES/UNASSIGNED/Kory Likes/Balla Et Ses Balladins - Paulette.mp3	/Users/koryjcampbell/Music/CRATES/GENRES/World/General World/Balla Et Ses Balladins - Paulette.mp3
/Users/koryjcampbell/Music/CRATES/GENRES/UNASSIGNED/Kory Likes/Bando Jonez - Sex You.mp3	/Users/koryjcampbell/Music/CRATES/GENRES/R&B/2010s R&B/Bando Jonez - Sex You.mp3
/Users/koryjcampbell/Music/CRATES/GENRES/UNASSIGNED/Kory Likes/Bas - Tribe.mp3	/Users/koryjcampbell/Music/CRATES/GENRES/Hip-Hop:Rap/2010s Hip-Hop/Bas - Tribe.mp3
/Users/koryjcampbell/Music/CRATES/GENRES/UNASSIGNED/Kory Likes/Bawo - Starts with a Text.mp3	/Users/koryjcampbell/Music/CRATES/GENRES/Hip-Hop:Rap/2020s Hip-Hop/Bawo - Starts with a Text.mp3
/Users/koryjcampbell/Music/CRATES/GENRES/UNASSIGNED/Kory Likes/Beatchild - Bad Meaning Good.mp3	/Users/koryjcampbell/Music/CRATES/GENRES/Soul/General Soul/Beatchild - Bad Meaning Good.mp3
/Users/koryjcampbell/Music/CRATES/GENRES/UNASSIGNED/Kory Likes/Beatking - Scared (feat. Natalie Nunn) (Remix).mp3	/Users/koryjcampbell/Music/CRATES/GENRES/Hip-Hop:Rap/2020s Hip-Hop/Beatking - Scared (feat. Natalie Nunn) (Remix).mp3
/Users/koryjcampbell/Music/CRATES/GENRES/UNASSIGNED/Kory Likes/Becky G - Hablamos Mañana.mp3	/Users/koryjcampbell/Music/CRATES/GENRES/Latin/Latino Club Bangers/Becky G - Hablamos Mañana.mp3
/Users/koryjcampbell/Music/CRATES/GENRES/UNASSIGNED/Kory Likes/Benny Sings - Summerlude.mp3	/Users/koryjcampbell/Music/CRATES/GENRES/Pop/2010s Pop/Benny Sings - Summerlude.mp3
/Users/koryjcampbell/Music/CRATES/GENRES/UNASSIGNED/Kory Likes/Berlioz - nyc in 1940.mp3	/Users/koryjcampbell/Music/CRATES/GENRES/House/General House/Berlioz - nyc in 1940.mp3
/Users/koryjcampbell/Music/CRATES/GENRES/UNASSIGNED/Kory Likes/Berlioz - ode to rahsaan.mp3	/Users/koryjcampbell/Music/CRATES/GENRES/House/General House/Berlioz - ode to rahsaan.mp3
/Users/koryjcampbell/Music/CRATES/GENRES/UNASSIGNED/Kory Likes/Bertha Tillman - Oh My Angel.mp3	/Users/koryjcampbell/Music/CRATES/GENRES/Soul/General Soul/Bertha Tillman - Oh My Angel.mp3
/Users/koryjcampbell/Music/CRATES/GENRES/UNASSIGNED/Kory Likes/Beyoncé - ALLIIGATOR TEARS.mp3	/Users/koryjcampbell/Music/CRATES/GENRES/Pop/Brat Pop/Beyoncé - ALLIIGATOR TEARS.mp3
/Users/koryjcampbell/Music/CRATES/GENRES/UNASSIGNED/Kory Likes/Beyoncé - BLACKBIIRD.mp3	/Users/koryjcampbell/Music/CRATES/GENRES/Pop/2020s Pop/Beyoncé - BLACKBIIRD.mp3
/Users/koryjcampbell/Music/CRATES/GENRES/UNASSIGNED/Kory Likes/Beyoncé - Blow.mp3	/Users/koryjcampbell/Music/CRATES/GENRES/Pop/Brat Pop/Beyoncé - Blow.mp3
/Users/koryjcampbell/Music/CRATES/GENRES/UNASSIGNED/Kory Likes/Beyoncé - Dangerously In Love.mp3	/Users/koryjcampbell/Music/CRATES/GENRES/Pop/Brat Pop/Beyoncé - Dangerously In Love.mp3
/Users/koryjcampbell/Music/CRATES/GENRES/UNASSIGNED/Kory Likes/Beyoncé - TEXAS HOLD 'EM (PONY UP) REMIX.mp3	/Users/koryjcampbell/Music/CRATES/GENRES/Pop/Brat Pop/Beyoncé - TEXAS HOLD 'EM (PONY UP) REMIX.mp3
/Users/koryjcampbell/Music/CRATES/GENRES/UNASSIGNED/Kory Likes/Beyoncé - Welcome To Hollywood (feat. JAY-Z) (Album Version).mp3	/Users/koryjcampbell/Music/CRATES/GENRES/R&B/2000s R&B/Beyoncé - Welcome To Hollywood (feat. JAY-Z) (Album Version).mp3
/Users/koryjcampbell/Music/CRATES/GENRES/UNASSIGNED/Kory Likes/Big Boi - Intentions.mp3	/Users/koryjcampbell/Music/CRATES/GENRES/Hip-Hop:Rap/2020s Hip-Hop/Big Boi - Intentions.mp3
/Users/koryjcampbell/Music/CRATES/GENRES/UNASSIGNED/Kory Likes/Big Boogie - Pop Out.mp3	/Users/koryjcampbell/Music/CRATES/GENRES/Hip-Hop:Rap/Trap Hip-Hop/Big Boogie - Pop Out.mp3
/Users/koryjcampbell/Music/CRATES/GENRES/UNASSIGNED/Kory Likes/Big Boss Vette - Pretty Girls Walk.mp3	/Users/koryjcampbell/Music/CRATES/GENRES/Hip-Hop:Rap/Trap Hip-Hop/Big Boss Vette - Pretty Girls Walk.mp3
/Users/koryjcampbell/Music/CRATES/GENRES/UNASSIGNED/Kory Likes/Big Hit - Black & Whites.mp3	/Users/koryjcampbell/Music/CRATES/GENRES/Hip-Hop:Rap/2020s Hip-Hop/Big Hit - Black & Whites.mp3
/Users/koryjcampbell/Music/CRATES/GENRES/UNASSIGNED/Kory Likes/Big L - Lifestylez Ov Da Poor & Dangerous.mp3	/Users/koryjcampbell/Music/CRATES/GENRES/Hip-Hop:Rap/1990s Hip-Hop/Big L - Lifestylez Ov Da Poor & Dangerous.mp3
/Users/koryjcampbell/Music/CRATES/GENRES/UNASSIGNED/Kory Likes/Big L - The Heist.mp3	/Users/koryjcampbell/Music/CRATES/GENRES/Hip-Hop:Rap/1990s Hip-Hop/Big L - The Heist.mp3
/Users/koryjcampbell/Music/CRATES/GENRES/UNASSIGNED/Kory Likes/Big Sean - Together Forever (bonus).mp3	/Users/koryjcampbell/Music/CRATES/GENRES/Hip-Hop:Rap/2020s Hip-Hop/Big Sean - Together Forever (bonus).mp3
/Users/koryjcampbell/Music/CRATES/GENRES/UNASSIGNED/Kory Likes/BigXthaPlug - DOPEMAN.mp3	/Users/koryjcampbell/Music/CRATES/GENRES/Hip-Hop:Rap/Trap Hip-Hop/BigXthaPlug - DOPEMAN.mp3
/Users/koryjcampbell/Music/CRATES/GENRES/UNASSIGNED/Kory Likes/Bilal - Something To Hold (Live).mp3	/Users/koryjcampbell/Music/CRATES/GENRES/Soul/Neo Soul/Bilal - Something To Hold (Live).mp3
/Users/koryjcampbell/Music/CRATES/GENRES/UNASSIGNED/Kory Likes/Bilal - Soul Sista (Remix _ From _Queen & Slim_ The Soundtrack_).mp3	/Users/koryjcampbell/Music/CRATES/GENRES/Soul/Neo Soul/Bilal - Soul Sista (Remix _ From _Queen & Slim_ The Soundtrack_).mp3
/Users/koryjcampbell/Music/CRATES/GENRES/UNASSIGNED/Kory Likes/Bill Evans - I Wish I Knew (Album Version).mp3	/Users/koryjcampbell/Music/CRATES/GENRES/Jazz/2010s Jazz/Bill Evans - I Wish I Knew (Album Version).mp3
/Users/koryjcampbell/Music/CRATES/GENRES/UNASSIGNED/Kory Likes/Bill Evans - I'm All Smiles.mp3	/Users/koryjcampbell/Music/CRATES/GENRES/Jazz/1990s Jazz/Bill Evans - I'm All Smiles.mp3
/Users/koryjcampbell/Music/CRATES/GENRES/UNASSIGNED/Kory Likes/Bill Evans - Young And Foolish.mp3	/Users/koryjcampbell/Music/CRATES/GENRES/Jazz/General Jazz/Bill Evans - Young And Foolish.mp3
/Users/koryjcampbell/Music/CRATES/GENRES/UNASSIGNED/Kory Likes/Bill Withers - Grandma's Hands.mp3	/Users/koryjcampbell/Music/CRATES/GENRES/Soul/1970s Soul/Bill Withers - Grandma's Hands.mp3
/Users/koryjcampbell/Music/CRATES/GENRES/UNASSIGNED/Kory Likes/Billy Idol - Flesh For Fantasy.mp3	/Users/koryjcampbell/Music/CRATES/GENRES/Rock/General Rock/Billy Idol - Flesh For Fantasy.mp3
/Users/koryjcampbell/Music/CRATES/GENRES/UNASSIGNED/Kory Likes/Billy Joel - Movin' Out (Anthony's Song).mp3	/Users/koryjcampbell/Music/CRATES/GENRES/Rock/General Rock/Billy Joel - Movin' Out (Anthony's Song).mp3
/Users/koryjcampbell/Music/CRATES/GENRES/UNASSIGNED/Kory Likes/Biscits - Don't Stop.mp3	/Users/koryjcampbell/Music/CRATES/GENRES/House/General House/Biscits - Don't Stop.mp3
/Users/koryjcampbell/Music/CRATES/GENRES/UNASSIGNED/Kory Likes/Bizzle - Lip Biting Animal.mp3	/Users/koryjcampbell/Music/CRATES/GENRES/Hip-Hop:Rap/2000s Hip-Hop/Bizzle - Lip Biting Animal.mp3
/Users/koryjcampbell/Music/CRATES/GENRES/UNASSIGNED/Kory Likes/Black Star - Astronomy (8th Light).mp3	/Users/koryjcampbell/Music/CRATES/GENRES/Hip-Hop:Rap/Boom Bap [Soundcloud]/Black Star - Astronomy (8th Light).mp3
/Users/koryjcampbell/Music/CRATES/GENRES/UNASSIGNED/Kory Likes/Blaqnick - La Maluka.mp3	/Users/koryjcampbell/Music/CRATES/GENRES/Amapiano/General Amapiano/Blaqnick - La Maluka.mp3
/Users/koryjcampbell/Music/CRATES/GENRES/UNASSIGNED/Kory Likes/Blaze - Breathe (Natasha Diggs Remix).mp3	/Users/koryjcampbell/Music/CRATES/GENRES/House/General House/Blaze - Breathe (Natasha Diggs Remix).mp3
/Users/koryjcampbell/Music/CRATES/GENRES/UNASSIGNED/Kory Likes/Bleachers - the van.mp3	/Users/koryjcampbell/Music/CRATES/GENRES/Rock/2020s Indie Rock/Bleachers - the van.mp3
/Users/koryjcampbell/Music/CRATES/GENRES/UNASSIGNED/Kory Likes/Bloc Party - Banquet.mp3	/Users/koryjcampbell/Music/CRATES/GENRES/Rock/2020s Indie Rock/Bloc Party - Banquet.mp3
/Users/koryjcampbell/Music/CRATES/GENRES/UNASSIGNED/Kory Likes/Bloc Party - Helicopter.mp3	/Users/koryjcampbell/Music/CRATES/GENRES/Rock/2020s Indie Rock/Bloc Party - Helicopter.mp3
/Users/koryjcampbell/Music/CRATES/GENRES/UNASSIGNED/Kory Likes/Bloc Party - Like Eating Glass.mp3	/Users/koryjcampbell/Music/CRATES/GENRES/Rock/2020s Indie Rock/Bloc Party - Like Eating Glass.mp3
/Users/koryjcampbell/Music/CRATES/GENRES/UNASSIGNED/Kory Likes/Bloc Party - Luno.mp3	/Users/koryjcampbell/Music/CRATES/GENRES/Rock/2020s Indie Rock/Bloc Party - Luno.mp3
/Users/koryjcampbell/Music/CRATES/GENRES/UNASSIGNED/Kory Likes/Bloc Party - Plans.mp3	/Users/koryjcampbell/Music/CRATES/GENRES/Rock/2020s Indie Rock/Bloc Party - Plans.mp3
/Users/koryjcampbell/Music/CRATES/GENRES/UNASSIGNED/Kory Likes/Bloc Party - Positive Tension.mp3	/Users/koryjcampbell/Music/CRATES/GENRES/Rock/2020s Indie Rock/Bloc Party - Positive Tension.mp3
/Users/koryjcampbell/Music/CRATES/GENRES/UNASSIGNED/Kory Likes/Bloc Party - She's Hearing Voices.mp3	/Users/koryjcampbell/Music/CRATES/GENRES/Rock/2020s Indie Rock/Bloc Party - She's Hearing Voices.mp3
/Users/koryjcampbell/Music/CRATES/GENRES/UNASSIGNED/Kory Likes/Bloc Party - So He Begins to Lie.mp3	/Users/koryjcampbell/Music/CRATES/GENRES/Rock/2020s Indie Rock/Bloc Party - So He Begins to Lie.mp3
/Users/koryjcampbell/Music/CRATES/GENRES/UNASSIGNED/Kory Likes/Bloc Party - So Here We Are.mp3	/Users/koryjcampbell/Music/CRATES/GENRES/Rock/2020s Indie Rock/Bloc Party - So Here We Are.mp3
/Users/koryjcampbell/Music/CRATES/GENRES/UNASSIGNED/Kory Likes/Bloc Party - The Price of Gasoline.mp3	/Users/koryjcampbell/Music/CRATES/GENRES/Rock/2020s Indie Rock/Bloc Party - The Price of Gasoline.mp3
/Users/koryjcampbell/Music/CRATES/GENRES/UNASSIGNED/Kory Likes/Bloc Party - This Modern Love.mp3	/Users/koryjcampbell/Music/CRATES/GENRES/Rock/2020s Indie Rock/Bloc Party - This Modern Love.mp3
/Users/koryjcampbell/Music/CRATES/GENRES/UNASSIGNED/Kory Likes/Blonde Redhead - Girl Boy.mp3	/Users/koryjcampbell/Music/CRATES/GENRES/Rock/2020s Indie Rock/Blonde Redhead - Girl Boy.mp3
/Users/koryjcampbell/Music/CRATES/GENRES/UNASSIGNED/Kory Likes/Blood Orange - I Wanna C U.mp3	/Users/koryjcampbell/Music/CRATES/GENRES/Pop/Brat Pop/Blood Orange - I Wanna C U.mp3
/Users/koryjcampbell/Music/CRATES/GENRES/UNASSIGNED/Kory Likes/Blue Lab Beats - Movement.mp3	/Users/koryjcampbell/Music/CRATES/GENRES/Jazz/2010s Jazz/Blue Lab Beats - Movement.mp3
/Users/koryjcampbell/Music/CRATES/GENRES/UNASSIGNED/Kory Likes/Blxst - Why.mp3	/Users/koryjcampbell/Music/CRATES/GENRES/Pop/Contemporary Pop/Blxst - Why.mp3
/Users/koryjcampbell/Music/CRATES/GENRES/UNASSIGNED/Kory Likes/Bobby Caldwell - Don't Ask My Neighbor.mp3	/Users/koryjcampbell/Music/CRATES/GENRES/R&B/2010s R&B/Bobby Caldwell - Don't Ask My Neighbor.mp3
/Users/koryjcampbell/Music/CRATES/GENRES/UNASSIGNED/Kory Likes/Bobby Caldwell - Game Over.mp3	/Users/koryjcampbell/Music/CRATES/GENRES/Soul/2010s Soul/Bobby Caldwell - Game Over.mp3
/Users/koryjcampbell/Music/CRATES/GENRES/UNASSIGNED/Kory Likes/Bobby Caldwell - My Flame.mp3	/Users/koryjcampbell/Music/CRATES/GENRES/R&B/1990s R&B/Bobby Caldwell - My Flame.mp3
/Users/koryjcampbell/Music/CRATES/GENRES/UNASSIGNED/Kory Likes/Bobby Jaspar - What's New.mp3	/Users/koryjcampbell/Music/CRATES/GENRES/Jazz/2010s Jazz/Bobby Jaspar - What's New.mp3
/Users/koryjcampbell/Music/CRATES/GENRES/UNASSIGNED/Kory Likes/Bobby Thurston - I Know You Feel Like I Feel.mp3	/Users/koryjcampbell/Music/CRATES/GENRES/Disco/Boogie/Bobby Thurston - I Know You Feel Like I Feel.mp3
/Users/koryjcampbell/Music/CRATES/GENRES/UNASSIGNED/Kory Likes/Boldy James - Cartier.mp3	/Users/koryjcampbell/Music/CRATES/GENRES/Hip-Hop:Rap/2020s Hip-Hop/Boldy James - Cartier.mp3
/Users/koryjcampbell/Music/CRATES/GENRES/UNASSIGNED/Kory Likes/Boldy James - Off-White Lumberjack.mp3	/Users/koryjcampbell/Music/CRATES/GENRES/Hip-Hop:Rap/2020s Hip-Hop/Boldy James - Off-White Lumberjack.mp3
/Users/koryjcampbell/Music/CRATES/GENRES/UNASSIGNED/Kory Likes/Bon Iver - Day One.mp3	/Users/koryjcampbell/Music/CRATES/GENRES/Rock/2020s Indie Rock/Bon Iver - Day One.mp3
/Users/koryjcampbell/Music/CRATES/GENRES/UNASSIGNED/Kory Likes/Boogie Down Productions - Super Hoe.mp3	/Users/koryjcampbell/Music/CRATES/GENRES/Hip-Hop:Rap/1980s Hip-Hop/Boogie Down Productions - Super Hoe.mp3
/Users/koryjcampbell/Music/CRATES/GENRES/UNASSIGNED/Kory Likes/Booker Newberry III - Love Town.mp3	/Users/koryjcampbell/Music/CRATES/GENRES/Disco/Boogie/Booker Newberry III - Love Town.mp3
/Users/koryjcampbell/Music/CRATES/GENRES/UNASSIGNED/Kory Likes/Boom Shaka - Thobela.mp3	/Users/koryjcampbell/Music/CRATES/GENRES/House/General House/Boom Shaka - Thobela.mp3
/Users/koryjcampbell/Music/CRATES/GENRES/UNASSIGNED/Kory Likes/Boss Top - Hell Naw.mp3	/Users/koryjcampbell/Music/CRATES/GENRES/Hip-Hop:Rap/Drill Edits/Boss Top - Hell Naw.mp3
/Users/koryjcampbell/Music/CRATES/GENRES/UNASSIGNED/Kory Likes/BossMan Dlow - Big Dawg Status.mp3	/Users/koryjcampbell/Music/CRATES/GENRES/Hip-Hop:Rap/2020s Hip-Hop/BossMan Dlow - Big Dawg Status.mp3
/Users/koryjcampbell/Music/CRATES/GENRES/UNASSIGNED/Kory Likes/BossMan Dlow - Mo Chicken (feat. French Montana).mp3	/Users/koryjcampbell/Music/CRATES/GENRES/Hip-Hop:Rap/2020s Hip-Hop/BossMan Dlow - Mo Chicken (feat. French Montana).mp3
/Users/koryjcampbell/Music/CRATES/GENRES/UNASSIGNED/Kory Likes/BossMan Dlow - You So Pressure.mp3	/Users/koryjcampbell/Music/CRATES/GENRES/Hip-Hop:Rap/2020s Hip-Hop/BossMan Dlow - You So Pressure.mp3
/Users/koryjcampbell/Music/CRATES/GENRES/UNASSIGNED/Kory Likes/Brainstory - Mnemophobia.mp3	/Users/koryjcampbell/Music/CRATES/GENRES/Soul/2010s Soul/Brainstory - Mnemophobia.mp3
/Users/koryjcampbell/Music/CRATES/GENRES/UNASSIGNED/Kory Likes/Brandon Williams - I Love You (feat. Anesha & Casey Benjamin).mp3	/Users/koryjcampbell/Music/CRATES/GENRES/R&B/2010s R&B/Brandon Williams - I Love You (feat. Anesha & Casey Benjamin).mp3
/Users/koryjcampbell/Music/CRATES/GENRES/UNASSIGNED/Kory Likes/Breath of Life Quartet - Your Face I Soon Will See.mp3	/Users/koryjcampbell/Music/CRATES/GENRES/Gospel/General Gospel/Breath of Life Quartet - Your Face I Soon Will See.mp3
/Users/koryjcampbell/Music/CRATES/GENRES/UNASSIGNED/Kory Likes/Brenton Wood - I Like The Way You Love Me.mp3	/Users/koryjcampbell/Music/CRATES/GENRES/Soul/General Soul/Brenton Wood - I Like The Way You Love Me.mp3
/Users/koryjcampbell/Music/CRATES/GENRES/UNASSIGNED/Kory Likes/Brenton Wood - Me And You.mp3	/Users/koryjcampbell/Music/CRATES/GENRES/Soul/General Soul/Brenton Wood - Me And You.mp3
/Users/koryjcampbell/Music/CRATES/GENRES/UNASSIGNED/Kory Likes/Brian McKnight - Love Of My Life.mp3	/Users/koryjcampbell/Music/CRATES/GENRES/Soul/Soulful House/Brian McKnight - Love Of My Life.mp3
/Users/koryjcampbell/Music/CRATES/GENRES/UNASSIGNED/Kory Likes/Brian McKnight - One Last Cry.mp3	/Users/koryjcampbell/Music/CRATES/GENRES/Soul/Soulful House/Brian McKnight - One Last Cry.mp3
/Users/koryjcampbell/Music/CRATES/GENRES/UNASSIGNED/Kory Likes/Brief Encounter - Where Will I Go.mp3	/Users/koryjcampbell/Music/CRATES/GENRES/Soul/1970s Soul/Brief Encounter - Where Will I Go.mp3
/Users/koryjcampbell/Music/CRATES/GENRES/UNASSIGNED/Kory Likes/Brighter Side Of Darkness - Love Jones.mp3	/Users/koryjcampbell/Music/CRATES/GENRES/Soul/1970s Soul/Brighter Side Of Darkness - Love Jones.mp3
/Users/koryjcampbell/Music/CRATES/GENRES/UNASSIGNED/Kory Likes/Brownstone - If You Love Me.mp3	/Users/koryjcampbell/Music/CRATES/GENRES/R&B/1990s R&B/Brownstone - If You Love Me.mp3
/Users/koryjcampbell/Music/CRATES/GENRES/UNASSIGNED/Kory Likes/Bryson Tiller - Attention.mp3	/Users/koryjcampbell/Music/CRATES/GENRES/R&B/2020s R&B/Bryson Tiller - Attention.mp3
/Users/koryjcampbell/Music/CRATES/GENRES/UNASSIGNED/Kory Likes/Bryson Tiller - I Need Her.mp3	/Users/koryjcampbell/Music/CRATES/GENRES/R&B/2020s R&B/Bryson Tiller - I Need Her.mp3
/Users/koryjcampbell/Music/CRATES/GENRES/UNASSIGNED/Kory Likes/Buddy - Like This.mp3	/Users/koryjcampbell/Music/CRATES/GENRES/Hip-Hop:Rap/Contemporary West Coast/Buddy - Like This.mp3
/Users/koryjcampbell/Music/CRATES/GENRES/UNASSIGNED/Kory Likes/Bun B - Git It.mp3	/Users/koryjcampbell/Music/CRATES/GENRES/Hip-Hop:Rap/2010s Hip-Hop/Bun B - Git It.mp3
/Users/koryjcampbell/Music/CRATES/GENRES/UNASSIGNED/Kory Likes/BunnaB - Innit.mp3	/Users/koryjcampbell/Music/CRATES/GENRES/Hip-Hop:Rap/2020s Hip-Hop/BunnaB - Innit.mp3
/Users/koryjcampbell/Music/CRATES/GENRES/UNASSIGNED/Kory Likes/Busta Rhymes - BIG EVERYTHING (feat. DaBaby & T-Pain).mp3	/Users/koryjcampbell/Music/CRATES/GENRES/Hip-Hop:Rap/2020s Hip-Hop/Busta Rhymes - BIG EVERYTHING (feat. DaBaby & T-Pain).mp3
/Users/koryjcampbell/Music/CRATES/GENRES/UNASSIGNED/Kory Likes/Busta Rhymes - Decision (Album Version Explicit).mp3	/Users/koryjcampbell/Music/CRATES/GENRES/Hip-Hop:Rap/2000s Hip-Hop/Busta Rhymes - Decision (Album Version Explicit).mp3
/Users/koryjcampbell/Music/CRATES/GENRES/UNASSIGNED/Kory Likes/Busta Rhymes - What's It Gonna Be (feat. Janet Jackson).mp3	/Users/koryjcampbell/Music/CRATES/GENRES/Hip-Hop:Rap/1990s Hip-Hop/Busta Rhymes - What's It Gonna Be (feat. Janet Jackson).mp3
/Users/koryjcampbell/Music/CRATES/GENRES/UNASSIGNED/Kory Likes/CARRTOONS - Put Me On.mp3	/Users/koryjcampbell/Music/CRATES/GENRES/Soul/2020s Soul/CARRTOONS - Put Me On.mp3
/Users/koryjcampbell/Music/CRATES/GENRES/UNASSIGNED/Kory Likes/CHIC - A Warm Summer Night (2018 Remaster).mp3	/Users/koryjcampbell/Music/CRATES/GENRES/Disco/General Disco/CHIC - A Warm Summer Night (2018 Remaster).mp3
/Users/koryjcampbell/Music/CRATES/GENRES/UNASSIGNED/Kory Likes/CHIC - Savoir Faire (2018 Remaster).mp3	/Users/koryjcampbell/Music/CRATES/GENRES/Disco/1970s Disco/CHIC - Savoir Faire (2018 Remaster).mp3
/Users/koryjcampbell/Music/CRATES/GENRES/UNASSIGNED/Kory Likes/CUBE - Best Feature.mp3	/Users/koryjcampbell/Music/CRATES/GENRES/R&B/2020s R&B/CUBE - Best Feature.mp3
/Users/koryjcampbell/Music/CRATES/GENRES/UNASSIGNED/Kory Likes/Calvin Harris - Blessings.mp3	/Users/koryjcampbell/Music/CRATES/GENRES/Dance/2020s Dance/Calvin Harris - Blessings.mp3
/Users/koryjcampbell/Music/CRATES/GENRES/UNASSIGNED/Kory Likes/Cam'Ron - Welcome To New York City (Album Version Edited).mp3	/Users/koryjcampbell/Music/CRATES/GENRES/Hip-Hop:Rap/East Coast Hip-Hop/Cam'Ron - Welcome To New York City (Album Version Edited).mp3
/Users/koryjcampbell/Music/CRATES/GENRES/UNASSIGNED/Kory Likes/Camila Cabello - HOT UPTOWN.mp3	/Users/koryjcampbell/Music/CRATES/GENRES/Pop/2020s Pop/Camila Cabello - HOT UPTOWN.mp3
/Users/koryjcampbell/Music/CRATES/GENRES/UNASSIGNED/Kory Likes/Camp Lo - Coolie High is Life.mp3	/Users/koryjcampbell/Music/CRATES/GENRES/Hip-Hop:Rap/1990s Hip-Hop/Camp Lo - Coolie High is Life.mp3
/Users/koryjcampbell/Music/CRATES/GENRES/UNASSIGNED/Kory Likes/Camp Lo - Crystals & Istols.mp3	/Users/koryjcampbell/Music/CRATES/GENRES/Hip-Hop:Rap/1990s Hip-Hop/Camp Lo - Crystals & Istols.mp3
/Users/koryjcampbell/Music/CRATES/GENRES/UNASSIGNED/Kory Likes/Camp Lo - World Heist.mp3	/Users/koryjcampbell/Music/CRATES/GENRES/Hip-Hop:Rap/1990s Hip-Hop/Camp Lo - World Heist.mp3
/Users/koryjcampbell/Music/CRATES/GENRES/UNASSIGNED/Kory Likes/Camper - WAITING ON YOU (feat. Tone Stith).mp3	/Users/koryjcampbell/Music/CRATES/GENRES/R&B/2020s R&B/Camper - WAITING ON YOU (feat. Tone Stith).mp3
/Users/koryjcampbell/Music/CRATES/GENRES/UNASSIGNED/Kory Likes/Camper - WAR (feat. Ari Lennox & Jeremih).mp3	/Users/koryjcampbell/Music/CRATES/GENRES/R&B/2020s R&B/Camper - WAR (feat. Ari Lennox & Jeremih).mp3
/Users/koryjcampbell/Music/CRATES/GENRES/UNASSIGNED/Kory Likes/Cardi B - Enough (Miami).mp3	/Users/koryjcampbell/Music/CRATES/GENRES/Latin/Latino Club Bangers/Cardi B - Enough (Miami).mp3
/Users/koryjcampbell/Music/CRATES/GENRES/UNASSIGNED/Kory Likes/Carl Carlton - This Feeling’s Rated X-tra (12_ Version).mp3	/Users/koryjcampbell/Music/CRATES/GENRES/Funk/General Funk/Carl Carlton - This Feeling’s Rated X-tra (12_ Version).mp3
/Users/koryjcampbell/Music/CRATES/GENRES/UNASSIGNED/Kory Likes/Case - Faded Pictures (From The Rush Hour Soundtrack).mp3	/Users/koryjcampbell/Music/CRATES/GENRES/R&B/1990s R&B/Case - Faded Pictures (From The Rush Hour Soundtrack).mp3
/Users/koryjcampbell/Music/CRATES/GENRES/UNASSIGNED/Kory Likes/Cash Cobain - JHOLIDAY 2.mp3	/Users/koryjcampbell/Music/CRATES/GENRES/Hip-Hop:Rap/2020s Hip-Hop/Cash Cobain - JHOLIDAY 2.mp3
/Users/koryjcampbell/Music/CRATES/GENRES/UNASSIGNED/Kory Likes/Cash Cobain - act like.mp3	/Users/koryjcampbell/Music/CRATES/GENRES/Hip-Hop:Rap/2020s Hip-Hop/Cash Cobain - act like.mp3
/Users/koryjcampbell/Music/CRATES/GENRES/UNASSIGNED/Kory Likes/Cash Cobain - all i wanna hear.mp3	/Users/koryjcampbell/Music/CRATES/GENRES/Hip-Hop:Rap/2020s Hip-Hop/Cash Cobain - all i wanna hear.mp3
/Users/koryjcampbell/Music/CRATES/GENRES/UNASSIGNED/Kory Likes/Cash Cobain - dunk contest.mp3	/Users/koryjcampbell/Music/CRATES/GENRES/Hip-Hop:Rap/2020s Hip-Hop/Cash Cobain - dunk contest.mp3
/Users/koryjcampbell/Music/CRATES/GENRES/UNASSIGNED/Kory Likes/Cash Cobain - luv it.mp3	/Users/koryjcampbell/Music/CRATES/GENRES/Hip-Hop:Rap/2020s Hip-Hop/Cash Cobain - luv it.mp3
/Users/koryjcampbell/Music/CRATES/GENRES/UNASSIGNED/Kory Likes/Cash Cobain - message to u.mp3	/Users/koryjcampbell/Music/CRATES/GENRES/Hip-Hop:Rap/2020s Hip-Hop/Cash Cobain - message to u.mp3
/Users/koryjcampbell/Music/CRATES/GENRES/UNASSIGNED/Kory Likes/Cavetown - magic 8 ball.mp3	/Users/koryjcampbell/Music/CRATES/GENRES/Pop/2020s Pop/Cavetown - magic 8 ball.mp3
/Users/koryjcampbell/Music/CRATES/GENRES/UNASSIGNED/Kory Likes/CeCe Winans - At The Cross.mp3	/Users/koryjcampbell/Music/CRATES/GENRES/Gospel/General Gospel/CeCe Winans - At The Cross.mp3
/Users/koryjcampbell/Music/CRATES/GENRES/UNASSIGNED/Kory Likes/Celia Cruz - Plazos Traicioneros.mp3	/Users/koryjcampbell/Music/CRATES/GENRES/Latin/General Latin/Celia Cruz - Plazos Traicioneros.mp3
/Users/koryjcampbell/Music/CRATES/GENRES/UNASSIGNED/Kory Likes/Chaka Khan - And the Melody Still Lingers On (Night in Tunisia) (Night In Tunisia).mp3	/Users/koryjcampbell/Music/CRATES/GENRES/R&B/1980s R&B/Chaka Khan - And the Melody Still Lingers On (Night in Tunisia) (Night In Tunisia).mp3
/Users/koryjcampbell/Music/CRATES/GENRES/UNASSIGNED/Kory Likes/Chaka Khan - I Feel for You.mp3	/Users/koryjcampbell/Music/CRATES/GENRES/R&B/1980s R&B/Chaka Khan - I Feel for You.mp3
/Users/koryjcampbell/Music/CRATES/GENRES/UNASSIGNED/Kory Likes/Chaka Khan - I Know You, I Live You.mp3	/Users/koryjcampbell/Music/CRATES/GENRES/R&B/1980s R&B/Chaka Khan - I Know You, I Live You.mp3
/Users/koryjcampbell/Music/CRATES/GENRES/UNASSIGNED/Kory Likes/Chaka Khan - Love You All My Lifetime.mp3	/Users/koryjcampbell/Music/CRATES/GENRES/R&B/1980s R&B/Chaka Khan - Love You All My Lifetime.mp3
/Users/koryjcampbell/Music/CRATES/GENRES/UNASSIGNED/Kory Likes/Chaka Khan - Papillon (aka Hot Butterfly).mp3	/Users/koryjcampbell/Music/CRATES/GENRES/R&B/1980s R&B/Chaka Khan - Papillon (aka Hot Butterfly).mp3
/Users/koryjcampbell/Music/CRATES/GENRES/UNASSIGNED/Kory Likes/Chaka Khan - Through the Fire.mp3	/Users/koryjcampbell/Music/CRATES/GENRES/R&B/1980s R&B/Chaka Khan - Through the Fire.mp3
/Users/koryjcampbell/Music/CRATES/GENRES/UNASSIGNED/Kory Likes/Chance The Rapper - Buried Alive.mp3	/Users/koryjcampbell/Music/CRATES/GENRES/Hip-Hop:Rap/2010s Hip-Hop/Chance The Rapper - Buried Alive.mp3
/Users/koryjcampbell/Music/CRATES/GENRES/UNASSIGNED/Kory Likes/Chantae Cann - Da da'n Da.mp3	/Users/koryjcampbell/Music/CRATES/GENRES/Soul/2020s Soul/Chantae Cann - Da da'n Da.mp3
/Users/koryjcampbell/Music/CRATES/GENRES/UNASSIGNED/Kory Likes/Chappell Roan - Good Luck, Babe!.mp3	/Users/koryjcampbell/Music/CRATES/GENRES/Pop/Brat Pop/Chappell Roan - Good Luck, Babe!.mp3
/Users/koryjcampbell/Music/CRATES/GENRES/UNASSIGNED/Kory Likes/Charli Baltimore - Down 4 U.mp3	/Users/koryjcampbell/Music/CRATES/GENRES/Hip-Hop:Rap/2000s Hip-Hop/Charli Baltimore - Down 4 U.mp3
/Users/koryjcampbell/Music/CRATES/GENRES/UNASSIGNED/Kory Likes/Charlie Puth - Home.mp3	/Users/koryjcampbell/Music/CRATES/GENRES/Pop/2020s Pop/Charlie Puth - Home.mp3
/Users/koryjcampbell/Music/CRATES/GENRES/UNASSIGNED/Kory Likes/Charlie Puth - New Jersey.mp3	/Users/koryjcampbell/Music/CRATES/GENRES/Pop/2020s Pop/Charlie Puth - New Jersey.mp3
/Users/koryjcampbell/Music/CRATES/GENRES/UNASSIGNED/Kory Likes/Charlie Wilson - Magic.mp3	/Users/koryjcampbell/Music/CRATES/GENRES/R&B/2000s R&B/Charlie Wilson - Magic.mp3
/Users/koryjcampbell/Music/CRATES/GENRES/UNASSIGNED/Kory Likes/Cheryl Lynn - Encore.mp3	/Users/koryjcampbell/Music/CRATES/GENRES/R&B/1980s R&B/Cheryl Lynn - Encore.mp3
/Users/koryjcampbell/Music/CRATES/GENRES/UNASSIGNED/Kory Likes/Chicago - Remember the Feeling (2006 Remaster).mp3	/Users/koryjcampbell/Music/CRATES/GENRES/Rock/General Rock/Chicago - Remember the Feeling (2006 Remaster).mp3
/Users/koryjcampbell/Music/CRATES/GENRES/UNASSIGNED/Kory Likes/Chicago - Stay the Night (2006 Remaster).mp3	/Users/koryjcampbell/Music/CRATES/GENRES/Rock/General Rock/Chicago - Stay the Night (2006 Remaster).mp3
/Users/koryjcampbell/Music/CRATES/GENRES/UNASSIGNED/Kory Likes/Chicago - We Can Stop the Hurtin' (2006 Remaster).mp3	/Users/koryjcampbell/Music/CRATES/GENRES/Rock/General Rock/Chicago - We Can Stop the Hurtin' (2006 Remaster).mp3
/Users/koryjcampbell/Music/CRATES/GENRES/UNASSIGNED/Kory Likes/Chicago - You're the Inspiration (2006 Remaster).mp3	/Users/koryjcampbell/Music/CRATES/GENRES/Rock/General Rock/Chicago - You're the Inspiration (2006 Remaster).mp3
/Users/koryjcampbell/Music/CRATES/GENRES/UNASSIGNED/Kory Likes/Chicago Gangsters - Let Me Go.mp3	/Users/koryjcampbell/Music/CRATES/GENRES/Funk/General Funk/Chicago Gangsters - Let Me Go.mp3
/Users/koryjcampbell/Music/CRATES/GENRES/UNASSIGNED/Kory Likes/Chick Corea - Return To Forever.mp3	/Users/koryjcampbell/Music/CRATES/GENRES/Jazz/General Jazz/Chick Corea - Return To Forever.mp3
/Users/koryjcampbell/Music/CRATES/GENRES/UNASSIGNED/Kory Likes/Chow Lee - GEN5!.mp3	/Users/koryjcampbell/Music/CRATES/GENRES/Hip-Hop:Rap/2020s Hip-Hop/Chow Lee - GEN5!.mp3
/Users/koryjcampbell/Music/CRATES/GENRES/UNASSIGNED/Kory Likes/Chris Brown - Strip (feat. Kevin McCall).mp3	/Users/koryjcampbell/Music/CRATES/GENRES/R&B/2010s R&B/Chris Brown - Strip (feat. Kevin McCall).mp3
/Users/koryjcampbell/Music/CRATES/GENRES/UNASSIGNED/Kory Likes/Chris Brown - Take You Down.mp3	/Users/koryjcampbell/Music/CRATES/GENRES/R&B/2000s R&B/Chris Brown - Take You Down.mp3
/Users/koryjcampbell/Music/CRATES/GENRES/UNASSIGNED/Kory Likes/Chris Patrick - TAKE TIME FOR MYSELF.mp3	/Users/koryjcampbell/Music/CRATES/GENRES/Hip-Hop:Rap/2020s Hip-Hop/Chris Patrick - TAKE TIME FOR MYSELF.mp3
/Users/koryjcampbell/Music/CRATES/GENRES/UNASSIGNED/Kory Likes/Clairo - Amoeba.mp3	/Users/koryjcampbell/Music/CRATES/GENRES/Pop/Contemporary Pop/Clairo - Amoeba.mp3
/Users/koryjcampbell/Music/CRATES/GENRES/UNASSIGNED/Kory Likes/Clairo - Nomad.mp3	/Users/koryjcampbell/Music/CRATES/GENRES/Pop/Contemporary Pop/Clairo - Nomad.mp3
/Users/koryjcampbell/Music/CRATES/GENRES/UNASSIGNED/Kory Likes/Clara Hill - Just Paradise.mp3	/Users/koryjcampbell/Music/CRATES/GENRES/Electronic/General Electronic/Clara Hill - Just Paradise.mp3
/Users/koryjcampbell/Music/CRATES/GENRES/UNASSIGNED/Kory Likes/Clara La San - Don't Worry About It.mp3	/Users/koryjcampbell/Music/CRATES/GENRES/R&B/2020s R&B/Clara La San - Don't Worry About It.mp3
/Users/koryjcampbell/Music/CRATES/GENRES/UNASSIGNED/Kory Likes/Clara La San - Things You Didn't Know (Chopnotslop Remix).mp3	/Users/koryjcampbell/Music/CRATES/GENRES/R&B/2020s R&B/Clara La San - Things You Didn't Know (Chopnotslop Remix).mp3
/Users/koryjcampbell/Music/CRATES/GENRES/UNASSIGNED/Kory Likes/Cleo Sol - Sunshine.mp3	/Users/koryjcampbell/Music/CRATES/GENRES/Soul/Neo Soul/Cleo Sol - Sunshine.mp3
/Users/koryjcampbell/Music/CRATES/GENRES/UNASSIGNED/Kory Likes/Clipse - Ace Trumpets.mp3	/Users/koryjcampbell/Music/CRATES/GENRES/Hip-Hop:Rap/2020s Hip-Hop/Clipse - Ace Trumpets.mp3
/Users/koryjcampbell/Music/CRATES/GENRES/UNASSIGNED/Kory Likes/Coco Jones - Until The End Of Time.mp3	/Users/koryjcampbell/Music/CRATES/GENRES/R&B/2020s R&B/Coco Jones - Until The End Of Time.mp3
/Users/koryjcampbell/Music/CRATES/GENRES/UNASSIGNED/Kory Likes/Commissioned - Running Back to You.mp3	/Users/koryjcampbell/Music/CRATES/GENRES/Gospel/2000s Gospel/Commissioned - Running Back to You.mp3
/Users/koryjcampbell/Music/CRATES/GENRES/UNASSIGNED/Kory Likes/Con Funk Shun - By Your Side.mp3	/Users/koryjcampbell/Music/CRATES/GENRES/Funk/General Funk/Con Funk Shun - By Your Side.mp3
/Users/koryjcampbell/Music/CRATES/GENRES/UNASSIGNED/Kory Likes/Consequence - Don't Forget 'Em (Remix) [feat. Kanye West].mp3	/Users/koryjcampbell/Music/CRATES/GENRES/Hip-Hop:Rap/2010s Hip-Hop/Consequence - Don't Forget 'Em (Remix) [feat. Kanye West].mp3
/Users/koryjcampbell/Music/CRATES/GENRES/UNASSIGNED/Kory Likes/Corinne Bailey Rae - Like A Star.mp3	/Users/koryjcampbell/Music/CRATES/GENRES/Pop/2010s Pop/Corinne Bailey Rae - Like A Star.mp3
/Users/koryjcampbell/Music/CRATES/GENRES/UNASSIGNED/Kory Likes/Cortex - Golden Boy.mp3	/Users/koryjcampbell/Music/CRATES/GENRES/Jazz/General Jazz/Cortex - Golden Boy.mp3
/Users/koryjcampbell/Music/CRATES/GENRES/UNASSIGNED/Kory Likes/Cruza - Brewster.mp3	/Users/koryjcampbell/Music/CRATES/GENRES/R&B/2020s R&B/Cruza - Brewster.mp3
/Users/koryjcampbell/Music/CRATES/GENRES/UNASSIGNED/Kory Likes/Cruza - Creep.mp3	/Users/koryjcampbell/Music/CRATES/GENRES/R&B/2020s R&B/Cruza - Creep.mp3
/Users/koryjcampbell/Music/CRATES/GENRES/UNASSIGNED/Kory Likes/D'Angelo - Africa.mp3	/Users/koryjcampbell/Music/CRATES/GENRES/R&B/1990s R&B/D'Angelo - Africa.mp3
/Users/koryjcampbell/Music/CRATES/GENRES/UNASSIGNED/Kory Likes/D'Angelo - Chicken Grease.mp3	/Users/koryjcampbell/Music/CRATES/GENRES/R&B/1990s R&B/D'Angelo - Chicken Grease.mp3
/Users/koryjcampbell/Music/CRATES/GENRES/UNASSIGNED/Kory Likes/D'Angelo - Cruisin'.mp3	/Users/koryjcampbell/Music/CRATES/GENRES/R&B/1990s R&B/D'Angelo - Cruisin'.mp3
/Users/koryjcampbell/Music/CRATES/GENRES/UNASSIGNED/Kory Likes/D'Angelo - Devil's Pie.mp3	/Users/koryjcampbell/Music/CRATES/GENRES/R&B/1990s R&B/D'Angelo - Devil's Pie.mp3
/Users/koryjcampbell/Music/CRATES/GENRES/UNASSIGNED/Kory Likes/D'Angelo - Feel Like Makin' Love.mp3	/Users/koryjcampbell/Music/CRATES/GENRES/R&B/1990s R&B/D'Angelo - Feel Like Makin' Love.mp3
/Users/koryjcampbell/Music/CRATES/GENRES/UNASSIGNED/Kory Likes/D'Angelo - Greatdayndamornin'_Booty.mp3	/Users/koryjcampbell/Music/CRATES/GENRES/R&B/1990s R&B/D'Angelo - Greatdayndamornin'_Booty.mp3
/Users/koryjcampbell/Music/CRATES/GENRES/UNASSIGNED/Kory Likes/D'Angelo - Left And Right.mp3	/Users/koryjcampbell/Music/CRATES/GENRES/Soul/Neo Soul/D'Angelo - Left And Right.mp3
/Users/koryjcampbell/Music/CRATES/GENRES/UNASSIGNED/Kory Likes/D'Angelo - One Mo'Gin.mp3	/Users/koryjcampbell/Music/CRATES/GENRES/R&B/1990s R&B/D'Angelo - One Mo'Gin.mp3
/Users/koryjcampbell/Music/CRATES/GENRES/UNASSIGNED/Kory Likes/D'Angelo - Playa Playa.mp3	/Users/koryjcampbell/Music/CRATES/GENRES/R&B/1990s R&B/D'Angelo - Playa Playa.mp3
/Users/koryjcampbell/Music/CRATES/GENRES/UNASSIGNED/Kory Likes/D'Angelo - Send It On.mp3	/Users/koryjcampbell/Music/CRATES/GENRES/R&B/1990s R&B/D'Angelo - Send It On.mp3
/Users/koryjcampbell/Music/CRATES/GENRES/UNASSIGNED/Kory Likes/D'Angelo - Shit, Damn, Motherfucker.mp3	/Users/koryjcampbell/Music/CRATES/GENRES/R&B/1990s R&B/D'Angelo - Shit, Damn, Motherfucker.mp3
/Users/koryjcampbell/Music/CRATES/GENRES/UNASSIGNED/Kory Likes/D'Angelo - Spanish Joint.mp3	/Users/koryjcampbell/Music/CRATES/GENRES/R&B/1990s R&B/D'Angelo - Spanish Joint.mp3
/Users/koryjcampbell/Music/CRATES/GENRES/UNASSIGNED/Kory Likes/D'Angelo - The Line.mp3	/Users/koryjcampbell/Music/CRATES/GENRES/R&B/1990s R&B/D'Angelo - The Line.mp3
/Users/koryjcampbell/Music/CRATES/GENRES/UNASSIGNED/Kory Likes/D'Angelo - The Root.mp3	/Users/koryjcampbell/Music/CRATES/GENRES/R&B/1990s R&B/D'Angelo - The Root.mp3
/Users/koryjcampbell/Music/CRATES/GENRES/UNASSIGNED/Kory Likes/D'Angelo - Untitled (How Does It Feel).mp3	/Users/koryjcampbell/Music/CRATES/GENRES/R&B/1990s R&B/D'Angelo - Untitled (How Does It Feel).mp3
/Users/koryjcampbell/Music/CRATES/GENRES/UNASSIGNED/Kory Likes/D-Influence - Hypnotize.mp3	/Users/koryjcampbell/Music/CRATES/GENRES/R&B/1990s R&B/D-Influence - Hypnotize.mp3
/Users/koryjcampbell/Music/CRATES/GENRES/UNASSIGNED/Kory Likes/D.J. Rogers - (It's Alright Now) Think I'll Make It Anyhow.mp3	/Users/koryjcampbell/Music/CRATES/GENRES/Soul/1970s Soul/D.J. Rogers - (It's Alright Now) Think I'll Make It Anyhow.mp3
/Users/koryjcampbell/Music/CRATES/GENRES/UNASSIGNED/Kory Likes/D.J. Rogers - It's Good to Be Alive.mp3	/Users/koryjcampbell/Music/CRATES/GENRES/Soul/1970s Soul/D.J. Rogers - It's Good to Be Alive.mp3
/Users/koryjcampbell/Music/CRATES/GENRES/UNASSIGNED/Kory Likes/D.J. Rogers - Say You Love Me.mp3	/Users/koryjcampbell/Music/CRATES/GENRES/Soul/1970s Soul/D.J. Rogers - Say You Love Me.mp3
/Users/koryjcampbell/Music/CRATES/GENRES/UNASSIGNED/Kory Likes/D12 - Shit On You.mp3	/Users/koryjcampbell/Music/CRATES/GENRES/Hip-Hop:Rap/Midwest Hip-Hop/D12 - Shit On You.mp3
/Users/koryjcampbell/Music/CRATES/GENRES/UNASSIGNED/Kory Likes/DIXSON - RIDER.mp3	/Users/koryjcampbell/Music/CRATES/GENRES/R&B/2020s R&B/DIXSON - RIDER.mp3
/Users/koryjcampbell/Music/CRATES/GENRES/UNASSIGNED/Kory Likes/DJ Class - Baltimore City.mp3	/Users/koryjcampbell/Music/CRATES/GENRES/Club/General Club/DJ Class - Baltimore City.mp3
/Users/koryjcampbell/Music/CRATES/GENRES/UNASSIGNED/Kory Likes/DJ Delish - RODE THAT (Ha).mp3	/Users/koryjcampbell/Music/CRATES/GENRES/Club/General Club/DJ Delish - RODE THAT (Ha).mp3
/Users/koryjcampbell/Music/CRATES/GENRES/UNASSIGNED/Kory Likes/DJ Harrison - Let Me Know.mp3	/Users/koryjcampbell/Music/CRATES/GENRES/Funk/General Funk/DJ Harrison - Let Me Know.mp3
/Users/koryjcampbell/Music/CRATES/GENRES/UNASSIGNED/Kory Likes/DJ LeSoul - Funa Wena.mp3	/Users/koryjcampbell/Music/CRATES/GENRES/House/General House/DJ LeSoul - Funa Wena.mp3
/Users/koryjcampbell/Music/CRATES/GENRES/UNASSIGNED/Kory Likes/DJ Maphorisa - Abantwana Bakho (feat. Thatohatsi, Young Stunna & Nkosazana Daughter).mp3	/Users/koryjcampbell/Music/CRATES/GENRES/Amapiano/General Amapiano/DJ Maphorisa - Abantwana Bakho (feat. Thatohatsi, Young Stunna & Nkosazana Daughter).mp3
/Users/koryjcampbell/Music/CRATES/GENRES/UNASSIGNED/Kory Likes/DJ Sliink - I Love U.mp3	/Users/koryjcampbell/Music/CRATES/GENRES/Club/Jersey Club [Soundcloud]/DJ Sliink - I Love U.mp3
/Users/koryjcampbell/Music/CRATES/GENRES/UNASSIGNED/Kory Likes/DJ Swisha - HOW U FEELIN.mp3	/Users/koryjcampbell/Music/CRATES/GENRES/Club/Jersey Club [Soundcloud]/DJ Swisha - HOW U FEELIN.mp3
/Users/koryjcampbell/Music/CRATES/GENRES/UNASSIGNED/Kory Likes/DJ Taz - That's Right (LP Mix).mp3	/Users/koryjcampbell/Music/CRATES/GENRES/Hip-Hop:Rap/1990s Hip-Hop/DJ Taz - That's Right (LP Mix).mp3
/Users/koryjcampbell/Music/CRATES/GENRES/UNASSIGNED/Kory Likes/DJ Zigão - Te Maceto Depois Do Baile.mp3	/Users/koryjcampbell/Music/CRATES/GENRES/Baile/General Baile/DJ Zigão - Te Maceto Depois Do Baile.mp3
/Users/koryjcampbell/Music/CRATES/GENRES/UNASSIGNED/Kory Likes/DaBaby - POP DAT THANG.mp3	/Users/koryjcampbell/Music/CRATES/GENRES/Hip-Hop:Rap/2010s Hip-Hop/DaBaby - POP DAT THANG.mp3
/Users/koryjcampbell/Music/CRATES/GENRES/UNASSIGNED/Kory Likes/Daniel Caesar - Best Part (feat. H.E.R.).mp3	/Users/koryjcampbell/Music/CRATES/GENRES/R&B/2010s R&B/Daniel Caesar - Best Part (feat. H.E.R.).mp3
/Users/koryjcampbell/Music/CRATES/GENRES/UNASSIGNED/Kory Likes/Daniel Caesar - Get You (feat. Kali Uchis).mp3	/Users/koryjcampbell/Music/CRATES/GENRES/R&B/2010s R&B/Daniel Caesar - Get You (feat. Kali Uchis).mp3
/Users/koryjcampbell/Music/CRATES/GENRES/UNASSIGNED/Kory Likes/Daryl Coley - He's Preparing Me.mp3	/Users/koryjcampbell/Music/CRATES/GENRES/Gospel/1990s Gospel/Daryl Coley - He's Preparing Me.mp3
/Users/koryjcampbell/Music/CRATES/GENRES/UNASSIGNED/Kory Likes/Daryl Hall & John Oates - I'm Just a Kid (Don't Make Me Feel Like a Man).mp3	/Users/koryjcampbell/Music/CRATES/GENRES/Pop/Brat Pop/Daryl Hall & John Oates - I'm Just a Kid (Don't Make Me Feel Like a Man).mp3
/Users/koryjcampbell/Music/CRATES/GENRES/UNASSIGNED/Kory Likes/Dave Anthony - I Feel For You (Yoruba Soul Mix).mp3	/Users/koryjcampbell/Music/CRATES/GENRES/House/General House/Dave Anthony - I Feel For You (Yoruba Soul Mix).mp3
/Users/koryjcampbell/Music/CRATES/GENRES/UNASSIGNED/Kory Likes/Dave Blunts - CRYING IN THE KITCHEN.mp3	/Users/koryjcampbell/Music/CRATES/GENRES/Hip-Hop:Rap/2020s Hip-Hop/Dave Blunts - CRYING IN THE KITCHEN.mp3
/Users/koryjcampbell/Music/CRATES/GENRES/UNASSIGNED/Kory Likes/Dave Blunts - Hey Curtis.mp3	/Users/koryjcampbell/Music/CRATES/GENRES/Hip-Hop:Rap/2020s Hip-Hop/Dave Blunts - Hey Curtis.mp3
/Users/koryjcampbell/Music/CRATES/GENRES/UNASSIGNED/Kory Likes/Dave Blunts - The Cup.mp3	/Users/koryjcampbell/Music/CRATES/GENRES/Hip-Hop:Rap/2020s Hip-Hop/Dave Blunts - The Cup.mp3
/Users/koryjcampbell/Music/CRATES/GENRES/UNASSIGNED/Kory Likes/Dave Hollister - Spend The Night.mp3	/Users/koryjcampbell/Music/CRATES/GENRES/R&B/1990s R&B/Dave Hollister - Spend The Night.mp3
/Users/koryjcampbell/Music/CRATES/GENRES/UNASSIGNED/Kory Likes/David Banner - Play (Album Version Edited).mp3	/Users/koryjcampbell/Music/CRATES/GENRES/Hip-Hop:Rap/2000s Hip-Hop/David Banner - Play (Album Version Edited).mp3
/Users/koryjcampbell/Music/CRATES/GENRES/UNASSIGNED/Kory Likes/David Bowie - Space Oddity (2015 Remaster).mp3	/Users/koryjcampbell/Music/CRATES/GENRES/Rock/General Rock/David Bowie - Space Oddity (2015 Remaster).mp3
/Users/koryjcampbell/Music/CRATES/GENRES/UNASSIGNED/Kory Likes/David Ruffin - Can We Make Love One More Time.mp3	/Users/koryjcampbell/Music/CRATES/GENRES/Soul/1970s Soul/David Ruffin - Can We Make Love One More Time.mp3
/Users/koryjcampbell/Music/CRATES/GENRES/UNASSIGNED/Kory Likes/Daz Dillinger - It's So On.mp3	/Users/koryjcampbell/Music/CRATES/GENRES/Hip-Hop:Rap/Contemporary West Coast/Daz Dillinger - It's So On.mp3
/Users/koryjcampbell/Music/CRATES/GENRES/UNASSIGNED/Kory Likes/DcVybe - '4Ever'.mp3	/Users/koryjcampbell/Music/CRATES/GENRES/GoGo/General GoGo/DcVybe - '4Ever'.mp3
/Users/koryjcampbell/Music/CRATES/GENRES/UNASSIGNED/Kory Likes/De La Soul - A Quick 16 for Mama.mp3	/Users/koryjcampbell/Music/CRATES/GENRES/Hip-Hop:Rap/2020s Hip-Hop/De La Soul - A Quick 16 for Mama.mp3
/Users/koryjcampbell/Music/CRATES/GENRES/UNASSIGNED/Kory Likes/De La Soul - Breakadawn (Live Version).mp3	/Users/koryjcampbell/Music/CRATES/GENRES/Hip-Hop:Rap/1990s Hip-Hop/De La Soul - Breakadawn (Live Version).mp3
/Users/koryjcampbell/Music/CRATES/GENRES/UNASSIGNED/Kory Likes/De La Soul - Cruel Summers Bring FIRE LIFE!!.mp3	/Users/koryjcampbell/Music/CRATES/GENRES/Hip-Hop:Rap/2020s Hip-Hop/De La Soul - Cruel Summers Bring FIRE LIFE!!.mp3
/Users/koryjcampbell/Music/CRATES/GENRES/UNASSIGNED/Kory Likes/De La Soul - Day In The Sun (Gettin' wit U).mp3	/Users/koryjcampbell/Music/CRATES/GENRES/Hip-Hop:Rap/2020s Hip-Hop/De La Soul - Day In The Sun (Gettin' wit U).mp3
/Users/koryjcampbell/Music/CRATES/GENRES/UNASSIGNED/Kory Likes/De La Soul - Run It Back!!.mp3	/Users/koryjcampbell/Music/CRATES/GENRES/Hip-Hop:Rap/2020s Hip-Hop/De La Soul - Run It Back!!.mp3
/Users/koryjcampbell/Music/CRATES/GENRES/UNASSIGNED/Kory Likes/De'Sean Jones - Pressure (Mixed).mp3	/Users/koryjcampbell/Music/CRATES/GENRES/House/General House/De'Sean Jones - Pressure (Mixed).mp3
/Users/koryjcampbell/Music/CRATES/GENRES/UNASSIGNED/Kory Likes/DeBarge - Queen Of My Heart.mp3	/Users/koryjcampbell/Music/CRATES/GENRES/R&B/1980s R&B/DeBarge - Queen Of My Heart.mp3
/Users/koryjcampbell/Music/CRATES/GENRES/UNASSIGNED/Kory Likes/Dear Silas - Mikolton (Dat's My Dawg).mp3	/Users/koryjcampbell/Music/CRATES/GENRES/Hip-Hop:Rap/2020s Hip-Hop/Dear Silas - Mikolton (Dat's My Dawg).mp3
/Users/koryjcampbell/Music/CRATES/GENRES/UNASSIGNED/Kory Likes/Dear Silas - Nasty Work.mp3	/Users/koryjcampbell/Music/CRATES/GENRES/Hip-Hop:Rap/2020s Hip-Hop/Dear Silas - Nasty Work.mp3
/Users/koryjcampbell/Music/CRATES/GENRES/UNASSIGNED/Kory Likes/Debbie Deb - When I Hear Music.mp3	/Users/koryjcampbell/Music/CRATES/GENRES/Dance/2010s Dance/Debbie Deb - When I Hear Music.mp3
/Users/koryjcampbell/Music/CRATES/GENRES/UNASSIGNED/Kory Likes/Debonair Samir - Samir's Theme.mp3	/Users/koryjcampbell/Music/CRATES/GENRES/Club/General Club/Debonair Samir - Samir's Theme.mp3
/Users/koryjcampbell/Music/CRATES/GENRES/UNASSIGNED/Kory Likes/Dee Billz - Beckham.mp3	/Users/koryjcampbell/Music/CRATES/GENRES/Hip-Hop:Rap/NY Drill/Dee Billz - Beckham.mp3
/Users/koryjcampbell/Music/CRATES/GENRES/UNASSIGNED/Kory Likes/Deniece Williams - Free (Single Version).mp3	/Users/koryjcampbell/Music/CRATES/GENRES/Soul/1970s Soul/Deniece Williams - Free (Single Version).mp3
/Users/koryjcampbell/Music/CRATES/GENRES/UNASSIGNED/Kory Likes/Dennis Brown - Love Has Found Its Way.mp3	/Users/koryjcampbell/Music/CRATES/GENRES/Reggae/General Reggae/Dennis Brown - Love Has Found Its Way.mp3
/Users/koryjcampbell/Music/CRATES/GENRES/UNASSIGNED/Kory Likes/Deodato - Take the _A_ Train.mp3	/Users/koryjcampbell/Music/CRATES/GENRES/Jazz/General Jazz/Deodato - Take the _A_ Train.mp3
/Users/koryjcampbell/Music/CRATES/GENRES/UNASSIGNED/Kory Likes/Destin Conrad - BAD BITCHES.mp3	/Users/koryjcampbell/Music/CRATES/GENRES/R&B/2020s R&B/Destin Conrad - BAD BITCHES.mp3
/Users/koryjcampbell/Music/CRATES/GENRES/UNASSIGNED/Kory Likes/Destin Conrad - KISSING IN PUBLIC.mp3	/Users/koryjcampbell/Music/CRATES/GENRES/R&B/2020s R&B/Destin Conrad - KISSING IN PUBLIC.mp3
/Users/koryjcampbell/Music/CRATES/GENRES/UNASSIGNED/Kory Likes/Destiny's Child - Cater 2 U (Storch Remix Edit).mp3	/Users/koryjcampbell/Music/CRATES/GENRES/R&B/2000s R&B/Destiny's Child - Cater 2 U (Storch Remix Edit).mp3
/Users/koryjcampbell/Music/CRATES/GENRES/UNASSIGNED/Kory Likes/Destiny's Child - Cater 2 U.mp3	/Users/koryjcampbell/Music/CRATES/GENRES/Pop/1990s Pop/Destiny's Child - Cater 2 U.mp3
/Users/koryjcampbell/Music/CRATES/GENRES/UNASSIGNED/Kory Likes/Destiny's Child - Say My Name (feat. Static) (Timbaland Remix).mp3	/Users/koryjcampbell/Music/CRATES/GENRES/R&B/2010s R&B/Destiny's Child - Say My Name (feat. Static) (Timbaland Remix).mp3
/Users/koryjcampbell/Music/CRATES/GENRES/UNASSIGNED/Kory Likes/Destroy Lonely - SHIP HER OFF.mp3	/Users/koryjcampbell/Music/CRATES/GENRES/Hip-Hop:Rap/Trap Hip-Hop/Destroy Lonely - SHIP HER OFF.mp3
/Users/koryjcampbell/Music/CRATES/GENRES/UNASSIGNED/Kory Likes/Devin Morrison - AMOR.mp3	/Users/koryjcampbell/Music/CRATES/GENRES/R&B/2020s R&B/Devin Morrison - AMOR.mp3
/Users/koryjcampbell/Music/CRATES/GENRES/UNASSIGNED/Kory Likes/Devin Morrison - Adia.mp3	/Users/koryjcampbell/Music/CRATES/GENRES/Soul/Neo Soul/Devin Morrison - Adia.mp3
/Users/koryjcampbell/Music/CRATES/GENRES/UNASSIGNED/Kory Likes/Devin Morrison - Anita Valentine.mp3	/Users/koryjcampbell/Music/CRATES/GENRES/Soul/Neo Soul/Devin Morrison - Anita Valentine.mp3
/Users/koryjcampbell/Music/CRATES/GENRES/UNASSIGNED/Kory Likes/Devin Morrison - Cinema.mp3	/Users/koryjcampbell/Music/CRATES/GENRES/Soul/Neo Soul/Devin Morrison - Cinema.mp3
/Users/koryjcampbell/Music/CRATES/GENRES/UNASSIGNED/Kory Likes/Devin Morrison - Fairytale.mp3	/Users/koryjcampbell/Music/CRATES/GENRES/R&B/2010s R&B/Devin Morrison - Fairytale.mp3
/Users/koryjcampbell/Music/CRATES/GENRES/UNASSIGNED/Kory Likes/Devin Morrison - Luna.mp3	/Users/koryjcampbell/Music/CRATES/GENRES/Soul/Neo Soul/Devin Morrison - Luna.mp3
/Users/koryjcampbell/Music/CRATES/GENRES/UNASSIGNED/Kory Likes/Devin Morrison - Pump The Blood.mp3	/Users/koryjcampbell/Music/CRATES/GENRES/Soul/Neo Soul/Devin Morrison - Pump The Blood.mp3
/Users/koryjcampbell/Music/CRATES/GENRES/UNASSIGNED/Kory Likes/Devin Morrison - Veronica Flair.mp3	/Users/koryjcampbell/Music/CRATES/GENRES/R&B/2020s R&B/Devin Morrison - Veronica Flair.mp3
/Users/koryjcampbell/Music/CRATES/GENRES/UNASSIGNED/Kory Likes/Devine Carama - Modern Day Calligraphy (feat. AZ & JK-47).mp3	/Users/koryjcampbell/Music/CRATES/GENRES/Hip-Hop:Rap/2020s Hip-Hop/Devine Carama - Modern Day Calligraphy (feat. AZ & JK-47).mp3
/Users/koryjcampbell/Music/CRATES/GENRES/UNASSIGNED/Kory Likes/Dexta Daps - Shabba Madda Pot.mp3	/Users/koryjcampbell/Music/CRATES/GENRES/Dancehall/General Dancehall/Dexta Daps - Shabba Madda Pot.mp3
/Users/koryjcampbell/Music/CRATES/GENRES/UNASSIGNED/Kory Likes/Dexter Wansel - The Sweetest Pain.mp3	/Users/koryjcampbell/Music/CRATES/GENRES/Soul/1970s Soul/Dexter Wansel - The Sweetest Pain.mp3
/Users/koryjcampbell/Music/CRATES/GENRES/UNASSIGNED/Kory Likes/Diam's - Confessions Nocturnes.mp3	/Users/koryjcampbell/Music/CRATES/GENRES/Hip-Hop:Rap/2000s Hip-Hop/Diam's - Confessions Nocturnes.mp3
/Users/koryjcampbell/Music/CRATES/GENRES/UNASSIGNED/Kory Likes/Diana Ross - Missing You.mp3	/Users/koryjcampbell/Music/CRATES/GENRES/R&B/1980s R&B/Diana Ross - Missing You.mp3
/Users/koryjcampbell/Music/CRATES/GENRES/UNASSIGNED/Kory Likes/Digable Planets - Dog It.mp3	/Users/koryjcampbell/Music/CRATES/GENRES/Hip-Hop:Rap/1990s Hip-Hop/Digable Planets - Dog It.mp3
/Users/koryjcampbell/Music/CRATES/GENRES/UNASSIGNED/Kory Likes/Dijon - Yamaha.mp3	/Users/koryjcampbell/Music/CRATES/GENRES/Pop/Bedroom Pop/Dijon - Yamaha.mp3
/Users/koryjcampbell/Music/CRATES/GENRES/UNASSIGNED/Kory Likes/Dionne Farris - Hopeless (From the New Line Cinema Film, _Love Jones_).mp3	/Users/koryjcampbell/Music/CRATES/GENRES/R&B/1990s R&B/Dionne Farris - Hopeless (From the New Line Cinema Film, _Love Jones_).mp3
/Users/koryjcampbell/Music/CRATES/GENRES/UNASSIGNED/Kory Likes/Dionne Warwick - A House Is Not a Home (French & English Version).mp3	/Users/koryjcampbell/Music/CRATES/GENRES/Soul/2020s Soul/Dionne Warwick - A House Is Not a Home (French & English Version).mp3
/Users/koryjcampbell/Music/CRATES/GENRES/UNASSIGNED/Kory Likes/Dj Malvado - Mussulo (feat. Doddy).mp3	/Users/koryjcampbell/Music/CRATES/GENRES/House/General House/Dj Malvado - Mussulo (feat. Doddy).mp3
/Users/koryjcampbell/Music/CRATES/GENRES/UNASSIGNED/Kory Likes/Djsneverendingstory - You Saved Me.mp3	/Users/koryjcampbell/Music/CRATES/GENRES/Club/Jersey Club [Soundcloud]/Djsneverendingstory - You Saved Me.mp3
/Users/koryjcampbell/Music/CRATES/GENRES/UNASSIGNED/Kory Likes/Dlala Thukzin - Ama Gear (Edit).mp3	/Users/koryjcampbell/Music/CRATES/GENRES/Amapiano/General Amapiano/Dlala Thukzin - Ama Gear (Edit).mp3
/Users/koryjcampbell/Music/CRATES/GENRES/UNASSIGNED/Kory Likes/Dlala Thukzin - Dali.mp3	/Users/koryjcampbell/Music/CRATES/GENRES/Amapiano/General Amapiano/Dlala Thukzin - Dali.mp3
/Users/koryjcampbell/Music/CRATES/GENRES/UNASSIGNED/Kory Likes/Dlala Thukzin - Sohlala Sisonke.mp3	/Users/koryjcampbell/Music/CRATES/GENRES/Amapiano/General Amapiano/Dlala Thukzin - Sohlala Sisonke.mp3
/Users/koryjcampbell/Music/CRATES/GENRES/UNASSIGNED/Kory Likes/Doechii - Alter Ego (KAYTRANADA Remix).mp3	/Users/koryjcampbell/Music/CRATES/GENRES/Dance/2020s Dance/Doechii - Alter Ego (KAYTRANADA Remix).mp3
/Users/koryjcampbell/Music/CRATES/GENRES/UNASSIGNED/Kory Likes/Doechii - Alter Ego.mp3	/Users/koryjcampbell/Music/CRATES/GENRES/Hip-Hop:Rap/2020s Hip-Hop/Doechii - Alter Ego.mp3
/Users/koryjcampbell/Music/CRATES/GENRES/UNASSIGNED/Kory Likes/Doechii - NISSAN ALTIMA.mp3	/Users/koryjcampbell/Music/CRATES/GENRES/Hip-Hop:Rap/2020s Hip-Hop/Doechii - NISSAN ALTIMA.mp3
/Users/koryjcampbell/Music/CRATES/GENRES/UNASSIGNED/Kory Likes/Doechii - ROCKET.mp3	/Users/koryjcampbell/Music/CRATES/GENRES/Hip-Hop:Rap/2020s Hip-Hop/Doechii - ROCKET.mp3
/Users/koryjcampbell/Music/CRATES/GENRES/UNASSIGNED/Kory Likes/Doja Cat - Agora Hills.mp3	/Users/koryjcampbell/Music/CRATES/GENRES/Pop/2020s Pop/Doja Cat - Agora Hills.mp3
/Users/koryjcampbell/Music/CRATES/GENRES/UNASSIGNED/Kory Likes/Doja Cat - Payday (feat. Young Thug).mp3	/Users/koryjcampbell/Music/CRATES/GENRES/Pop/2020s Pop/Doja Cat - Payday (feat. Young Thug).mp3
/Users/koryjcampbell/Music/CRATES/GENRES/UNASSIGNED/Kory Likes/Doja Cat - Streets.mp3	/Users/koryjcampbell/Music/CRATES/GENRES/Pop/2010s Pop/Doja Cat - Streets.mp3
/Users/koryjcampbell/Music/CRATES/GENRES/UNASSIGNED/Kory Likes/Domani - Forever Lasting Pt. 2.mp3	/Users/koryjcampbell/Music/CRATES/GENRES/Hip-Hop:Rap/2020s Hip-Hop/Domani - Forever Lasting Pt. 2.mp3
/Users/koryjcampbell/Music/CRATES/GENRES/UNASSIGNED/Kory Likes/Don Toliver - BANDIT.mp3	/Users/koryjcampbell/Music/CRATES/GENRES/Hip-Hop:Rap/2020s Hip-Hop/Don Toliver - BANDIT.mp3
/Users/koryjcampbell/Music/CRATES/GENRES/UNASSIGNED/Kory Likes/Don Toliver - GEEKED UP (FEAT. YEAT).mp3	/Users/koryjcampbell/Music/CRATES/GENRES/Hip-Hop:Rap/Trap Hip-Hop/Don Toliver - GEEKED UP (FEAT. YEAT).mp3
/Users/koryjcampbell/Music/CRATES/GENRES/UNASSIGNED/Kory Likes/Don Toliver - NEW DROP.mp3	/Users/koryjcampbell/Music/CRATES/GENRES/Hip-Hop:Rap/2020s Hip-Hop/Don Toliver - NEW DROP.mp3
/Users/koryjcampbell/Music/CRATES/GENRES/UNASSIGNED/Kory Likes/Donell Jones - Have You Seen Her.mp3	/Users/koryjcampbell/Music/CRATES/GENRES/R&B/1990s R&B/Donell Jones - Have You Seen Her.mp3
/Users/koryjcampbell/Music/CRATES/GENRES/UNASSIGNED/Kory Likes/Donna Summer - Can't Get To Sleep At Night.mp3	/Users/koryjcampbell/Music/CRATES/GENRES/Disco/General Disco/Donna Summer - Can't Get To Sleep At Night.mp3
/Users/koryjcampbell/Music/CRATES/GENRES/UNASSIGNED/Kory Likes/Donna Summer - Mystery of Love (Le Flex _Summer Mystery_ Remix).mp3	/Users/koryjcampbell/Music/CRATES/GENRES/Disco/General Disco/Donna Summer - Mystery of Love (Le Flex _Summer Mystery_ Remix).mp3
/Users/koryjcampbell/Music/CRATES/GENRES/UNASSIGNED/Kory Likes/Donna Summer - Stop, Look And Listen.mp3	/Users/koryjcampbell/Music/CRATES/GENRES/Disco/General Disco/Donna Summer - Stop, Look And Listen.mp3
/Users/koryjcampbell/Music/CRATES/GENRES/UNASSIGNED/Kory Likes/Dorothy Moore - Misty Blue.mp3	/Users/koryjcampbell/Music/CRATES/GENRES/Soul/1970s Soul/Dorothy Moore - Misty Blue.mp3
/Users/koryjcampbell/Music/CRATES/GENRES/UNASSIGNED/Kory Likes/Dpat - Pray For Me.mp3	/Users/koryjcampbell/Music/CRATES/GENRES/Future Beats/General Future Beats/Dpat - Pray For Me.mp3
/Users/koryjcampbell/Music/CRATES/GENRES/UNASSIGNED/Kory Likes/Dr. Buzzard's Original Savannah Band - Nocturnal Interludes.mp3	/Users/koryjcampbell/Music/CRATES/GENRES/Disco/1970s Disco/Dr. Buzzard's Original Savannah Band - Nocturnal Interludes.mp3
/Users/koryjcampbell/Music/CRATES/GENRES/UNASSIGNED/Kory Likes/Drake - BRIAN STEEL.mp3	/Users/koryjcampbell/Music/CRATES/GENRES/Hip-Hop:Rap/2010s Hip-Hop/Drake - BRIAN STEEL.mp3
/Users/koryjcampbell/Music/CRATES/GENRES/UNASSIGNED/Kory Likes/Drake - Circadian Rhythm.mp3	/Users/koryjcampbell/Music/CRATES/GENRES/Hip-Hop:Rap/2010s Hip-Hop/Drake - Circadian Rhythm.mp3
/Users/koryjcampbell/Music/CRATES/GENRES/UNASSIGNED/Kory Likes/Drake - Family Matters.mp3	/Users/koryjcampbell/Music/CRATES/GENRES/Hip-Hop:Rap/2010s Hip-Hop/Drake - Family Matters.mp3
/Users/koryjcampbell/Music/CRATES/GENRES/UNASSIGNED/Kory Likes/Drake - Flight's Booked.mp3	/Users/koryjcampbell/Music/CRATES/GENRES/Hip-Hop:Rap/2010s Hip-Hop/Drake - Flight's Booked.mp3
/Users/koryjcampbell/Music/CRATES/GENRES/UNASSIGNED/Kory Likes/Drake - GIMME A HUG.mp3	/Users/koryjcampbell/Music/CRATES/GENRES/Hip-Hop:Rap/2010s Hip-Hop/Drake - GIMME A HUG.mp3
/Users/koryjcampbell/Music/CRATES/GENRES/UNASSIGNED/Kory Likes/Drake - Massive.mp3	/Users/koryjcampbell/Music/CRATES/GENRES/Hip-Hop:Rap/2010s Hip-Hop/Drake - Massive.mp3
/Users/koryjcampbell/Music/CRATES/GENRES/UNASSIGNED/Kory Likes/Drake - NOKIA.mp3	/Users/koryjcampbell/Music/CRATES/GENRES/Hip-Hop:Rap/2010s Hip-Hop/Drake - NOKIA.mp3
/Users/koryjcampbell/Music/CRATES/GENRES/UNASSIGNED/Kory Likes/Drake - SMALL TOWN FAME.mp3	/Users/koryjcampbell/Music/CRATES/GENRES/Hip-Hop:Rap/2010s Hip-Hop/Drake - SMALL TOWN FAME.mp3
/Users/koryjcampbell/Music/CRATES/GENRES/UNASSIGNED/Kory Likes/Drake - Texts Go Green.mp3	/Users/koryjcampbell/Music/CRATES/GENRES/Hip-Hop:Rap/2010s Hip-Hop/Drake - Texts Go Green.mp3
/Users/koryjcampbell/Music/CRATES/GENRES/UNASSIGNED/Kory Likes/Drake - Yebba’s Heartbreak.mp3	/Users/koryjcampbell/Music/CRATES/GENRES/R&B/2020s R&B/Drake - Yebba’s Heartbreak.mp3
/Users/koryjcampbell/Music/CRATES/GENRES/UNASSIGNED/Kory Likes/Dream - Mr. Telephone Man.mp3	/Users/koryjcampbell/Music/CRATES/GENRES/Pop/1990s Pop/Dream - Mr. Telephone Man.mp3
/Users/koryjcampbell/Music/CRATES/GENRES/UNASSIGNED/Kory Likes/Dru Hill - These Are The Times.mp3	/Users/koryjcampbell/Music/CRATES/GENRES/Hip-Hop:Rap/1990s Hip-Hop/Dru Hill - These Are The Times.mp3
/Users/koryjcampbell/Music/CRATES/GENRES/UNASSIGNED/Kory Likes/Durand Bernarr - H.I. (feat. Devin Tracy).mp3	/Users/koryjcampbell/Music/CRATES/GENRES/R&B/2020s R&B/Durand Bernarr - H.I. (feat. Devin Tracy).mp3
/Users/koryjcampbell/Music/CRATES/GENRES/UNASSIGNED/Kory Likes/Durand Bernarr - Neutral.mp3	/Users/koryjcampbell/Music/CRATES/GENRES/R&B/2020s R&B/Durand Bernarr - Neutral.mp3
/Users/koryjcampbell/Music/CRATES/GENRES/UNASSIGNED/Kory Likes/Durand Bernarr - No Business.mp3	/Users/koryjcampbell/Music/CRATES/GENRES/R&B/2020s R&B/Durand Bernarr - No Business.mp3
/Users/koryjcampbell/Music/CRATES/GENRES/UNASSIGNED/Kory Likes/Durand Jones & The Indications - Cruisin to the Park.mp3	/Users/koryjcampbell/Music/CRATES/GENRES/Soul/2010s Soul/Durand Jones & The Indications - Cruisin to the Park.mp3
/Users/koryjcampbell/Music/CRATES/GENRES/UNASSIGNED/Kory Likes/Dwele - Hold On (Remix).mp3	/Users/koryjcampbell/Music/CRATES/GENRES/Soul/Neo Soul/Dwele - Hold On (Remix).mp3
/Users/koryjcampbell/Music/CRATES/GENRES/UNASSIGNED/Kory Likes/Dylan Sinclair - Squeeze.mp3	/Users/koryjcampbell/Music/CRATES/GENRES/R&B/2020s R&B/Dylan Sinclair - Squeeze.mp3
/Users/koryjcampbell/Music/CRATES/GENRES/UNASSIGNED/Kory Likes/E.U. - Da Butt.mp3	/Users/koryjcampbell/Music/CRATES/GENRES/GoGo/General GoGo/E.U. - Da Butt.mp3
/Users/koryjcampbell/Music/CRATES/GENRES/UNASSIGNED/Kory Likes/ERISTHEPLANET - 345 (GET IT).mp3	/Users/koryjcampbell/Music/CRATES/GENRES/Hip-Hop:Rap/2020s Hip-Hop/ERISTHEPLANET - 345 (GET IT).mp3
/Users/koryjcampbell/Music/CRATES/GENRES/UNASSIGNED/Kory Likes/EST Gee - GEESKI mode 11am FINISHED.mp3	/Users/koryjcampbell/Music/CRATES/GENRES/Hip-Hop:Rap/2020s Hip-Hop/EST Gee - GEESKI mode 11am FINISHED.mp3
/Users/koryjcampbell/Music/CRATES/GENRES/UNASSIGNED/Kory Likes/ESTA. - too fast.mp3	/Users/koryjcampbell/Music/CRATES/GENRES/Future Beats/General Future Beats/ESTA. - too fast.mp3
/Users/koryjcampbell/Music/CRATES/GENRES/UNASSIGNED/Kory Likes/Eamon - Fuck It (I Don't Want You Back).mp3	/Users/koryjcampbell/Music/CRATES/GENRES/R&B/2000s R&B/Eamon - Fuck It (I Don't Want You Back).mp3
/Users/koryjcampbell/Music/CRATES/GENRES/UNASSIGNED/Kory Likes/Eamon - On & On.mp3	/Users/koryjcampbell/Music/CRATES/GENRES/R&B/2000s R&B/Eamon - On & On.mp3
/Users/koryjcampbell/Music/CRATES/GENRES/UNASSIGNED/Kory Likes/Earl Klugh - Dance With Me.mp3	/Users/koryjcampbell/Music/CRATES/GENRES/Jazz/1990s Jazz/Earl Klugh - Dance With Me.mp3
/Users/koryjcampbell/Music/CRATES/GENRES/UNASSIGNED/Kory Likes/Eazy-E - Any Last Werdz.mp3	/Users/koryjcampbell/Music/CRATES/GENRES/Hip-Hop:Rap/1980s Hip-Hop/Eazy-E - Any Last Werdz.mp3
/Users/koryjcampbell/Music/CRATES/GENRES/UNASSIGNED/Kory Likes/Eazy-E - Eazy-Duz-It.mp3	/Users/koryjcampbell/Music/CRATES/GENRES/Hip-Hop:Rap/Contemporary West Coast/Eazy-E - Eazy-Duz-It.mp3
/Users/koryjcampbell/Music/CRATES/GENRES/UNASSIGNED/Kory Likes/Eazy-E - It's On.mp3	/Users/koryjcampbell/Music/CRATES/GENRES/Hip-Hop:Rap/1980s Hip-Hop/Eazy-E - It's On.mp3
/Users/koryjcampbell/Music/CRATES/GENRES/UNASSIGNED/Kory Likes/Eban Brown - Caught up in the Rapture.mp3	/Users/koryjcampbell/Music/CRATES/GENRES/R&B/2010s R&B/Eban Brown - Caught up in the Rapture.mp3
/Users/koryjcampbell/Music/CRATES/GENRES/UNASSIGNED/Kory Likes/Ebi Soda - Something to Do in the Future.mp3	/Users/koryjcampbell/Music/CRATES/GENRES/Jazz/General Jazz/Ebi Soda - Something to Do in the Future.mp3
/Users/koryjcampbell/Music/CRATES/GENRES/UNASSIGNED/Kory Likes/Eem Triplin - If I Wanted To.mp3	/Users/koryjcampbell/Music/CRATES/GENRES/Hip-Hop:Rap/2020s Hip-Hop/Eem Triplin - If I Wanted To.mp3
/Users/koryjcampbell/Music/CRATES/GENRES/UNASSIGNED/Kory Likes/Ego Ella May - What We Do.mp3	/Users/koryjcampbell/Music/CRATES/GENRES/Soul/Neo Soul/Ego Ella May - What We Do.mp3
/Users/koryjcampbell/Music/CRATES/GENRES/UNASSIGNED/Kory Likes/El Cousteau - New Red.mp3	/Users/koryjcampbell/Music/CRATES/GENRES/Hip-Hop:Rap/2020s Hip-Hop/El Cousteau - New Red.mp3
/Users/koryjcampbell/Music/CRATES/GENRES/UNASSIGNED/Kory Likes/El DeBarge - Lay With You.mp3	/Users/koryjcampbell/Music/CRATES/GENRES/R&B/2010s R&B/El DeBarge - Lay With You.mp3
/Users/koryjcampbell/Music/CRATES/GENRES/UNASSIGNED/Kory Likes/Electrik Red - So Good (Album Version Explicit).mp3	/Users/koryjcampbell/Music/CRATES/GENRES/R&B/2000s R&B/Electrik Red - So Good (Album Version Explicit).mp3
/Users/koryjcampbell/Music/CRATES/GENRES/UNASSIGNED/Kory Likes/Elmiene - By Now.mp3	/Users/koryjcampbell/Music/CRATES/GENRES/R&B/2020s R&B/Elmiene - By Now.mp3
/Users/koryjcampbell/Music/CRATES/GENRES/UNASSIGNED/Kory Likes/Elmiene - Cry Against The Wind.mp3	/Users/koryjcampbell/Music/CRATES/GENRES/R&B/2020s R&B/Elmiene - Cry Against The Wind.mp3
/Users/koryjcampbell/Music/CRATES/GENRES/UNASSIGNED/Kory Likes/Elmiene - Damage Control.mp3	/Users/koryjcampbell/Music/CRATES/GENRES/R&B/2020s R&B/Elmiene - Damage Control.mp3
/Users/koryjcampbell/Music/CRATES/GENRES/UNASSIGNED/Kory Likes/Elmiene - Light By The Window.mp3	/Users/koryjcampbell/Music/CRATES/GENRES/Soul/2020s Soul/Elmiene - Light By The Window.mp3
/Users/koryjcampbell/Music/CRATES/GENRES/UNASSIGNED/Kory Likes/Elmiene - So Into You (Live From Brussels).mp3	/Users/koryjcampbell/Music/CRATES/GENRES/R&B/2020s R&B/Elmiene - So Into You (Live From Brussels).mp3
/Users/koryjcampbell/Music/CRATES/GENRES/UNASSIGNED/Kory Likes/Elmiene - Useless (Without You).mp3	/Users/koryjcampbell/Music/CRATES/GENRES/R&B/2020s R&B/Elmiene - Useless (Without You).mp3
/Users/koryjcampbell/Music/CRATES/GENRES/UNASSIGNED/Kory Likes/Elton John - Rocket Man (I Think It's Going To Be A Long, Long Time).mp3	/Users/koryjcampbell/Music/CRATES/GENRES/Rock/General Rock/Elton John - Rocket Man (I Think It's Going To Be A Long, Long Time).mp3
/Users/koryjcampbell/Music/CRATES/GENRES/UNASSIGNED/Kory Likes/Elton John - Your Song.mp3	/Users/koryjcampbell/Music/CRATES/GENRES/Rock/General Rock/Elton John - Your Song.mp3
/Users/koryjcampbell/Music/CRATES/GENRES/UNASSIGNED/Kory Likes/Elujay - Natural.mp3	/Users/koryjcampbell/Music/CRATES/GENRES/R&B/2020s R&B/Elujay - Natural.mp3
/Users/koryjcampbell/Music/CRATES/GENRES/UNASSIGNED/Kory Likes/Emahoy Tsege Mariam Gebru - The Homeless Wanderer.mp3	/Users/koryjcampbell/Music/CRATES/GENRES/World/Ethiopian/Emahoy Tsege Mariam Gebru - The Homeless Wanderer.mp3
/Users/koryjcampbell/Music/CRATES/GENRES/UNASSIGNED/Kory Likes/Emotional Oranges - HOT OUTSIDE (feat. Anycia).mp3	/Users/koryjcampbell/Music/CRATES/GENRES/R&B/2020s R&B/Emotional Oranges - HOT OUTSIDE (feat. Anycia).mp3
/Users/koryjcampbell/Music/CRATES/GENRES/UNASSIGNED/Kory Likes/Enoch Light - You Showed Me.mp3	/Users/koryjcampbell/Music/CRATES/GENRES/Pop/General Pop/Enoch Light - You Showed Me.mp3
/Users/koryjcampbell/Music/CRATES/GENRES/UNASSIGNED/Kory Likes/Eric Benet - Spend My Life with You (Instrumental) [Kevin 'KD' Davis Remix].mp3	/Users/koryjcampbell/Music/CRATES/GENRES/R&B/1990s R&B/Eric Benet - Spend My Life with You (Instrumental) [Kevin 'KD' Davis Remix].mp3
/Users/koryjcampbell/Music/CRATES/GENRES/UNASSIGNED/Kory Likes/Eric Benet - Spend My Life with You (Remix) [feat. Tamia].mp3	/Users/koryjcampbell/Music/CRATES/GENRES/R&B/1990s R&B/Eric Benet - Spend My Life with You (Remix) [feat. Tamia].mp3
/Users/koryjcampbell/Music/CRATES/GENRES/UNASSIGNED/Kory Likes/Erykah Badu - Didn't Cha Know.mp3	/Users/koryjcampbell/Music/CRATES/GENRES/Soul/Neo Soul/Erykah Badu - Didn't Cha Know.mp3
/Users/koryjcampbell/Music/CRATES/GENRES/UNASSIGNED/Kory Likes/Erykah Badu - Gone Baby, Don't Be Long.mp3	/Users/koryjcampbell/Music/CRATES/GENRES/Soul/Neo Soul/Erykah Badu - Gone Baby, Don't Be Long.mp3
/Users/koryjcampbell/Music/CRATES/GENRES/UNASSIGNED/Kory Likes/Erykah Badu - Love Of My Life (An Ode To Hip Hop).mp3	/Users/koryjcampbell/Music/CRATES/GENRES/Soul/Neo Soul/Erykah Badu - Love Of My Life (An Ode To Hip Hop).mp3
/Users/koryjcampbell/Music/CRATES/GENRES/UNASSIGNED/Kory Likes/Erykah Badu - Other Side Of The Game (Live).mp3	/Users/koryjcampbell/Music/CRATES/GENRES/Soul/Neo Soul/Erykah Badu - Other Side Of The Game (Live).mp3
/Users/koryjcampbell/Music/CRATES/GENRES/UNASSIGNED/Kory Likes/Erykah Badu - Searching (Live).mp3	/Users/koryjcampbell/Music/CRATES/GENRES/Soul/Neo Soul/Erykah Badu - Searching (Live).mp3
/Users/koryjcampbell/Music/CRATES/GENRES/UNASSIGNED/Kory Likes/Erykah Badu - Stay (Live).mp3	/Users/koryjcampbell/Music/CRATES/GENRES/Soul/Neo Soul/Erykah Badu - Stay (Live).mp3
/Users/koryjcampbell/Music/CRATES/GENRES/UNASSIGNED/Kory Likes/Erykah Badu - Umm Hmm (Album Version).mp3	/Users/koryjcampbell/Music/CRATES/GENRES/Soul/Neo Soul/Erykah Badu - Umm Hmm (Album Version).mp3
/Users/koryjcampbell/Music/CRATES/GENRES/UNASSIGNED/Kory Likes/Estelle - American Boy (Soul Seekerz Club Remix).mp3	/Users/koryjcampbell/Music/CRATES/GENRES/House/General House/Estelle - American Boy (Soul Seekerz Club Remix).mp3
/Users/koryjcampbell/Music/CRATES/GENRES/UNASSIGNED/Kory Likes/Estelle - More Than Friends.mp3	/Users/koryjcampbell/Music/CRATES/GENRES/R&B/2000s R&B/Estelle - More Than Friends.mp3
/Users/koryjcampbell/Music/CRATES/GENRES/UNASSIGNED/Kory Likes/Evanescence - Everybody's Fool.mp3	/Users/koryjcampbell/Music/CRATES/GENRES/Pop/2010s Pop/Evanescence - Everybody's Fool.mp3
/Users/koryjcampbell/Music/CRATES/GENRES/UNASSIGNED/Kory Likes/Ex-Girlfriend - You For Me.mp3	/Users/koryjcampbell/Music/CRATES/GENRES/R&B/1990s R&B/Ex-Girlfriend - You For Me.mp3
/Users/koryjcampbell/Music/CRATES/GENRES/UNASSIGNED/Kory Likes/Ezel - Forest Gump.mp3	/Users/koryjcampbell/Music/CRATES/GENRES/House/Soulful House/Ezel - Forest Gump.mp3
/Users/koryjcampbell/Music/CRATES/GENRES/UNASSIGNED/Kory Likes/Ezel - UR in Control (ZHM Radio Edit).mp3	/Users/koryjcampbell/Music/CRATES/GENRES/House/Soulful House/Ezel - UR in Control (ZHM Radio Edit).mp3
/Users/koryjcampbell/Music/CRATES/GENRES/UNASSIGNED/Kory Likes/Ezra Collective - God Gave Me Feet For Dancing (feat. Yazmin Lacey).mp3	/Users/koryjcampbell/Music/CRATES/GENRES/Jazz/General Jazz/Ezra Collective - God Gave Me Feet For Dancing (feat. Yazmin Lacey).mp3
/Users/koryjcampbell/Music/CRATES/GENRES/UNASSIGNED/Kory Likes/Ezra Collective - No One's Watching Me (feat. Olivia Dean).mp3	/Users/koryjcampbell/Music/CRATES/GENRES/Jazz/General Jazz/Ezra Collective - No One's Watching Me (feat. Olivia Dean).mp3
/Users/koryjcampbell/Music/CRATES/GENRES/UNASSIGNED/Kory Likes/FLO - Walk Like This.mp3	/Users/koryjcampbell/Music/CRATES/GENRES/Dance/2020s Dance/FLO - Walk Like This.mp3
/Users/koryjcampbell/Music/CRATES/GENRES/UNASSIGNED/Kory Likes/FPZIN22 - EU VOU DANÇANDO SEM VOCÊ TAMBORZADA.mp3	/Users/koryjcampbell/Music/CRATES/GENRES/Baile/General Baile/FPZIN22 - EU VOU DANÇANDO SEM VOCÊ TAMBORZADA.mp3
/Users/koryjcampbell/Music/CRATES/GENRES/UNASSIGNED/Kory Likes/Fabolous - Young'n.mp3	/Users/koryjcampbell/Music/CRATES/GENRES/Hip-Hop:Rap/2000s Hip-Hop/Fabolous - Young'n.mp3
/Users/koryjcampbell/Music/CRATES/GENRES/UNASSIGNED/Kory Likes/Fat Joe - We Thuggin' (feat. R. Kelly).mp3	/Users/koryjcampbell/Music/CRATES/GENRES/Hip-Hop:Rap/2000s Hip-Hop/Fat Joe - We Thuggin' (feat. R. Kelly).mp3
/Users/koryjcampbell/Music/CRATES/GENRES/UNASSIGNED/Kory Likes/Fatback Band - Backstrokin'.mp3	/Users/koryjcampbell/Music/CRATES/GENRES/Disco/Boogie/Fatback Band - Backstrokin'.mp3
/Users/koryjcampbell/Music/CRATES/GENRES/UNASSIGNED/Kory Likes/Father MC - Treat Them Like They Want To Be Treated.mp3	/Users/koryjcampbell/Music/CRATES/GENRES/Hip-Hop:Rap/1990s Hip-Hop/Father MC - Treat Them Like They Want To Be Treated.mp3
/Users/koryjcampbell/Music/CRATES/GENRES/UNASSIGNED/Kory Likes/Feid - TRANKAITO.mp3	/Users/koryjcampbell/Music/CRATES/GENRES/Latin/Latino Club Bangers/Feid - TRANKAITO.mp3
/Users/koryjcampbell/Music/CRATES/GENRES/UNASSIGNED/Kory Likes/Femdot - Bishop Ford.mp3	/Users/koryjcampbell/Music/CRATES/GENRES/Hip-Hop:Rap/2020s Hip-Hop/Femdot - Bishop Ford.mp3
/Users/koryjcampbell/Music/CRATES/GENRES/UNASSIGNED/Kory Likes/Flagboy Giz - We Outside - A COLORS SHOW.mp3	/Users/koryjcampbell/Music/CRATES/GENRES/Hip-Hop:Rap/2020s Hip-Hop/Flagboy Giz - We Outside - A COLORS SHOW.mp3
/Users/koryjcampbell/Music/CRATES/GENRES/UNASSIGNED/Kory Likes/Flo Milli - Never Lose Me.mp3	/Users/koryjcampbell/Music/CRATES/GENRES/Hip-Hop:Rap/2020s Hip-Hop/Flo Milli - Never Lose Me.mp3
/Users/koryjcampbell/Music/CRATES/GENRES/UNASSIGNED/Kory Likes/Floetry - Say Yes.mp3	/Users/koryjcampbell/Music/CRATES/GENRES/Soul/Neo Soul/Floetry - Say Yes.mp3
/Users/koryjcampbell/Music/CRATES/GENRES/UNASSIGNED/Kory Likes/Floyd Fuji - SATURDAY.mp3	/Users/koryjcampbell/Music/CRATES/GENRES/R&B/2020s R&B/Floyd Fuji - SATURDAY.mp3
/Users/koryjcampbell/Music/CRATES/GENRES/UNASSIGNED/Kory Likes/Flwr Chyld - BitterSweet.mp3	/Users/koryjcampbell/Music/CRATES/GENRES/R&B/2020s R&B/Flwr Chyld - BitterSweet.mp3
/Users/koryjcampbell/Music/CRATES/GENRES/UNASSIGNED/Kory Likes/Flwr Chyld - ForeverNear.mp3	/Users/koryjcampbell/Music/CRATES/GENRES/R&B/2020s R&B/Flwr Chyld - ForeverNear.mp3
/Users/koryjcampbell/Music/CRATES/GENRES/UNASSIGNED/Kory Likes/Fly Anakin - Level Up (Intermission).mp3	/Users/koryjcampbell/Music/CRATES/GENRES/Hip-Hop:Rap/Boom Bap [Soundcloud]/Fly Anakin - Level Up (Intermission).mp3
/Users/koryjcampbell/Music/CRATES/GENRES/UNASSIGNED/Kory Likes/Flyana Boss - Candyman.mp3	/Users/koryjcampbell/Music/CRATES/GENRES/Hip-Hop:Rap/2020s Hip-Hop/Flyana Boss - Candyman.mp3
/Users/koryjcampbell/Music/CRATES/GENRES/UNASSIGNED/Kory Likes/Foggieraw - Love Don’t Cost A Thing.mp3	/Users/koryjcampbell/Music/CRATES/GENRES/Hip-Hop:Rap/2020s Hip-Hop/Foggieraw - Love Don’t Cost A Thing.mp3
/Users/koryjcampbell/Music/CRATES/GENRES/UNASSIGNED/Kory Likes/Foster Sylvers - I'm Your Puppet.mp3	/Users/koryjcampbell/Music/CRATES/GENRES/Soul/1970s Soul/Foster Sylvers - I'm Your Puppet.mp3
/Users/koryjcampbell/Music/CRATES/GENRES/UNASSIGNED/Kory Likes/Fousheé - Deep End.mp3	/Users/koryjcampbell/Music/CRATES/GENRES/R&B/2020s R&B/Fousheé - Deep End.mp3
/Users/koryjcampbell/Music/CRATES/GENRES/UNASSIGNED/Kory Likes/Fred Hammond - A Closer Walk.mp3	/Users/koryjcampbell/Music/CRATES/GENRES/Gospel/2000s Gospel/Fred Hammond - A Closer Walk.mp3
/Users/koryjcampbell/Music/CRATES/GENRES/UNASSIGNED/Kory Likes/Fred Hammond - We're Blessed.mp3	/Users/koryjcampbell/Music/CRATES/GENRES/Gospel/2000s Gospel/Fred Hammond - We're Blessed.mp3
/Users/koryjcampbell/Music/CRATES/GENRES/UNASSIGNED/Kory Likes/Fred Hammond - You Are My Daily Bread.mp3	/Users/koryjcampbell/Music/CRATES/GENRES/Gospel/2000s Gospel/Fred Hammond - You Are My Daily Bread.mp3
/Users/koryjcampbell/Music/CRATES/GENRES/UNASSIGNED/Kory Likes/Fred again.. - fear less.mp3	/Users/koryjcampbell/Music/CRATES/GENRES/Electronic/General Electronic/Fred again.. - fear less.mp3
/Users/koryjcampbell/Music/CRATES/GENRES/UNASSIGNED/Kory Likes/Freda Payne - I Get High (On Your Memory).mp3	/Users/koryjcampbell/Music/CRATES/GENRES/Soul/1970s Soul/Freda Payne - I Get High (On Your Memory).mp3
/Users/koryjcampbell/Music/CRATES/GENRES/UNASSIGNED/Kory Likes/Freddie Gibbs - Black Illuminati (feat. Jadakiss).mp3	/Users/koryjcampbell/Music/CRATES/GENRES/Hip-Hop:Rap/2020s Hip-Hop/Freddie Gibbs - Black Illuminati (feat. Jadakiss).mp3
/Users/koryjcampbell/Music/CRATES/GENRES/UNASSIGNED/Kory Likes/Freddie Gibbs - God Is Perfect.mp3	/Users/koryjcampbell/Music/CRATES/GENRES/Hip-Hop:Rap/2020s Hip-Hop/Freddie Gibbs - God Is Perfect.mp3
/Users/koryjcampbell/Music/CRATES/GENRES/UNASSIGNED/Kory Likes/Freddie Gibbs - Gold Feet.mp3	/Users/koryjcampbell/Music/CRATES/GENRES/Hip-Hop:Rap/2020s Hip-Hop/Freddie Gibbs - Gold Feet.mp3
/Users/koryjcampbell/Music/CRATES/GENRES/UNASSIGNED/Kory Likes/Freddie Gibbs - Rabbit Island.mp3	/Users/koryjcampbell/Music/CRATES/GENRES/Hip-Hop:Rap/2020s Hip-Hop/Freddie Gibbs - Rabbit Island.mp3
/Users/koryjcampbell/Music/CRATES/GENRES/UNASSIGNED/Kory Likes/Freddie Gibbs - Scottie Beam.mp3	/Users/koryjcampbell/Music/CRATES/GENRES/Hip-Hop:Rap/2020s Hip-Hop/Freddie Gibbs - Scottie Beam.mp3
/Users/koryjcampbell/Music/CRATES/GENRES/UNASSIGNED/Kory Likes/Freddie Gibbs - Something to Rap About.mp3	/Users/koryjcampbell/Music/CRATES/GENRES/Hip-Hop:Rap/2020s Hip-Hop/Freddie Gibbs - Something to Rap About.mp3
/Users/koryjcampbell/Music/CRATES/GENRES/UNASSIGNED/Kory Likes/Freddie Gibbs - Wolverine.mp3	/Users/koryjcampbell/Music/CRATES/GENRES/Hip-Hop:Rap/2020s Hip-Hop/Freddie Gibbs - Wolverine.mp3
/Users/koryjcampbell/Music/CRATES/GENRES/UNASSIGNED/Kory Likes/Freddie McGregor - Natural Collie.mp3	/Users/koryjcampbell/Music/CRATES/GENRES/Reggae/1990s Reggaeton/Freddie McGregor - Natural Collie.mp3
/Users/koryjcampbell/Music/CRATES/GENRES/UNASSIGNED/Kory Likes/Freeway - Flipside (Album Version Edited).mp3	/Users/koryjcampbell/Music/CRATES/GENRES/Hip-Hop:Rap/2000s Hip-Hop/Freeway - Flipside (Album Version Edited).mp3
/Users/koryjcampbell/Music/CRATES/GENRES/UNASSIGNED/Kory Likes/Funkadelic - One Nation Under a Groove.mp3	/Users/koryjcampbell/Music/CRATES/GENRES/Funk/General Funk/Funkadelic - One Nation Under a Groove.mp3
/Users/koryjcampbell/Music/CRATES/GENRES/UNASSIGNED/Kory Likes/Future - Move That Dope (feat. Pharrell, Pusha T & Casino).mp3	/Users/koryjcampbell/Music/CRATES/GENRES/Hip-Hop:Rap/Trap Hip-Hop/Future - Move That Dope (feat. Pharrell, Pusha T & Casino).mp3
/Users/koryjcampbell/Music/CRATES/GENRES/UNASSIGNED/Kory Likes/Future - READY TO COOK UP.mp3	/Users/koryjcampbell/Music/CRATES/GENRES/Hip-Hop:Rap/2010s Hip-Hop/Future - READY TO COOK UP.mp3
/Users/koryjcampbell/Music/CRATES/GENRES/UNASSIGNED/Kory Likes/Future - We Still Don't Trust You.mp3	/Users/koryjcampbell/Music/CRATES/GENRES/Hip-Hop:Rap/Trap Hip-Hop/Future - We Still Don't Trust You.mp3
/Users/koryjcampbell/Music/CRATES/GENRES/UNASSIGNED/Kory Likes/Gallant - 311! (feat. Terrace Martin, Robert Glasper & Keyon Harrold).mp3	/Users/koryjcampbell/Music/CRATES/GENRES/R&B/2020s R&B/Gallant - 311! (feat. Terrace Martin, Robert Glasper & Keyon Harrold).mp3
/Users/koryjcampbell/Music/CRATES/GENRES/UNASSIGNED/Kory Likes/Gareth Donkin - Never Gonna Break Your Heart.mp3	/Users/koryjcampbell/Music/CRATES/GENRES/R&B/2020s R&B/Gareth Donkin - Never Gonna Break Your Heart.mp3
/Users/koryjcampbell/Music/CRATES/GENRES/UNASSIGNED/Kory Likes/Gareth Donkin - Nobody’s Perfect.mp3	/Users/koryjcampbell/Music/CRATES/GENRES/R&B/2020s R&B/Gareth Donkin - Nobody’s Perfect.mp3
/Users/koryjcampbell/Music/CRATES/GENRES/UNASSIGNED/Kory Likes/Gareth Donkin - Tell Me Something.mp3	/Users/koryjcampbell/Music/CRATES/GENRES/R&B/2020s R&B/Gareth Donkin - Tell Me Something.mp3
/Users/koryjcampbell/Music/CRATES/GENRES/UNASSIGNED/Kory Likes/Garland Green - Jealous Kind Of Fella.mp3	/Users/koryjcampbell/Music/CRATES/GENRES/Soul/2010s Soul/Garland Green - Jealous Kind Of Fella.mp3
/Users/koryjcampbell/Music/CRATES/GENRES/UNASSIGNED/Kory Likes/Gaz - Sing Sing.mp3	/Users/koryjcampbell/Music/CRATES/GENRES/Disco/1970s Disco/Gaz - Sing Sing.mp3
/Users/koryjcampbell/Music/CRATES/GENRES/UNASSIGNED/Kory Likes/Gene Harris - Feeling You, Feeling Me Too!.mp3	/Users/koryjcampbell/Music/CRATES/GENRES/Jazz/2010s Jazz/Gene Harris - Feeling You, Feeling Me Too!.mp3
/Users/koryjcampbell/Music/CRATES/GENRES/UNASSIGNED/Kory Likes/George Duke - For Love (I Come Your Friend).mp3	/Users/koryjcampbell/Music/CRATES/GENRES/Funk/2020s Funk/George Duke - For Love (I Come Your Friend).mp3
/Users/koryjcampbell/Music/CRATES/GENRES/UNASSIGNED/Kory Likes/Georgia Anne Muldrow - Ciao.mp3	/Users/koryjcampbell/Music/CRATES/GENRES/Soul/Neo Soul/Georgia Anne Muldrow - Ciao.mp3
/Users/koryjcampbell/Music/CRATES/GENRES/UNASSIGNED/Kory Likes/Georgia Anne Muldrow - King Shit (Say Word) (Instrumental).mp3	/Users/koryjcampbell/Music/CRATES/GENRES/Soul/Neo Soul/Georgia Anne Muldrow - King Shit (Say Word) (Instrumental).mp3
/Users/koryjcampbell/Music/CRATES/GENRES/UNASSIGNED/Kory Likes/Georgia Anne Muldrow - Overload.mp3	/Users/koryjcampbell/Music/CRATES/GENRES/Soul/Neo Soul/Georgia Anne Muldrow - Overload.mp3
/Users/koryjcampbell/Music/CRATES/GENRES/UNASSIGNED/Kory Likes/Georgia Anne Muldrow - Speakervision.mp3	/Users/koryjcampbell/Music/CRATES/GENRES/Soul/Neo Soul/Georgia Anne Muldrow - Speakervision.mp3
/Users/koryjcampbell/Music/CRATES/GENRES/UNASSIGNED/Kory Likes/Georgia Anne Muldrow - Wu Punk.mp3	/Users/koryjcampbell/Music/CRATES/GENRES/Soul/Neo Soul/Georgia Anne Muldrow - Wu Punk.mp3
/Users/koryjcampbell/Music/CRATES/GENRES/UNASSIGNED/Kory Likes/Ghostface Killah - Clyde Smith.mp3	/Users/koryjcampbell/Music/CRATES/GENRES/Hip-Hop:Rap/1990s Hip-Hop/Ghostface Killah - Clyde Smith.mp3
/Users/koryjcampbell/Music/CRATES/GENRES/UNASSIGNED/Kory Likes/Ghostface Killah - Holla.mp3	/Users/koryjcampbell/Music/CRATES/GENRES/Hip-Hop:Rap/1990s Hip-Hop/Ghostface Killah - Holla.mp3
/Users/koryjcampbell/Music/CRATES/GENRES/UNASSIGNED/Kory Likes/Ghostface Killah - Mighty Healthy.mp3	/Users/koryjcampbell/Music/CRATES/GENRES/Hip-Hop:Rap/1990s Hip-Hop/Ghostface Killah - Mighty Healthy.mp3
/Users/koryjcampbell/Music/CRATES/GENRES/UNASSIGNED/Kory Likes/Ghostface Killah - No Face.mp3	/Users/koryjcampbell/Music/CRATES/GENRES/Hip-Hop:Rap/East Coast Hip-Hop/Ghostface Killah - No Face.mp3
/Users/koryjcampbell/Music/CRATES/GENRES/UNASSIGNED/Kory Likes/Ghostface Killah - Nutmeg (feat. RZA).mp3	/Users/koryjcampbell/Music/CRATES/GENRES/Hip-Hop:Rap/East Coast Hip-Hop/Ghostface Killah - Nutmeg (feat. RZA).mp3
/Users/koryjcampbell/Music/CRATES/GENRES/UNASSIGNED/Kory Likes/Ghostface Killah - Outta Town Shit.mp3	/Users/koryjcampbell/Music/CRATES/GENRES/Hip-Hop:Rap/1990s Hip-Hop/Ghostface Killah - Outta Town Shit.mp3
/Users/koryjcampbell/Music/CRATES/GENRES/UNASSIGNED/Kory Likes/GiGi - Nafeken.mp3	/Users/koryjcampbell/Music/CRATES/GENRES/World/Ethiopian/GiGi - Nafeken.mp3
/Users/koryjcampbell/Music/CRATES/GENRES/UNASSIGNED/Kory Likes/Gil Scott-Heron - Home Is Where the Hatred Is.mp3	/Users/koryjcampbell/Music/CRATES/GENRES/Soul/1970s Soul/Gil Scott-Heron - Home Is Where the Hatred Is.mp3
/Users/koryjcampbell/Music/CRATES/GENRES/UNASSIGNED/Kory Likes/Gino Vannelli - I Just Wanna Stop.mp3	/Users/koryjcampbell/Music/CRATES/GENRES/Pop/2000s Pop/Gino Vannelli - I Just Wanna Stop.mp3
/Users/koryjcampbell/Music/CRATES/GENRES/UNASSIGNED/Kory Likes/Ginuwine - So Anxious.mp3	/Users/koryjcampbell/Music/CRATES/GENRES/R&B/1990s R&B/Ginuwine - So Anxious.mp3
/Users/koryjcampbell/Music/CRATES/GENRES/UNASSIGNED/Kory Likes/Girl On Couch - Man In Finance (G6 Trust Fund).mp3	/Users/koryjcampbell/Music/CRATES/GENRES/Dance/2020s Dance/Girl On Couch - Man In Finance (G6 Trust Fund).mp3
/Users/koryjcampbell/Music/CRATES/GENRES/UNASSIGNED/Kory Likes/Gladys Knight & The Pips - If I Were Your Woman (Single Version).mp3	/Users/koryjcampbell/Music/CRATES/GENRES/Soul/1970s Soul/Gladys Knight & The Pips - If I Were Your Woman (Single Version).mp3
/Users/koryjcampbell/Music/CRATES/GENRES/UNASSIGNED/Kory Likes/GoldLink - Meditation (feat. Jazmine Sullivan & KAYTRANADA).mp3	/Users/koryjcampbell/Music/CRATES/GENRES/Dance/2010s Dance/GoldLink - Meditation (feat. Jazmine Sullivan & KAYTRANADA).mp3
/Users/koryjcampbell/Music/CRATES/GENRES/UNASSIGNED/Kory Likes/Gordo - Sideways.mp3	/Users/koryjcampbell/Music/CRATES/GENRES/House/General House/Gordo - Sideways.mp3
/Users/koryjcampbell/Music/CRATES/GENRES/UNASSIGNED/Kory Likes/Gorilla Zoe - Lost.mp3	/Users/koryjcampbell/Music/CRATES/GENRES/Hip-Hop:Rap/2000s Hip-Hop/Gorilla Zoe - Lost.mp3
/Users/koryjcampbell/Music/CRATES/GENRES/UNASSIGNED/Kory Likes/Gorillaz - Cracker Island (feat. Thundercat).mp3	/Users/koryjcampbell/Music/CRATES/GENRES/Pop/2020s Pop/Gorillaz - Cracker Island (feat. Thundercat).mp3
/Users/koryjcampbell/Music/CRATES/GENRES/UNASSIGNED/Kory Likes/Grace Ives - Trouble.mp3	/Users/koryjcampbell/Music/CRATES/GENRES/Pop/2020s Pop/Grace Ives - Trouble.mp3
/Users/koryjcampbell/Music/CRATES/GENRES/UNASSIGNED/Kory Likes/Gracie Abrams - I Knew It, I Know You.mp3	/Users/koryjcampbell/Music/CRATES/GENRES/Pop/Contemporary Pop/Gracie Abrams - I Knew It, I Know You.mp3
/Users/koryjcampbell/Music/CRATES/GENRES/UNASSIGNED/Kory Likes/Greg Spero - The Tip (Tiny Room Sessions).mp3	/Users/koryjcampbell/Music/CRATES/GENRES/Jazz/General Jazz/Greg Spero - The Tip (Tiny Room Sessions).mp3
/Users/koryjcampbell/Music/CRATES/GENRES/UNASSIGNED/Kory Likes/Gregori Hollis - Futur.mp3	/Users/koryjcampbell/Music/CRATES/GENRES/Jazz/General Jazz/Gregori Hollis - Futur.mp3
/Users/koryjcampbell/Music/CRATES/GENRES/UNASSIGNED/Kory Likes/Grover Washington, Jr. - Just the Two of Us (feat. Bill Withers) (Edit).mp3	/Users/koryjcampbell/Music/CRATES/GENRES/R&B/1980s R&B/Grover Washington, Jr. - Just the Two of Us (feat. Bill Withers) (Edit).mp3
/Users/koryjcampbell/Music/CRATES/GENRES/UNASSIGNED/Kory Likes/Grover Washington, Jr. - Just the Two of Us (feat. Bill Withers).mp3	/Users/koryjcampbell/Music/CRATES/GENRES/R&B/1980s R&B/Grover Washington, Jr. - Just the Two of Us (feat. Bill Withers).mp3
/Users/koryjcampbell/Music/CRATES/GENRES/UNASSIGNED/Kory Likes/Guerilla Black - You're The One.mp3	/Users/koryjcampbell/Music/CRATES/GENRES/Hip-Hop:Rap/2000s Hip-Hop/Guerilla Black - You're The One.mp3
/Users/koryjcampbell/Music/CRATES/GENRES/UNASSIGNED/Kory Likes/Gunna - wgft (feat. Burna Boy).mp3	/Users/koryjcampbell/Music/CRATES/GENRES/Hip-Hop:Rap/Trap Hip-Hop/Gunna - wgft (feat. Burna Boy).mp3
/Users/koryjcampbell/Music/CRATES/GENRES/UNASSIGNED/Kory Likes/Gunna - won't stop.mp3	/Users/koryjcampbell/Music/CRATES/GENRES/Hip-Hop:Rap/Trap Hip-Hop/Gunna - won't stop.mp3
/Users/koryjcampbell/Music/CRATES/GENRES/UNASSIGNED/Kory Likes/Gwen Bunn - 2MANYTHINGS (STYLES DAVIS REMIX).mp3	/Users/koryjcampbell/Music/CRATES/GENRES/R&B/2020s R&B/Gwen Bunn - 2MANYTHINGS (STYLES DAVIS REMIX).mp3
/Users/koryjcampbell/Music/CRATES/GENRES/UNASSIGNED/Kory Likes/Gwen Guthrie - Seventh Heaven.mp3	/Users/koryjcampbell/Music/CRATES/GENRES/Disco/Boogie/Gwen Guthrie - Seventh Heaven.mp3
/Users/koryjcampbell/Music/CRATES/GENRES/UNASSIGNED/Kory Likes/Gwen McCrae - I Can Only Think of You.mp3	/Users/koryjcampbell/Music/CRATES/GENRES/Gospel/Gospel House/Gwen McCrae - I Can Only Think of You.mp3
/Users/koryjcampbell/Music/CRATES/GENRES/UNASSIGNED/Kory Likes/Gwen Stefani - Luxurious (Remastered 2019).mp3	/Users/koryjcampbell/Music/CRATES/GENRES/Pop/Brat Pop/Gwen Stefani - Luxurious (Remastered 2019).mp3
/Users/koryjcampbell/Music/CRATES/GENRES/UNASSIGNED/Kory Likes/H-Town - They Like It Slow.mp3	/Users/koryjcampbell/Music/CRATES/GENRES/R&B/1990s R&B/H-Town - They Like It Slow.mp3
/Users/koryjcampbell/Music/CRATES/GENRES/UNASSIGNED/Kory Likes/Hailu Mergia - Sewnetuwa.mp3	/Users/koryjcampbell/Music/CRATES/GENRES/World/Ethiopian/Hailu Mergia - Sewnetuwa.mp3
/Users/koryjcampbell/Music/CRATES/GENRES/UNASSIGNED/Kory Likes/Hanumankind - Reckless.mp3	/Users/koryjcampbell/Music/CRATES/GENRES/Hip-Hop:Rap/2020s Hip-Hop/Hanumankind - Reckless.mp3
/Users/koryjcampbell/Music/CRATES/GENRES/UNASSIGNED/Kory Likes/Harold Melvin & The Blue Notes - I Miss You, Pt. 1 (feat. Teddy Pendergrass).mp3	/Users/koryjcampbell/Music/CRATES/GENRES/Soul/Soulful House/Harold Melvin & The Blue Notes - I Miss You, Pt. 1 (feat. Teddy Pendergrass).mp3
/Users/koryjcampbell/Music/CRATES/GENRES/UNASSIGNED/Kory Likes/Heather Headley - He Is.mp3	/Users/koryjcampbell/Music/CRATES/GENRES/R&B/2000s R&B/Heather Headley - He Is.mp3
/Users/koryjcampbell/Music/CRATES/GENRES/UNASSIGNED/Kory Likes/Herbie Hancock - Butterfly.mp3	/Users/koryjcampbell/Music/CRATES/GENRES/Hip-Hop:Rap/1980s Hip-Hop/Herbie Hancock - Butterfly.mp3
/Users/koryjcampbell/Music/CRATES/GENRES/UNASSIGNED/Kory Likes/Herbie Hancock - Trust Me.mp3	/Users/koryjcampbell/Music/CRATES/GENRES/Hip-Hop:Rap/1980s Hip-Hop/Herbie Hancock - Trust Me.mp3
/Users/koryjcampbell/Music/CRATES/GENRES/UNASSIGNED/Kory Likes/Herbie Hancock - Vein Melter.mp3	/Users/koryjcampbell/Music/CRATES/GENRES/Hip-Hop:Rap/1980s Hip-Hop/Herbie Hancock - Vein Melter.mp3
/Users/koryjcampbell/Music/CRATES/GENRES/UNASSIGNED/Kory Likes/Herbie Hancock - You Bet Your Love.mp3	/Users/koryjcampbell/Music/CRATES/GENRES/Hip-Hop:Rap/1980s Hip-Hop/Herbie Hancock - You Bet Your Love.mp3
/Users/koryjcampbell/Music/CRATES/GENRES/UNASSIGNED/Kory Likes/Hi-Five - Quality Time.mp3	/Users/koryjcampbell/Music/CRATES/GENRES/Hip-Hop:Rap/1990s Hip-Hop/Hi-Five - Quality Time.mp3
/Users/koryjcampbell/Music/CRATES/GENRES/UNASSIGNED/Kory Likes/Hi-Tek - Round & Round.mp3	/Users/koryjcampbell/Music/CRATES/GENRES/Hip-Hop:Rap/Underground Hip-Hop/Hi-Tek - Round & Round.mp3
/Users/koryjcampbell/Music/CRATES/GENRES/UNASSIGNED/Kory Likes/Hiatus Kaiyote - Red Room.mp3	/Users/koryjcampbell/Music/CRATES/GENRES/Soul/Soulful House/Hiatus Kaiyote - Red Room.mp3
/Users/koryjcampbell/Music/CRATES/GENRES/UNASSIGNED/Kory Likes/Hilary Duff - Mature.mp3	/Users/koryjcampbell/Music/CRATES/GENRES/Pop/1990s Pop/Hilary Duff - Mature.mp3
/Users/koryjcampbell/Music/CRATES/GENRES/UNASSIGNED/Kory Likes/Hitman Sammy Sam - Step Daddy.mp3	/Users/koryjcampbell/Music/CRATES/GENRES/Hip-Hop:Rap/2000s Hip-Hop/Hitman Sammy Sam - Step Daddy.mp3
/Users/koryjcampbell/Music/CRATES/GENRES/UNASSIGNED/Kory Likes/Honey Bxby - Touchin’ (Instrumental).mp3	/Users/koryjcampbell/Music/CRATES/GENRES/R&B/2020s R&B/Honey Bxby - Touchin’ (Instrumental).mp3
/Users/koryjcampbell/Music/CRATES/GENRES/UNASSIGNED/Kory Likes/Honey Bxby - Touchin’.mp3	/Users/koryjcampbell/Music/CRATES/GENRES/R&B/2020s R&B/Honey Bxby - Touchin’.mp3
/Users/koryjcampbell/Music/CRATES/GENRES/UNASSIGNED/Kory Likes/Hotel Ugly - Stevie Doesn't Wonder.mp3	/Users/koryjcampbell/Music/CRATES/GENRES/Pop/2020s Pop/Hotel Ugly - Stevie Doesn't Wonder.mp3
/Users/koryjcampbell/Music/CRATES/GENRES/UNASSIGNED/Kory Likes/House Gospel Choir - Angels (Crackazat Remix).mp3	/Users/koryjcampbell/Music/CRATES/GENRES/House/General House/House Gospel Choir - Angels (Crackazat Remix).mp3
/Users/koryjcampbell/Music/CRATES/GENRES/UNASSIGNED/Kory Likes/Howard Johnson - Say You Wanna.mp3	/Users/koryjcampbell/Music/CRATES/GENRES/Disco/Boogie/Howard Johnson - Say You Wanna.mp3
/Users/koryjcampbell/Music/CRATES/GENRES/UNASSIGNED/Kory Likes/Howard Johnson - Take Me Through The Night.mp3	/Users/koryjcampbell/Music/CRATES/GENRES/Disco/Boogie/Howard Johnson - Take Me Through The Night.mp3
/Users/koryjcampbell/Music/CRATES/GENRES/UNASSIGNED/Kory Likes/Huntertones - Cissy Strut.mp3	/Users/koryjcampbell/Music/CRATES/GENRES/Funk/2020s Funk/Huntertones - Cissy Strut.mp3
/Users/koryjcampbell/Music/CRATES/GENRES/UNASSIGNED/Kory Likes/IDK - TiFFANY (B).mp3	/Users/koryjcampbell/Music/CRATES/GENRES/Hip-Hop:Rap/2020s Hip-Hop/IDK - TiFFANY (B).mp3
/Users/koryjcampbell/Music/CRATES/GENRES/UNASSIGNED/Kory Likes/Ian Matthews - Don't Hang Up Your Dancing Shoes.mp3	/Users/koryjcampbell/Music/CRATES/GENRES/Rock/General Rock/Ian Matthews - Don't Hang Up Your Dancing Shoes.mp3
/Users/koryjcampbell/Music/CRATES/GENRES/UNASSIGNED/Kory Likes/Ice Spice - Baddie Baddie.mp3	/Users/koryjcampbell/Music/CRATES/GENRES/Hip-Hop:Rap/2020s Hip-Hop/Ice Spice - Baddie Baddie.mp3
/Users/koryjcampbell/Music/CRATES/GENRES/UNASSIGNED/Kory Likes/Iconz - Get F#%ked Up.mp3	/Users/koryjcampbell/Music/CRATES/GENRES/Hip-Hop:Rap/2000s Hip-Hop/Iconz - Get F#%ked Up.mp3
/Users/koryjcampbell/Music/CRATES/GENRES/UNASSIGNED/Kory Likes/Inayah - For The Streets.mp3	/Users/koryjcampbell/Music/CRATES/GENRES/R&B/2020s R&B/Inayah - For The Streets.mp3
/Users/koryjcampbell/Music/CRATES/GENRES/UNASSIGNED/Kory Likes/Incognito - Deep Waters.mp3	/Users/koryjcampbell/Music/CRATES/GENRES/Soul/Soulful House/Incognito - Deep Waters.mp3
/Users/koryjcampbell/Music/CRATES/GENRES/UNASSIGNED/Kory Likes/Intro - Ribbon in the Sky.mp3	/Users/koryjcampbell/Music/CRATES/GENRES/R&B/1990s R&B/Intro - Ribbon in the Sky.mp3
/Users/koryjcampbell/Music/CRATES/GENRES/UNASSIGNED/Kory Likes/Intro - What You Won't Do for Love.mp3	/Users/koryjcampbell/Music/CRATES/GENRES/R&B/1990s R&B/Intro - What You Won't Do for Love.mp3
/Users/koryjcampbell/Music/CRATES/GENRES/UNASSIGNED/Kory Likes/Irv Gotti - The Pledge Remix (Album Version Explicit).mp3	/Users/koryjcampbell/Music/CRATES/GENRES/Hip-Hop:Rap/2000s Hip-Hop/Irv Gotti - The Pledge Remix (Album Version Explicit).mp3
/Users/koryjcampbell/Music/CRATES/GENRES/UNASSIGNED/Kory Likes/Isaac Hayes - The Look Of Love (Remastered 1991 Album Version).mp3	/Users/koryjcampbell/Music/CRATES/GENRES/Soul/1970s Soul/Isaac Hayes - The Look Of Love (Remastered 1991 Album Version).mp3
/Users/koryjcampbell/Music/CRATES/GENRES/UNASSIGNED/Kory Likes/Isaac Hayes - The Look Of Love.mp3	/Users/koryjcampbell/Music/CRATES/GENRES/Soul/1970s Soul/Isaac Hayes - The Look Of Love.mp3
/Users/koryjcampbell/Music/CRATES/GENRES/UNASSIGNED/Kory Likes/Isaiah Falls - NIGHT OFF.mp3	/Users/koryjcampbell/Music/CRATES/GENRES/R&B/2020s R&B/Isaiah Falls - NIGHT OFF.mp3
/Users/koryjcampbell/Music/CRATES/GENRES/UNASSIGNED/Kory Likes/Ivan Ave - Bike Air.mp3	/Users/koryjcampbell/Music/CRATES/GENRES/Hip-Hop:Rap/Boom Bap [Soundcloud]/Ivan Ave - Bike Air.mp3
/Users/koryjcampbell/Music/CRATES/GENRES/UNASSIGNED/Kory Likes/Ivan Ave - Lover's Arms.mp3	/Users/koryjcampbell/Music/CRATES/GENRES/Hip-Hop:Rap/Boom Bap [Soundcloud]/Ivan Ave - Lover's Arms.mp3
/Users/koryjcampbell/Music/CRATES/GENRES/UNASSIGNED/Kory Likes/Ivan Ave - Now You Don't.mp3	/Users/koryjcampbell/Music/CRATES/GENRES/Hip-Hop:Rap/Boom Bap [Soundcloud]/Ivan Ave - Now You Don't.mp3
/Users/koryjcampbell/Music/CRATES/GENRES/UNASSIGNED/Kory Likes/Ivan Ave - Oh Word.mp3	/Users/koryjcampbell/Music/CRATES/GENRES/Hip-Hop:Rap/Boom Bap [Soundcloud]/Ivan Ave - Oh Word.mp3
/Users/koryjcampbell/Music/CRATES/GENRES/UNASSIGNED/Kory Likes/J Dilla (aka Jay Dee) - Everytime (J Dilla instrumental).mp3	/Users/koryjcampbell/Music/CRATES/GENRES/Hip-Hop:Rap/Boom Bap [Soundcloud]/J Dilla (aka Jay Dee) - Everytime (J Dilla instrumental).mp3
/Users/koryjcampbell/Music/CRATES/GENRES/UNASSIGNED/Kory Likes/J Dilla (aka Jay Dee) - R U Listenin'_ (J Dilla instrumental).mp3	/Users/koryjcampbell/Music/CRATES/GENRES/Hip-Hop:Rap/Boom Bap [Soundcloud]/J Dilla (aka Jay Dee) - R U Listenin'_ (J Dilla instrumental).mp3
/Users/koryjcampbell/Music/CRATES/GENRES/UNASSIGNED/Kory Likes/J Dilla - Dillatroit (Instrumental).mp3	/Users/koryjcampbell/Music/CRATES/GENRES/Hip-Hop:Rap/Underground Hip-Hop/J Dilla - Dillatroit (Instrumental).mp3
/Users/koryjcampbell/Music/CRATES/GENRES/UNASSIGNED/Kory Likes/J Dilla - Dillatronic 01.mp3	/Users/koryjcampbell/Music/CRATES/GENRES/Hip-Hop:Rap/Underground Hip-Hop/J Dilla - Dillatronic 01.mp3
/Users/koryjcampbell/Music/CRATES/GENRES/UNASSIGNED/Kory Likes/J Dilla - Dillatronic 11.mp3	/Users/koryjcampbell/Music/CRATES/GENRES/Hip-Hop:Rap/Underground Hip-Hop/J Dilla - Dillatronic 11.mp3
/Users/koryjcampbell/Music/CRATES/GENRES/UNASSIGNED/Kory Likes/J Dilla - Dillatronic 20.mp3	/Users/koryjcampbell/Music/CRATES/GENRES/Hip-Hop:Rap/Underground Hip-Hop/J Dilla - Dillatronic 20.mp3
/Users/koryjcampbell/Music/CRATES/GENRES/UNASSIGNED/Kory Likes/J Dilla - Dillatronic 28.mp3	/Users/koryjcampbell/Music/CRATES/GENRES/Hip-Hop:Rap/Underground Hip-Hop/J Dilla - Dillatronic 28.mp3
/Users/koryjcampbell/Music/CRATES/GENRES/UNASSIGNED/Kory Likes/J Dilla - The Shining, Pt. 1 (Diamonds) (Instrumental).mp3	/Users/koryjcampbell/Music/CRATES/GENRES/Hip-Hop:Rap/2010s Hip-Hop/J Dilla - The Shining, Pt. 1 (Diamonds) (Instrumental).mp3
/Users/koryjcampbell/Music/CRATES/GENRES/UNASSIGNED/Kory Likes/J. Cole - 29 Intro.mp3	/Users/koryjcampbell/Music/CRATES/GENRES/Hip-Hop:Rap/2010s Hip-Hop/J. Cole - 29 Intro.mp3
/Users/koryjcampbell/Music/CRATES/GENRES/UNASSIGNED/Kory Likes/J. Cole - A Tale Of 2 Citiez (Live).mp3	/Users/koryjcampbell/Music/CRATES/GENRES/Hip-Hop:Rap/2010s Hip-Hop/J. Cole - A Tale Of 2 Citiez (Live).mp3
/Users/koryjcampbell/Music/CRATES/GENRES/UNASSIGNED/Kory Likes/J. Cole - Back To The Topic (Freestyle).mp3	/Users/koryjcampbell/Music/CRATES/GENRES/Hip-Hop:Rap/2010s Hip-Hop/J. Cole - Back To The Topic (Freestyle).mp3
/Users/koryjcampbell/Music/CRATES/GENRES/UNASSIGNED/Kory Likes/J. Cole - Kevin’s Heart.mp3	/Users/koryjcampbell/Music/CRATES/GENRES/Hip-Hop:Rap/2010s Hip-Hop/J. Cole - Kevin’s Heart.mp3
/Users/koryjcampbell/Music/CRATES/GENRES/UNASSIGNED/Kory Likes/J. Cole - Ready ‘24.mp3	/Users/koryjcampbell/Music/CRATES/GENRES/Hip-Hop:Rap/2020s Hip-Hop/J. Cole - Ready ‘24.mp3
/Users/koryjcampbell/Music/CRATES/GENRES/UNASSIGNED/Kory Likes/J. Cole - SAFETY.mp3	/Users/koryjcampbell/Music/CRATES/GENRES/Hip-Hop:Rap/2010s Hip-Hop/J. Cole - SAFETY.mp3
/Users/koryjcampbell/Music/CRATES/GENRES/UNASSIGNED/Kory Likes/J.J. Cale - Magnolia.mp3	/Users/koryjcampbell/Music/CRATES/GENRES/Rock/General Rock/J.J. Cale - Magnolia.mp3
/Users/koryjcampbell/Music/CRATES/GENRES/UNASSIGNED/Kory Likes/J.Robb - WITHDRAW.mp3	/Users/koryjcampbell/Music/CRATES/GENRES/Future Beats/General Future Beats/J.Robb - WITHDRAW.mp3
/Users/koryjcampbell/Music/CRATES/GENRES/UNASSIGNED/Kory Likes/JAŸ-Z - A Dream.mp3	/Users/koryjcampbell/Music/CRATES/GENRES/Hip-Hop:Rap/East Coast Hip-Hop/JAŸ-Z - A Dream.mp3
/Users/koryjcampbell/Music/CRATES/GENRES/UNASSIGNED/Kory Likes/JAŸ-Z - All I Need.mp3	/Users/koryjcampbell/Music/CRATES/GENRES/Hip-Hop:Rap/1990s Hip-Hop/JAŸ-Z - All I Need.mp3
/Users/koryjcampbell/Music/CRATES/GENRES/UNASSIGNED/Kory Likes/JAŸ-Z - Always Be My Sunshine.mp3	/Users/koryjcampbell/Music/CRATES/GENRES/Hip-Hop:Rap/East Coast Hip-Hop/JAŸ-Z - Always Be My Sunshine.mp3
/Users/koryjcampbell/Music/CRATES/GENRES/UNASSIGNED/Kory Likes/JAŸ-Z - Dope Man.mp3	/Users/koryjcampbell/Music/CRATES/GENRES/Hip-Hop:Rap/1990s Hip-Hop/JAŸ-Z - Dope Man.mp3
/Users/koryjcampbell/Music/CRATES/GENRES/UNASSIGNED/Kory Likes/JAŸ-Z - Face Off.mp3	/Users/koryjcampbell/Music/CRATES/GENRES/Hip-Hop:Rap/East Coast Hip-Hop/JAŸ-Z - Face Off.mp3
/Users/koryjcampbell/Music/CRATES/GENRES/UNASSIGNED/Kory Likes/JAŸ-Z - Girl's Best Friend.mp3	/Users/koryjcampbell/Music/CRATES/GENRES/Hip-Hop:Rap/1990s Hip-Hop/JAŸ-Z - Girl's Best Friend.mp3
/Users/koryjcampbell/Music/CRATES/GENRES/UNASSIGNED/Kory Likes/JAŸ-Z - Hovi Baby.mp3	/Users/koryjcampbell/Music/CRATES/GENRES/Hip-Hop:Rap/1990s Hip-Hop/JAŸ-Z - Hovi Baby.mp3
/Users/koryjcampbell/Music/CRATES/GENRES/UNASSIGNED/Kory Likes/JAŸ-Z - Kill Jay Z.mp3	/Users/koryjcampbell/Music/CRATES/GENRES/Hip-Hop:Rap/1990s Hip-Hop/JAŸ-Z - Kill Jay Z.mp3
/Users/koryjcampbell/Music/CRATES/GENRES/UNASSIGNED/Kory Likes/JAŸ-Z - Kingdom Come.mp3	/Users/koryjcampbell/Music/CRATES/GENRES/Hip-Hop:Rap/1990s Hip-Hop/JAŸ-Z - Kingdom Come.mp3
/Users/koryjcampbell/Music/CRATES/GENRES/UNASSIGNED/Kory Likes/JAŸ-Z - Minority Report.mp3	/Users/koryjcampbell/Music/CRATES/GENRES/Hip-Hop:Rap/East Coast Hip-Hop/JAŸ-Z - Minority Report.mp3
/Users/koryjcampbell/Music/CRATES/GENRES/UNASSIGNED/Kory Likes/JAŸ-Z - Oh My God (Album Version Edited).mp3	/Users/koryjcampbell/Music/CRATES/GENRES/Hip-Hop:Rap/1990s Hip-Hop/JAŸ-Z - Oh My God (Album Version Edited).mp3
/Users/koryjcampbell/Music/CRATES/GENRES/UNASSIGNED/Kory Likes/JAŸ-Z - Party Life.mp3	/Users/koryjcampbell/Music/CRATES/GENRES/Hip-Hop:Rap/1990s Hip-Hop/JAŸ-Z - Party Life.mp3
/Users/koryjcampbell/Music/CRATES/GENRES/UNASSIGNED/Kory Likes/JAŸ-Z - Picasso Baby.mp3	/Users/koryjcampbell/Music/CRATES/GENRES/Hip-Hop:Rap/1990s Hip-Hop/JAŸ-Z - Picasso Baby.mp3
/Users/koryjcampbell/Music/CRATES/GENRES/UNASSIGNED/Kory Likes/JAŸ-Z - Smile.mp3	/Users/koryjcampbell/Music/CRATES/GENRES/Hip-Hop:Rap/East Coast Hip-Hop/JAŸ-Z - Smile.mp3
/Users/koryjcampbell/Music/CRATES/GENRES/UNASSIGNED/Kory Likes/JAŸ-Z - The Prelude (Album Version Edited).mp3	/Users/koryjcampbell/Music/CRATES/GENRES/Hip-Hop:Rap/1990s Hip-Hop/JAŸ-Z - The Prelude (Album Version Edited).mp3
/Users/koryjcampbell/Music/CRATES/GENRES/UNASSIGNED/Kory Likes/JAŸ-Z - Tom Ford.mp3	/Users/koryjcampbell/Music/CRATES/GENRES/Hip-Hop:Rap/1990s Hip-Hop/JAŸ-Z - Tom Ford.mp3
/Users/koryjcampbell/Music/CRATES/GENRES/UNASSIGNED/Kory Likes/JAŸ-Z - Who You Wit II.mp3	/Users/koryjcampbell/Music/CRATES/GENRES/Hip-Hop:Rap/1990s Hip-Hop/JAŸ-Z - Who You Wit II.mp3
/Users/koryjcampbell/Music/CRATES/GENRES/UNASSIGNED/Kory Likes/JAŸ-Z - Big Pimpin'.mp3	/Users/koryjcampbell/Music/CRATES/GENRES/Hip-Hop:Rap/2020s Hip-Hop/JAŸ-Z - Big Pimpin'.mp3
/Users/koryjcampbell/Music/CRATES/GENRES/UNASSIGNED/Kory Likes/JEMS! - CREEPIN.mp3	/Users/koryjcampbell/Music/CRATES/GENRES/R&B/2020s R&B/JEMS! - CREEPIN.mp3
/Users/koryjcampbell/Music/CRATES/GENRES/UNASSIGNED/Kory Likes/JEMS! - FLIGHTS.mp3	/Users/koryjcampbell/Music/CRATES/GENRES/R&B/2020s R&B/JEMS! - FLIGHTS.mp3
/Users/koryjcampbell/Music/CRATES/GENRES/UNASSIGNED/Kory Likes/JID - Ambassel.mp3	/Users/koryjcampbell/Music/CRATES/GENRES/Hip-Hop:Rap/2010s Hip-Hop/JID - Ambassel.mp3
/Users/koryjcampbell/Music/CRATES/GENRES/UNASSIGNED/Kory Likes/JID - VCRs.mp3	/Users/koryjcampbell/Music/CRATES/GENRES/Hip-Hop:Rap/2020s Hip-Hop/JID - VCRs.mp3
/Users/koryjcampbell/Music/CRATES/GENRES/UNASSIGNED/Kory Likes/JID - What We On.mp3	/Users/koryjcampbell/Music/CRATES/GENRES/Hip-Hop:Rap/2020s Hip-Hop/JID - What We On.mp3
/Users/koryjcampbell/Music/CRATES/GENRES/UNASSIGNED/Kory Likes/JMSN - Love Me.mp3	/Users/koryjcampbell/Music/CRATES/GENRES/Dance/2020s Dance/JMSN - Love Me.mp3
/Users/koryjcampbell/Music/CRATES/GENRES/UNASSIGNED/Kory Likes/JMSN - Soft Spot (Extended Mix).mp3	/Users/koryjcampbell/Music/CRATES/GENRES/Dance/2020s Dance/JMSN - Soft Spot (Extended Mix).mp3
/Users/koryjcampbell/Music/CRATES/GENRES/UNASSIGNED/Kory Likes/JOONY - MONEY MAN.mp3	/Users/koryjcampbell/Music/CRATES/GENRES/Hip-Hop:Rap/2020s Hip-Hop/JOONY - MONEY MAN.mp3
/Users/koryjcampbell/Music/CRATES/GENRES/UNASSIGNED/Kory Likes/JT - 90's Baby.mp3	/Users/koryjcampbell/Music/CRATES/GENRES/Hip-Hop:Rap/2020s Hip-Hop/JT - 90's Baby.mp3
/Users/koryjcampbell/Music/CRATES/GENRES/UNASSIGNED/Kory Likes/JT Money - Run da Yard.mp3	/Users/koryjcampbell/Music/CRATES/GENRES/Hip-Hop:Rap/2000s Hip-Hop/JT Money - Run da Yard.mp3
/Users/koryjcampbell/Music/CRATES/GENRES/UNASSIGNED/Kory Likes/Ja Rule - Caught Up.mp3	/Users/koryjcampbell/Music/CRATES/GENRES/Hip-Hop:Rap/2000s Hip-Hop/Ja Rule - Caught Up.mp3
/Users/koryjcampbell/Music/CRATES/GENRES/UNASSIGNED/Kory Likes/Jac Ross - So Into You (feat. D-Nice) (Darkchild Main Version).mp3	/Users/koryjcampbell/Music/CRATES/GENRES/R&B/2020s R&B/Jac Ross - So Into You (feat. D-Nice) (Darkchild Main Version).mp3
/Users/koryjcampbell/Music/CRATES/GENRES/UNASSIGNED/Kory Likes/Jaco Pastorius - Cissy Strut.mp3	/Users/koryjcampbell/Music/CRATES/GENRES/Jazz/2010s Jazz/Jaco Pastorius - Cissy Strut.mp3
/Users/koryjcampbell/Music/CRATES/GENRES/UNASSIGNED/Kory Likes/Jaco Pastorius - Opus Pocus (Album Version).mp3	/Users/koryjcampbell/Music/CRATES/GENRES/Jazz/1990s Jazz/Jaco Pastorius - Opus Pocus (Album Version).mp3
/Users/koryjcampbell/Music/CRATES/GENRES/UNASSIGNED/Kory Likes/Jaco Pastorius - Portrait of Tracy.mp3	/Users/koryjcampbell/Music/CRATES/GENRES/Jazz/1990s Jazz/Jaco Pastorius - Portrait of Tracy.mp3
/Users/koryjcampbell/Music/CRATES/GENRES/UNASSIGNED/Kory Likes/Jade - Don't Ask My Neighbors.mp3	/Users/koryjcampbell/Music/CRATES/GENRES/R&B/1990s R&B/Jade - Don't Ask My Neighbors.mp3
/Users/koryjcampbell/Music/CRATES/GENRES/UNASSIGNED/Kory Likes/Jaheim - Ain't Leavin Without You.mp3	/Users/koryjcampbell/Music/CRATES/GENRES/R&B/2000s R&B/Jaheim - Ain't Leavin Without You.mp3
/Users/koryjcampbell/Music/CRATES/GENRES/UNASSIGNED/Kory Likes/James & Bobby Purify - I'm Your Puppet.mp3	/Users/koryjcampbell/Music/CRATES/GENRES/Soul/General Soul/James & Bobby Purify - I'm Your Puppet.mp3
/Users/koryjcampbell/Music/CRATES/GENRES/UNASSIGNED/Kory Likes/James 'PJ' Spraggins - Nocturnal Drive.mp3	/Users/koryjcampbell/Music/CRATES/GENRES/Jazz/General Jazz/James 'PJ' Spraggins - Nocturnal Drive.mp3
/Users/koryjcampbell/Music/CRATES/GENRES/UNASSIGNED/Kory Likes/James Hall - Caught Up (Live Version).mp3	/Users/koryjcampbell/Music/CRATES/GENRES/Gospel/General Gospel/James Hall - Caught Up (Live Version).mp3
/Users/koryjcampbell/Music/CRATES/GENRES/UNASSIGNED/Kory Likes/James Hype - More Than Friends (Mason Remix).mp3	/Users/koryjcampbell/Music/CRATES/GENRES/House/2010s House/James Hype - More Than Friends (Mason Remix).mp3
/Users/koryjcampbell/Music/CRATES/GENRES/UNASSIGNED/Kory Likes/James Mac - The Boy Is Mine.mp3	/Users/koryjcampbell/Music/CRATES/GENRES/House/General House/James Mac - The Boy Is Mine.mp3
/Users/koryjcampbell/Music/CRATES/GENRES/UNASSIGNED/Kory Likes/James Taylor - Don't Let Me Be Lonely Tonight.mp3	/Users/koryjcampbell/Music/CRATES/GENRES/Rock/General Rock/James Taylor - Don't Let Me Be Lonely Tonight.mp3
/Users/koryjcampbell/Music/CRATES/GENRES/UNASSIGNED/Kory Likes/James Vickery - Better Days.mp3	/Users/koryjcampbell/Music/CRATES/GENRES/R&B/2020s R&B/James Vickery - Better Days.mp3
/Users/koryjcampbell/Music/CRATES/GENRES/UNASSIGNED/Kory Likes/Jamie Jones - Bappi (Edit).mp3	/Users/koryjcampbell/Music/CRATES/GENRES/House/General House/Jamie Jones - Bappi (Edit).mp3
/Users/koryjcampbell/Music/CRATES/GENRES/UNASSIGNED/Kory Likes/Janet Jackson - Any Time, Any Place (Jam & Lewis Remix).mp3	/Users/koryjcampbell/Music/CRATES/GENRES/R&B/1990s R&B/Janet Jackson - Any Time, Any Place (Jam & Lewis Remix).mp3
/Users/koryjcampbell/Music/CRATES/GENRES/UNASSIGNED/Kory Likes/Janet Jackson - Any Time, Any Place (R.Kelly Remix).mp3	/Users/koryjcampbell/Music/CRATES/GENRES/R&B/1990s R&B/Janet Jackson - Any Time, Any Place (R.Kelly Remix).mp3
/Users/koryjcampbell/Music/CRATES/GENRES/UNASSIGNED/Kory Likes/Janet Jackson - Any Time, Any Place.mp3	/Users/koryjcampbell/Music/CRATES/GENRES/R&B/1990s R&B/Janet Jackson - Any Time, Any Place.mp3
/Users/koryjcampbell/Music/CRATES/GENRES/UNASSIGNED/Kory Likes/Janet Jackson - Anything.mp3	/Users/koryjcampbell/Music/CRATES/GENRES/R&B/1990s R&B/Janet Jackson - Anything.mp3
/Users/koryjcampbell/Music/CRATES/GENRES/UNASSIGNED/Kory Likes/Janet Jackson - Be A Good Boy.mp3	/Users/koryjcampbell/Music/CRATES/GENRES/R&B/1990s R&B/Janet Jackson - Be A Good Boy.mp3
/Users/koryjcampbell/Music/CRATES/GENRES/UNASSIGNED/Kory Likes/Janet Jackson - Go Deep (Timbaland_Missy Remix).mp3	/Users/koryjcampbell/Music/CRATES/GENRES/R&B/1990s R&B/Janet Jackson - Go Deep (Timbaland_Missy Remix).mp3
/Users/koryjcampbell/Music/CRATES/GENRES/UNASSIGNED/Kory Likes/Janet Jackson - I Get Lonely.mp3	/Users/koryjcampbell/Music/CRATES/GENRES/R&B/1990s R&B/Janet Jackson - I Get Lonely.mp3
/Users/koryjcampbell/Music/CRATES/GENRES/UNASSIGNED/Kory Likes/Janet Jackson - Island Life.mp3	/Users/koryjcampbell/Music/CRATES/GENRES/R&B/1990s R&B/Janet Jackson - Island Life.mp3
/Users/koryjcampbell/Music/CRATES/GENRES/UNASSIGNED/Kory Likes/Janet Jackson - My Baby.mp3	/Users/koryjcampbell/Music/CRATES/GENRES/R&B/2000s R&B/Janet Jackson - My Baby.mp3
/Users/koryjcampbell/Music/CRATES/GENRES/UNASSIGNED/Kory Likes/Janet Jackson - Someone To Call My Lover.mp3	/Users/koryjcampbell/Music/CRATES/GENRES/R&B/1990s R&B/Janet Jackson - Someone To Call My Lover.mp3
/Users/koryjcampbell/Music/CRATES/GENRES/UNASSIGNED/Kory Likes/Janet Jackson - Spending Time With You.mp3	/Users/koryjcampbell/Music/CRATES/GENRES/R&B/1990s R&B/Janet Jackson - Spending Time With You.mp3
/Users/koryjcampbell/Music/CRATES/GENRES/UNASSIGNED/Kory Likes/Janet Jackson - That's The Way Love Goes.mp3	/Users/koryjcampbell/Music/CRATES/GENRES/R&B/2000s R&B/Janet Jackson - That's The Way Love Goes.mp3
/Users/koryjcampbell/Music/CRATES/GENRES/UNASSIGNED/Kory Likes/Janet Jackson - The Pleasure Principle.mp3	/Users/koryjcampbell/Music/CRATES/GENRES/R&B/1990s R&B/Janet Jackson - The Pleasure Principle.mp3
/Users/koryjcampbell/Music/CRATES/GENRES/UNASSIGNED/Kory Likes/JasonMartin - CHUPA'S GROOVE.mp3	/Users/koryjcampbell/Music/CRATES/GENRES/Hip-Hop:Rap/Contemporary West Coast/JasonMartin - CHUPA'S GROOVE.mp3
/Users/koryjcampbell/Music/CRATES/GENRES/UNASSIGNED/Kory Likes/Jay Worthy - 105 West.mp3	/Users/koryjcampbell/Music/CRATES/GENRES/Hip-Hop:Rap/Contemporary West Coast/Jay Worthy - 105 West.mp3
/Users/koryjcampbell/Music/CRATES/GENRES/UNASSIGNED/Kory Likes/Jay Worthy - Calamari.mp3	/Users/koryjcampbell/Music/CRATES/GENRES/Hip-Hop:Rap/Contemporary West Coast/Jay Worthy - Calamari.mp3
/Users/koryjcampbell/Music/CRATES/GENRES/UNASSIGNED/Kory Likes/Jay Worthy - We The Cleanest.mp3	/Users/koryjcampbell/Music/CRATES/GENRES/Hip-Hop:Rap/Contemporary West Coast/Jay Worthy - We The Cleanest.mp3
/Users/koryjcampbell/Music/CRATES/GENRES/UNASSIGNED/Kory Likes/Jaydes - poison.mp3	/Users/koryjcampbell/Music/CRATES/GENRES/Hip-Hop:Rap/2020s Hip-Hop/Jaydes - poison.mp3
/Users/koryjcampbell/Music/CRATES/GENRES/UNASSIGNED/Kory Likes/Jaylib - Strapped.mp3	/Users/koryjcampbell/Music/CRATES/GENRES/Hip-Hop:Rap/2010s Hip-Hop/Jaylib - Strapped.mp3
/Users/koryjcampbell/Music/CRATES/GENRES/UNASSIGNED/Kory Likes/Jazmine Sullivan - Let It Burn.mp3	/Users/koryjcampbell/Music/CRATES/GENRES/R&B/2010s R&B/Jazmine Sullivan - Let It Burn.mp3
/Users/koryjcampbell/Music/CRATES/GENRES/UNASSIGNED/Kory Likes/Jazzhole - Love...Life.mp3	/Users/koryjcampbell/Music/CRATES/GENRES/Jazz/General Jazz/Jazzhole - Love...Life.mp3
/Users/koryjcampbell/Music/CRATES/GENRES/UNASSIGNED/Kory Likes/Jazzmeia Horn - Green Eyes.mp3	/Users/koryjcampbell/Music/CRATES/GENRES/Jazz/2010s Jazz/Jazzmeia Horn - Green Eyes.mp3
/Users/koryjcampbell/Music/CRATES/GENRES/UNASSIGNED/Kory Likes/Jazzyfatnastees - Unconventional Ways.mp3	/Users/koryjcampbell/Music/CRATES/GENRES/Soul/Neo Soul/Jazzyfatnastees - Unconventional Ways.mp3
/Users/koryjcampbell/Music/CRATES/GENRES/UNASSIGNED/Kory Likes/Jeff Lorber Fusion - Night Love.mp3	/Users/koryjcampbell/Music/CRATES/GENRES/Jazz/2010s Jazz/Jeff Lorber Fusion - Night Love.mp3
/Users/koryjcampbell/Music/CRATES/GENRES/UNASSIGNED/Kory Likes/Jeff Lorber Fusion - Sparkle.mp3	/Users/koryjcampbell/Music/CRATES/GENRES/Jazz/2010s Jazz/Jeff Lorber Fusion - Sparkle.mp3
/Users/koryjcampbell/Music/CRATES/GENRES/UNASSIGNED/Kory Likes/Jeff Lorber Fusion - Tune 88.mp3	/Users/koryjcampbell/Music/CRATES/GENRES/Jazz/General Jazz/Jeff Lorber Fusion - Tune 88.mp3
/Users/koryjcampbell/Music/CRATES/GENRES/UNASSIGNED/Kory Likes/Jenevieve - Flight Risqué.mp3	/Users/koryjcampbell/Music/CRATES/GENRES/R&B/2020s R&B/Jenevieve - Flight Risqué.mp3
/Users/koryjcampbell/Music/CRATES/GENRES/UNASSIGNED/Kory Likes/Jenevieve - Head Over Heels.mp3	/Users/koryjcampbell/Music/CRATES/GENRES/R&B/2020s R&B/Jenevieve - Head Over Heels.mp3
/Users/koryjcampbell/Music/CRATES/GENRES/UNASSIGNED/Kory Likes/Jermaine Jackson - Let's Get Serious (Single Version).mp3	/Users/koryjcampbell/Music/CRATES/GENRES/R&B/1980s R&B/Jermaine Jackson - Let's Get Serious (Single Version).mp3
/Users/koryjcampbell/Music/CRATES/GENRES/UNASSIGNED/Kory Likes/Jermaine Jackson - Let's Get Serious.mp3	/Users/koryjcampbell/Music/CRATES/GENRES/R&B/1980s R&B/Jermaine Jackson - Let's Get Serious.mp3
/Users/koryjcampbell/Music/CRATES/GENRES/UNASSIGNED/Kory Likes/Jermaine Jackson - Tell Me I'm Not Dreaming (Too Good to Be True) (with Michael Jackson).mp3	/Users/koryjcampbell/Music/CRATES/GENRES/R&B/1980s R&B/Jermaine Jackson - Tell Me I'm Not Dreaming (Too Good to Be True) (with Michael Jackson).mp3
/Users/koryjcampbell/Music/CRATES/GENRES/UNASSIGNED/Kory Likes/Jerome Thomas - Water.mp3	/Users/koryjcampbell/Music/CRATES/GENRES/R&B/2010s R&B/Jerome Thomas - Water.mp3
/Users/koryjcampbell/Music/CRATES/GENRES/UNASSIGNED/Kory Likes/Jerry Knight - Do You Really Mean It_.mp3	/Users/koryjcampbell/Music/CRATES/GENRES/Funk/Funk & Boogie Edits/Jerry Knight - Do You Really Mean It_.mp3
/Users/koryjcampbell/Music/CRATES/GENRES/UNASSIGNED/Kory Likes/Jessica Jolia - More.mp3	/Users/koryjcampbell/Music/CRATES/GENRES/R&B/2020s R&B/Jessica Jolia - More.mp3
/Users/koryjcampbell/Music/CRATES/GENRES/UNASSIGNED/Kory Likes/Jessie Reyez - _____SHUT UP_____.mp3	/Users/koryjcampbell/Music/CRATES/GENRES/R&B/2020s R&B/Jessie Reyez - _____SHUT UP_____.mp3
/Users/koryjcampbell/Music/CRATES/GENRES/UNASSIGNED/Kory Likes/Jhené Aiko - Break.mp3	/Users/koryjcampbell/Music/CRATES/GENRES/R&B/2020s R&B/Jhené Aiko - Break.mp3
/Users/koryjcampbell/Music/CRATES/GENRES/UNASSIGNED/Kory Likes/Jill Scott - Me 4.mp3	/Users/koryjcampbell/Music/CRATES/GENRES/Soul/Neo Soul/Jill Scott - Me 4.mp3
/Users/koryjcampbell/Music/CRATES/GENRES/UNASSIGNED/Kory Likes/Jill Scott - Ode to Nikki (feat. Ab-Soul).mp3	/Users/koryjcampbell/Music/CRATES/GENRES/Soul/Neo Soul/Jill Scott - Ode to Nikki (feat. Ab-Soul).mp3
/Users/koryjcampbell/Music/CRATES/GENRES/UNASSIGNED/Kory Likes/Jim Croce - Operator (That's Not The Way It Feels).mp3	/Users/koryjcampbell/Music/CRATES/GENRES/Rock/General Rock/Jim Croce - Operator (That's Not The Way It Feels).mp3
/Users/koryjcampbell/Music/CRATES/GENRES/UNASSIGNED/Kory Likes/Jim Legxacy - 3x.mp3	/Users/koryjcampbell/Music/CRATES/GENRES/Hip-Hop:Rap/2020s Hip-Hop/Jim Legxacy - 3x.mp3
/Users/koryjcampbell/Music/CRATES/GENRES/UNASSIGNED/Kory Likes/Jimmy Edward - It's Okay.mp3	/Users/koryjcampbell/Music/CRATES/GENRES/Soul/2010s Soul/Jimmy Edward - It's Okay.mp3
/Users/koryjcampbell/Music/CRATES/GENRES/UNASSIGNED/Kory Likes/Jimmy Ponder - A Tribute To A Rose.mp3	/Users/koryjcampbell/Music/CRATES/GENRES/Jazz/2010s Jazz/Jimmy Ponder - A Tribute To A Rose.mp3
/Users/koryjcampbell/Music/CRATES/GENRES/UNASSIGNED/Kory Likes/JoJo - Weak (2018).mp3	/Users/koryjcampbell/Music/CRATES/GENRES/Pop/1990s Pop/JoJo - Weak (2018).mp3
/Users/koryjcampbell/Music/CRATES/GENRES/UNASSIGNED/Kory Likes/João Donato - Espalhado.mp3	/Users/koryjcampbell/Music/CRATES/GENRES/Latin/General Latin/João Donato - Espalhado.mp3
/Users/koryjcampbell/Music/CRATES/GENRES/UNASSIGNED/Kory Likes/Jodeci - Come and Talk to Me (Remix).mp3	/Users/koryjcampbell/Music/CRATES/GENRES/Hip-Hop:Rap/1990s Hip-Hop/Jodeci - Come and Talk to Me (Remix).mp3
/Users/koryjcampbell/Music/CRATES/GENRES/UNASSIGNED/Kory Likes/Joe - I'm In Luv.mp3	/Users/koryjcampbell/Music/CRATES/GENRES/R&B/1990s R&B/Joe - I'm In Luv.mp3
/Users/koryjcampbell/Music/CRATES/GENRES/UNASSIGNED/Kory Likes/Joe Moses - Brrrrrdadumdum.mp3	/Users/koryjcampbell/Music/CRATES/GENRES/Hip-Hop:Rap/Contemporary West Coast/Joe Moses - Brrrrrdadumdum.mp3
/Users/koryjcampbell/Music/CRATES/GENRES/UNASSIGNED/Kory Likes/Joe Moses - Jump On It (feat. RJMrLA).mp3	/Users/koryjcampbell/Music/CRATES/GENRES/Hip-Hop:Rap/Contemporary West Coast/Joe Moses - Jump On It (feat. RJMrLA).mp3
/Users/koryjcampbell/Music/CRATES/GENRES/UNASSIGNED/Kory Likes/Joe Pass - Giant Steps (Album Version).mp3	/Users/koryjcampbell/Music/CRATES/GENRES/Jazz/1970s Jazz/Joe Pass - Giant Steps (Album Version).mp3
/Users/koryjcampbell/Music/CRATES/GENRES/UNASSIGNED/Kory Likes/John Summit - ALL THE TIME.mp3	/Users/koryjcampbell/Music/CRATES/GENRES/House/General House/John Summit - ALL THE TIME.mp3
/Users/koryjcampbell/Music/CRATES/GENRES/UNASSIGNED/Kory Likes/Johnny Smith - Shenandoah.mp3	/Users/koryjcampbell/Music/CRATES/GENRES/Jazz/General Jazz/Johnny Smith - Shenandoah.mp3
/Users/koryjcampbell/Music/CRATES/GENRES/UNASSIGNED/Kory Likes/Johnny Yukon - MADNESS!.mp3	/Users/koryjcampbell/Music/CRATES/GENRES/R&B/2020s R&B/Johnny Yukon - MADNESS!.mp3
/Users/koryjcampbell/Music/CRATES/GENRES/UNASSIGNED/Kory Likes/Jomanda - I Like It.mp3	/Users/koryjcampbell/Music/CRATES/GENRES/House/General House/Jomanda - I Like It.mp3
/Users/koryjcampbell/Music/CRATES/GENRES/UNASSIGNED/Kory Likes/Jonathan Kreisberg - Tenderly.mp3	/Users/koryjcampbell/Music/CRATES/GENRES/Jazz/2010s Jazz/Jonathan Kreisberg - Tenderly.mp3
/Users/koryjcampbell/Music/CRATES/GENRES/UNASSIGNED/Kory Likes/Jonathan McReynolds - New Normal.mp3	/Users/koryjcampbell/Music/CRATES/GENRES/Gospel/General Gospel/Jonathan McReynolds - New Normal.mp3
/Users/koryjcampbell/Music/CRATES/GENRES/UNASSIGNED/Kory Likes/Joni Mitchell - Hejira.mp3	/Users/koryjcampbell/Music/CRATES/GENRES/Rock/General Rock/Joni Mitchell - Hejira.mp3
/Users/koryjcampbell/Music/CRATES/GENRES/UNASSIGNED/Kory Likes/Joni Mitchell - Little Green.mp3	/Users/koryjcampbell/Music/CRATES/GENRES/Rock/General Rock/Joni Mitchell - Little Green.mp3
/Users/koryjcampbell/Music/CRATES/GENRES/UNASSIGNED/Kory Likes/Jordan Ward - JUICY.mp3	/Users/koryjcampbell/Music/CRATES/GENRES/R&B/2020s R&B/Jordan Ward - JUICY.mp3
/Users/koryjcampbell/Music/CRATES/GENRES/UNASSIGNED/Kory Likes/Jordan Ward - SMOKIN POTNA.mp3	/Users/koryjcampbell/Music/CRATES/GENRES/R&B/2020s R&B/Jordan Ward - SMOKIN POTNA.mp3
/Users/koryjcampbell/Music/CRATES/GENRES/UNASSIGNED/Kory Likes/Jorjiana - ILBB2 (We love BB2) [feat. BabyChiefDoit].mp3	/Users/koryjcampbell/Music/CRATES/GENRES/Hip-Hop:Rap/2020s Hip-Hop/Jorjiana - ILBB2 (We love BB2) [feat. BabyChiefDoit].mp3
/Users/koryjcampbell/Music/CRATES/GENRES/UNASSIGNED/Kory Likes/Juicy J - A Zip and a Double Cup.mp3	/Users/koryjcampbell/Music/CRATES/GENRES/Hip-Hop:Rap/Trap Hip-Hop/Juicy J - A Zip and a Double Cup.mp3
/Users/koryjcampbell/Music/CRATES/GENRES/UNASSIGNED/Kory Likes/Juicy J - Money to Make Money.mp3	/Users/koryjcampbell/Music/CRATES/GENRES/Hip-Hop:Rap/Trap Hip-Hop/Juicy J - Money to Make Money.mp3
/Users/koryjcampbell/Music/CRATES/GENRES/UNASSIGNED/Kory Likes/Juicy J - Smoke That Bitch.mp3	/Users/koryjcampbell/Music/CRATES/GENRES/Hip-Hop:Rap/Trap Hip-Hop/Juicy J - Smoke That Bitch.mp3
/Users/koryjcampbell/Music/CRATES/GENRES/UNASSIGNED/Kory Likes/Juicy J - So Damn Fucked Up.mp3	/Users/koryjcampbell/Music/CRATES/GENRES/Hip-Hop:Rap/Trap Hip-Hop/Juicy J - So Damn Fucked Up.mp3
/Users/koryjcampbell/Music/CRATES/GENRES/UNASSIGNED/Kory Likes/Juicy J - Who da Neighbors.mp3	/Users/koryjcampbell/Music/CRATES/GENRES/Hip-Hop:Rap/Trap Hip-Hop/Juicy J - Who da Neighbors.mp3
/Users/koryjcampbell/Music/CRATES/GENRES/UNASSIGNED/Kory Likes/Julius Rodriguez - Run To It (The CP Song).mp3	/Users/koryjcampbell/Music/CRATES/GENRES/Jazz/General Jazz/Julius Rodriguez - Run To It (The CP Song).mp3
/Users/koryjcampbell/Music/CRATES/GENRES/UNASSIGNED/Kory Likes/Juls - Kpatunkpa.mp3	/Users/koryjcampbell/Music/CRATES/GENRES/Afrobeats/2020s Afrobeats/Juls - Kpatunkpa.mp3
/Users/koryjcampbell/Music/CRATES/GENRES/UNASSIGNED/Kory Likes/Junior - Mama Used to Say (Rerecorded).mp3	/Users/koryjcampbell/Music/CRATES/GENRES/Funk/Funk & Boogie Edits/Junior - Mama Used to Say (Rerecorded).mp3
/Users/koryjcampbell/Music/CRATES/GENRES/UNASSIGNED/Kory Likes/Justice - Genesis.mp3	/Users/koryjcampbell/Music/CRATES/GENRES/Pop/Brat Pop/Justice - Genesis.mp3
/Users/koryjcampbell/Music/CRATES/GENRES/UNASSIGNED/Kory Likes/Justice - Let There Be Light.mp3	/Users/koryjcampbell/Music/CRATES/GENRES/Pop/Brat Pop/Justice - Let There Be Light.mp3
/Users/koryjcampbell/Music/CRATES/GENRES/UNASSIGNED/Kory Likes/Justice - Valentine.mp3	/Users/koryjcampbell/Music/CRATES/GENRES/Pop/Brat Pop/Justice - Valentine.mp3
/Users/koryjcampbell/Music/CRATES/GENRES/UNASSIGNED/Kory Likes/Justin Bieber - BETTER MAN.mp3	/Users/koryjcampbell/Music/CRATES/GENRES/Pop/2010s Pop/Justin Bieber - BETTER MAN.mp3
/Users/koryjcampbell/Music/CRATES/GENRES/UNASSIGNED/Kory Likes/Justin Timberlake - Spaceship Coupe.mp3	/Users/koryjcampbell/Music/CRATES/GENRES/Pop/1990s Pop/Justin Timberlake - Spaceship Coupe.mp3
/Users/koryjcampbell/Music/CRATES/GENRES/UNASSIGNED/Kory Likes/Justin Timberlake - Tunnel Vision.mp3	/Users/koryjcampbell/Music/CRATES/GENRES/Pop/1990s Pop/Justin Timberlake - Tunnel Vision.mp3
/Users/koryjcampbell/Music/CRATES/GENRES/UNASSIGNED/Kory Likes/K.P. & Envyi - Swing My Way (Remix).mp3	/Users/koryjcampbell/Music/CRATES/GENRES/R&B/1990s R&B/K.P. & Envyi - Swing My Way (Remix).mp3
/Users/koryjcampbell/Music/CRATES/GENRES/UNASSIGNED/Kory Likes/K.P. & Envyi - Swing My Way.mp3	/Users/koryjcampbell/Music/CRATES/GENRES/R&B/1990s R&B/K.P. & Envyi - Swing My Way.mp3
/Users/koryjcampbell/Music/CRATES/GENRES/UNASSIGNED/Kory Likes/KATSEYE - Touch.mp3	/Users/koryjcampbell/Music/CRATES/GENRES/Pop/2020s Pop/KATSEYE - Touch.mp3
/Users/koryjcampbell/Music/CRATES/GENRES/UNASSIGNED/Kory Likes/KAYTRANADA - DO IT! (AGAIN!) (feat. TLC).mp3	/Users/koryjcampbell/Music/CRATES/GENRES/Future Beats/General Future Beats/KAYTRANADA - DO IT! (AGAIN!) (feat. TLC).mp3
/Users/koryjcampbell/Music/CRATES/GENRES/UNASSIGNED/Kory Likes/KAYTRANADA - Hilarity Duff.mp3	/Users/koryjcampbell/Music/CRATES/GENRES/Future Beats/General Future Beats/KAYTRANADA - Hilarity Duff.mp3
/Users/koryjcampbell/Music/CRATES/GENRES/UNASSIGNED/Kory Likes/KAYTRANADA - The Worst In Me (feat. Tinashe).mp3	/Users/koryjcampbell/Music/CRATES/GENRES/Dance/2010s Dance/KAYTRANADA - The Worst In Me (feat. Tinashe).mp3
/Users/koryjcampbell/Music/CRATES/GENRES/UNASSIGNED/Kory Likes/KAYTRANADA - Weird (feat. Durand Bernarr).mp3	/Users/koryjcampbell/Music/CRATES/GENRES/Future Beats/General Future Beats/KAYTRANADA - Weird (feat. Durand Bernarr).mp3
/Users/koryjcampbell/Music/CRATES/GENRES/UNASSIGNED/Kory Likes/KW Griff - Be Ya Girl.mp3	/Users/koryjcampbell/Music/CRATES/GENRES/Club/General Club/KW Griff - Be Ya Girl.mp3
/Users/koryjcampbell/Music/CRATES/GENRES/UNASSIGNED/Kory Likes/Kabza De Small - Kabza Chant 2.0 (feat. Nobuhle, Nkosazana Daughter & Sykes).mp3	/Users/koryjcampbell/Music/CRATES/GENRES/Amapiano/General Amapiano/Kabza De Small - Kabza Chant 2.0 (feat. Nobuhle, Nkosazana Daughter & Sykes).mp3
/Users/koryjcampbell/Music/CRATES/GENRES/UNASSIGNED/Kory Likes/Kaelin Ellis - Hello.Morning.mp3	/Users/koryjcampbell/Music/CRATES/GENRES/Future Beats/General Future Beats/Kaelin Ellis - Hello.Morning.mp3
/Users/koryjcampbell/Music/CRATES/GENRES/UNASSIGNED/Kory Likes/Kalisway - A Kid From Toronto.mp3	/Users/koryjcampbell/Music/CRATES/GENRES/Funk/2020s Funk/Kalisway - A Kid From Toronto.mp3
/Users/koryjcampbell/Music/CRATES/GENRES/UNASSIGNED/Kory Likes/Kalisway - First Time.mp3	/Users/koryjcampbell/Music/CRATES/GENRES/Funk/2020s Funk/Kalisway - First Time.mp3
/Users/koryjcampbell/Music/CRATES/GENRES/UNASSIGNED/Kory Likes/Kalisway - Sugar.mp3	/Users/koryjcampbell/Music/CRATES/GENRES/Funk/2020s Funk/Kalisway - Sugar.mp3
/Users/koryjcampbell/Music/CRATES/GENRES/UNASSIGNED/Kory Likes/Kalisway - Superstar.mp3	/Users/koryjcampbell/Music/CRATES/GENRES/Funk/2020s Funk/Kalisway - Superstar.mp3
/Users/koryjcampbell/Music/CRATES/GENRES/UNASSIGNED/Kory Likes/Kamaal Williams - Hold On.mp3	/Users/koryjcampbell/Music/CRATES/GENRES/Jazz/General Jazz/Kamaal Williams - Hold On.mp3
/Users/koryjcampbell/Music/CRATES/GENRES/UNASSIGNED/Kory Likes/Kanye West - 24.mp3	/Users/koryjcampbell/Music/CRATES/GENRES/Hip-Hop:Rap/2010s Hip-Hop/Kanye West - 24.mp3
/Users/koryjcampbell/Music/CRATES/GENRES/UNASSIGNED/Kory Likes/Kanye West - Father Stretch My Hands Pt. 1.mp3	/Users/koryjcampbell/Music/CRATES/GENRES/Hip-Hop:Rap/2010s Hip-Hop/Kanye West - Father Stretch My Hands Pt. 1.mp3
/Users/koryjcampbell/Music/CRATES/GENRES/UNASSIGNED/Kory Likes/Kanye West - Ghost Town.mp3	/Users/koryjcampbell/Music/CRATES/GENRES/Hip-Hop:Rap/2010s Hip-Hop/Kanye West - Ghost Town.mp3
/Users/koryjcampbell/Music/CRATES/GENRES/UNASSIGNED/Kory Likes/Kanye West - Jail.mp3	/Users/koryjcampbell/Music/CRATES/GENRES/Hip-Hop:Rap/2010s Hip-Hop/Kanye West - Jail.mp3
/Users/koryjcampbell/Music/CRATES/GENRES/UNASSIGNED/Kory Likes/Kanye West - Jesus Is Lord.mp3	/Users/koryjcampbell/Music/CRATES/GENRES/Hip-Hop:Rap/2010s Hip-Hop/Kanye West - Jesus Is Lord.mp3
/Users/koryjcampbell/Music/CRATES/GENRES/UNASSIGNED/Kory Likes/Kanye West - Lord I Need You.mp3	/Users/koryjcampbell/Music/CRATES/GENRES/Hip-Hop:Rap/2010s Hip-Hop/Kanye West - Lord I Need You.mp3
/Users/koryjcampbell/Music/CRATES/GENRES/UNASSIGNED/Kory Likes/Kanye West - PUNCH DRUNK.mp3	/Users/koryjcampbell/Music/CRATES/GENRES/Hip-Hop:Rap/2020s Hip-Hop/Kanye West - PUNCH DRUNK.mp3
/Users/koryjcampbell/Music/CRATES/GENRES/UNASSIGNED/Kory Likes/Kanye West - Pt. 2.mp3	/Users/koryjcampbell/Music/CRATES/GENRES/Hip-Hop:Rap/2010s Hip-Hop/Kanye West - Pt. 2.mp3
/Users/koryjcampbell/Music/CRATES/GENRES/UNASSIGNED/Kory Likes/Kanye West - Roses.mp3	/Users/koryjcampbell/Music/CRATES/GENRES/Hip-Hop:Rap/2010s Hip-Hop/Kanye West - Roses.mp3
/Users/koryjcampbell/Music/CRATES/GENRES/UNASSIGNED/Kory Likes/Kanye West - Violent Crimes.mp3	/Users/koryjcampbell/Music/CRATES/GENRES/Hip-Hop:Rap/2010s Hip-Hop/Kanye West - Violent Crimes.mp3
/Users/koryjcampbell/Music/CRATES/GENRES/UNASSIGNED/Kory Likes/Kanye West - Wouldn't You Like to Ride.mp3	/Users/koryjcampbell/Music/CRATES/GENRES/Hip-Hop:Rap/2000s Hip-Hop/Kanye West - Wouldn't You Like to Ride.mp3
/Users/koryjcampbell/Music/CRATES/GENRES/UNASSIGNED/Kory Likes/Karizma - Deepw!de.mp3	/Users/koryjcampbell/Music/CRATES/GENRES/Soul/Soulful House/Karizma - Deepw!de.mp3
/Users/koryjcampbell/Music/CRATES/GENRES/UNASSIGNED/Kory Likes/Kate Bollinger - What’s This About (La La La La).mp3	/Users/koryjcampbell/Music/CRATES/GENRES/Pop/2020s Pop/Kate Bollinger - What’s This About (La La La La).mp3
/Users/koryjcampbell/Music/CRATES/GENRES/UNASSIGNED/Kory Likes/Katy Perry - International Smile.mp3	/Users/koryjcampbell/Music/CRATES/GENRES/Pop/2010s Pop/Katy Perry - International Smile.mp3
/Users/koryjcampbell/Music/CRATES/GENRES/UNASSIGNED/Kory Likes/Katy Perry - Wide Awake.mp3	/Users/koryjcampbell/Music/CRATES/GENRES/Pop/2010s Pop/Katy Perry - Wide Awake.mp3
/Users/koryjcampbell/Music/CRATES/GENRES/UNASSIGNED/Kory Likes/Kehlani - After Hours (Cater 2 U Mix).mp3	/Users/koryjcampbell/Music/CRATES/GENRES/R&B/2020s R&B/Kehlani - After Hours (Cater 2 U Mix).mp3
/Users/koryjcampbell/Music/CRATES/GENRES/UNASSIGNED/Kory Likes/Kehlani - Chapel.mp3	/Users/koryjcampbell/Music/CRATES/GENRES/R&B/2020s R&B/Kehlani - Chapel.mp3
/Users/koryjcampbell/Music/CRATES/GENRES/UNASSIGNED/Kory Likes/Kehlani - Folded (Remix) [feat. Brandy].mp3	/Users/koryjcampbell/Music/CRATES/GENRES/R&B/2020s R&B/Kehlani - Folded (Remix) [feat. Brandy].mp3
/Users/koryjcampbell/Music/CRATES/GENRES/UNASSIGNED/Kory Likes/Kehlani - Sucia (feat. Jill Scott & Young Miko).mp3	/Users/koryjcampbell/Music/CRATES/GENRES/R&B/2020s R&B/Kehlani - Sucia (feat. Jill Scott & Young Miko).mp3
/Users/koryjcampbell/Music/CRATES/GENRES/UNASSIGNED/Kory Likes/Kehlani - up at night (feat. justin bieber).mp3	/Users/koryjcampbell/Music/CRATES/GENRES/R&B/2020s R&B/Kehlani - up at night (feat. justin bieber).mp3
/Users/koryjcampbell/Music/CRATES/GENRES/UNASSIGNED/Kory Likes/Keith Sweat - Get up on It (feat. Kut Klose).mp3	/Users/koryjcampbell/Music/CRATES/GENRES/R&B/1990s R&B/Keith Sweat - Get up on It (feat. Kut Klose).mp3
/Users/koryjcampbell/Music/CRATES/GENRES/UNASSIGNED/Kory Likes/Kelis - Flashback.mp3	/Users/koryjcampbell/Music/CRATES/GENRES/R&B/2000s R&B/Kelis - Flashback.mp3
/Users/koryjcampbell/Music/CRATES/GENRES/UNASSIGNED/Kory Likes/Kelz2busy - OT (On the Radar Freestyle).mp3	/Users/koryjcampbell/Music/CRATES/GENRES/Hip-Hop:Rap/2020s Hip-Hop/Kelz2busy - OT (On the Radar Freestyle).mp3
/Users/koryjcampbell/Music/CRATES/GENRES/UNASSIGNED/Kory Likes/KenTheMan - First (Remix).mp3	/Users/koryjcampbell/Music/CRATES/GENRES/Hip-Hop:Rap/2020s Hip-Hop/KenTheMan - First (Remix).mp3
/Users/koryjcampbell/Music/CRATES/GENRES/UNASSIGNED/Kory Likes/KenTheMan - First.mp3	/Users/koryjcampbell/Music/CRATES/GENRES/Hip-Hop:Rap/2020s Hip-Hop/KenTheMan - First.mp3
/Users/koryjcampbell/Music/CRATES/GENRES/UNASSIGNED/Kory Likes/KenTheMan - Not My N_gga (Extended).mp3	/Users/koryjcampbell/Music/CRATES/GENRES/Hip-Hop:Rap/2020s Hip-Hop/KenTheMan - Not My N_gga (Extended).mp3
/Users/koryjcampbell/Music/CRATES/GENRES/UNASSIGNED/Kory Likes/Kendrick Lamar - Blow My High (Members Only).mp3	/Users/koryjcampbell/Music/CRATES/GENRES/Hip-Hop:Rap/2010s Hip-Hop/Kendrick Lamar - Blow My High (Members Only).mp3
/Users/koryjcampbell/Music/CRATES/GENRES/UNASSIGNED/Kory Likes/Kendrick Lamar - DNA.mp3	/Users/koryjcampbell/Music/CRATES/GENRES/Hip-Hop:Rap/2010s Hip-Hop/Kendrick Lamar - DNA.mp3
/Users/koryjcampbell/Music/CRATES/GENRES/UNASSIGNED/Kory Likes/Kendrick Lamar - Wesley's Theory.mp3	/Users/koryjcampbell/Music/CRATES/GENRES/Hip-Hop:Rap/Contemporary West Coast/Kendrick Lamar - Wesley's Theory.mp3
/Users/koryjcampbell/Music/CRATES/GENRES/UNASSIGNED/Kory Likes/Kendrick Lamar - dodger blue.mp3	/Users/koryjcampbell/Music/CRATES/GENRES/Hip-Hop:Rap/Contemporary West Coast/Kendrick Lamar - dodger blue.mp3
/Users/koryjcampbell/Music/CRATES/GENRES/UNASSIGNED/Kory Likes/Kendrick Lamar - gloria.mp3	/Users/koryjcampbell/Music/CRATES/GENRES/Hip-Hop:Rap/Contemporary West Coast/Kendrick Lamar - gloria.mp3
/Users/koryjcampbell/Music/CRATES/GENRES/UNASSIGNED/Kory Likes/Kendrick Lamar - heart pt. 6.mp3	/Users/koryjcampbell/Music/CRATES/GENRES/Hip-Hop:Rap/2010s Hip-Hop/Kendrick Lamar - heart pt. 6.mp3
/Users/koryjcampbell/Music/CRATES/GENRES/UNASSIGNED/Kory Likes/Kendrick Lamar - hey now.mp3	/Users/koryjcampbell/Music/CRATES/GENRES/Hip-Hop:Rap/Contemporary West Coast/Kendrick Lamar - hey now.mp3
/Users/koryjcampbell/Music/CRATES/GENRES/UNASSIGNED/Kory Likes/Kendrick Lamar - meet the grahams.mp3	/Users/koryjcampbell/Music/CRATES/GENRES/Hip-Hop:Rap/2010s Hip-Hop/Kendrick Lamar - meet the grahams.mp3
/Users/koryjcampbell/Music/CRATES/GENRES/UNASSIGNED/Kory Likes/Kendrick Lamar - peekaboo.mp3	/Users/koryjcampbell/Music/CRATES/GENRES/Hip-Hop:Rap/Contemporary West Coast/Kendrick Lamar - peekaboo.mp3
/Users/koryjcampbell/Music/CRATES/GENRES/UNASSIGNED/Kory Likes/Kendrick Lamar - untitled 05 _ 09.21.2014.mp3	/Users/koryjcampbell/Music/CRATES/GENRES/Hip-Hop:Rap/2010s Hip-Hop/Kendrick Lamar - untitled 05 _ 09.21.2014.mp3
/Users/koryjcampbell/Music/CRATES/GENRES/UNASSIGNED/Kory Likes/Kendrick Lamar - wacced out murals.mp3	/Users/koryjcampbell/Music/CRATES/GENRES/Hip-Hop:Rap/2010s Hip-Hop/Kendrick Lamar - wacced out murals.mp3
/Users/koryjcampbell/Music/CRATES/GENRES/UNASSIGNED/Kory Likes/Kenny G - The Wedding Song.mp3	/Users/koryjcampbell/Music/CRATES/GENRES/Jazz/General Jazz/Kenny G - The Wedding Song.mp3
/Users/koryjcampbell/Music/CRATES/GENRES/UNASSIGNED/Kory Likes/Kenny Lattimore - For You.mp3	/Users/koryjcampbell/Music/CRATES/GENRES/R&B/1990s R&B/Kenny Lattimore - For You.mp3
/Users/koryjcampbell/Music/CRATES/GENRES/UNASSIGNED/Kory Likes/Kenny Loggins - What a Fool Believes (with Michael McDonald) (Live).mp3	/Users/koryjcampbell/Music/CRATES/GENRES/Rock/General Rock/Kenny Loggins - What a Fool Believes (with Michael McDonald) (Live).mp3
/Users/koryjcampbell/Music/CRATES/GENRES/UNASSIGNED/Kory Likes/Kenny Mason - JUMPIN IN.mp3	/Users/koryjcampbell/Music/CRATES/GENRES/Hip-Hop:Rap/2020s Hip-Hop/Kenny Mason - JUMPIN IN.mp3
/Users/koryjcampbell/Music/CRATES/GENRES/UNASSIGNED/Kory Likes/Kenyon Dixon - Can I Have This Groove.mp3	/Users/koryjcampbell/Music/CRATES/GENRES/R&B/2020s R&B/Kenyon Dixon - Can I Have This Groove.mp3
/Users/koryjcampbell/Music/CRATES/GENRES/UNASSIGNED/Kory Likes/Keri Hilson - Knock You Down.mp3	/Users/koryjcampbell/Music/CRATES/GENRES/R&B/2000s R&B/Keri Hilson - Knock You Down.mp3
/Users/koryjcampbell/Music/CRATES/GENRES/UNASSIGNED/Kory Likes/Kevin Abstract - Geezer.mp3	/Users/koryjcampbell/Music/CRATES/GENRES/Hip-Hop:Rap/2020s Hip-Hop/Kevin Abstract - Geezer.mp3
/Users/koryjcampbell/Music/CRATES/GENRES/UNASSIGNED/Kory Likes/Key Glock - 3AM in ToKEYo.mp3	/Users/koryjcampbell/Music/CRATES/GENRES/Hip-Hop:Rap/Trap Hip-Hop/Key Glock - 3AM in ToKEYo.mp3
/Users/koryjcampbell/Music/CRATES/GENRES/UNASSIGNED/Kory Likes/Key Glock - Die Trying.mp3	/Users/koryjcampbell/Music/CRATES/GENRES/Hip-Hop:Rap/Trap Hip-Hop/Key Glock - Die Trying.mp3
/Users/koryjcampbell/Music/CRATES/GENRES/UNASSIGNED/Kory Likes/Khia - Steer.mp3	/Users/koryjcampbell/Music/CRATES/GENRES/Hip-Hop:Rap/2000s Hip-Hop/Khia - Steer.mp3
/Users/koryjcampbell/Music/CRATES/GENRES/UNASSIGNED/Kory Likes/Khia - The K-Wang.mp3	/Users/koryjcampbell/Music/CRATES/GENRES/Hip-Hop:Rap/2000s Hip-Hop/Khia - The K-Wang.mp3
/Users/koryjcampbell/Music/CRATES/GENRES/UNASSIGNED/Kory Likes/Khruangbin - Summer Madness (Exclusive Cover Version).mp3	/Users/koryjcampbell/Music/CRATES/GENRES/Funk/2020s Funk/Khruangbin - Summer Madness (Exclusive Cover Version).mp3
/Users/koryjcampbell/Music/CRATES/GENRES/UNASSIGNED/Kory Likes/Kid Cudi - ELECTROWAVEBABY.mp3	/Users/koryjcampbell/Music/CRATES/GENRES/Hip-Hop:Rap/Midwest Hip-Hop/Kid Cudi - ELECTROWAVEBABY.mp3
/Users/koryjcampbell/Music/CRATES/GENRES/UNASSIGNED/Kory Likes/Kiefer - Montara.mp3	/Users/koryjcampbell/Music/CRATES/GENRES/Jazz/General Jazz/Kiefer - Montara.mp3
/Users/koryjcampbell/Music/CRATES/GENRES/UNASSIGNED/Kory Likes/Kiefer - Something For Real.mp3	/Users/koryjcampbell/Music/CRATES/GENRES/Jazz/General Jazz/Kiefer - Something For Real.mp3
/Users/koryjcampbell/Music/CRATES/GENRES/UNASSIGNED/Kory Likes/King George - Keep On Rollin.mp3	/Users/koryjcampbell/Music/CRATES/GENRES/Soul/2020s Soul/King George - Keep On Rollin.mp3
/Users/koryjcampbell/Music/CRATES/GENRES/UNASSIGNED/Kory Likes/King Hendrick$ - Cashed a Mansion.mp3	/Users/koryjcampbell/Music/CRATES/GENRES/Hip-Hop:Rap/Detroit Hip-Hop/King Hendrick$ - Cashed a Mansion.mp3
/Users/koryjcampbell/Music/CRATES/GENRES/UNASSIGNED/Kory Likes/King Hendrick$ - Leaving the Lot.mp3	/Users/koryjcampbell/Music/CRATES/GENRES/Hip-Hop:Rap/2020s Hip-Hop/King Hendrick$ - Leaving the Lot.mp3
/Users/koryjcampbell/Music/CRATES/GENRES/UNASSIGNED/Kory Likes/King Willonius - BBL Drizzy.mp3	/Users/koryjcampbell/Music/CRATES/GENRES/Hip-Hop:Rap/2020s Hip-Hop/King Willonius - BBL Drizzy.mp3
/Users/koryjcampbell/Music/CRATES/GENRES/UNASSIGNED/Kory Likes/King Willonius - Don't Say It.mp3	/Users/koryjcampbell/Music/CRATES/GENRES/Hip-Hop:Rap/2020s Hip-Hop/King Willonius - Don't Say It.mp3
/Users/koryjcampbell/Music/CRATES/GENRES/UNASSIGNED/Kory Likes/King Willonius - Nclecta (The A is silent).mp3	/Users/koryjcampbell/Music/CRATES/GENRES/Hip-Hop:Rap/2020s Hip-Hop/King Willonius - Nclecta (The A is silent).mp3
/Users/koryjcampbell/Music/CRATES/GENRES/UNASSIGNED/Kory Likes/Kirby - Pineapple Cognac.mp3	/Users/koryjcampbell/Music/CRATES/GENRES/Soul/2020s Soul/Kirby - Pineapple Cognac.mp3
/Users/koryjcampbell/Music/CRATES/GENRES/UNASSIGNED/Kory Likes/Kirk Franklin & The Family - Melodies From Heaven.mp3	/Users/koryjcampbell/Music/CRATES/GENRES/Gospel/2000s Gospel/Kirk Franklin & The Family - Melodies From Heaven.mp3
/Users/koryjcampbell/Music/CRATES/GENRES/UNASSIGNED/Kory Likes/Kirk Franklin - Looking for You.mp3	/Users/koryjcampbell/Music/CRATES/GENRES/Gospel/General Gospel/Kirk Franklin - Looking for You.mp3
/Users/koryjcampbell/Music/CRATES/GENRES/UNASSIGNED/Kory Likes/Kirk Franklin - Melodies From Heaven (With Kirk Franklin Outro).mp3	/Users/koryjcampbell/Music/CRATES/GENRES/Gospel/2000s Gospel/Kirk Franklin - Melodies From Heaven (With Kirk Franklin Outro).mp3
/Users/koryjcampbell/Music/CRATES/GENRES/UNASSIGNED/Kory Likes/Kirk Franklin - Stomp (Remix).mp3	/Users/koryjcampbell/Music/CRATES/GENRES/Gospel/General Gospel/Kirk Franklin - Stomp (Remix).mp3
/Users/koryjcampbell/Music/CRATES/GENRES/UNASSIGNED/Kory Likes/Knxwledge - Jstfriends.mp3	/Users/koryjcampbell/Music/CRATES/GENRES/Future Beats/General Future Beats/Knxwledge - Jstfriends.mp3
/Users/koryjcampbell/Music/CRATES/GENRES/UNASSIGNED/Kory Likes/Knxwledge - minding_my business.mp3	/Users/koryjcampbell/Music/CRATES/GENRES/Future Beats/General Future Beats/Knxwledge - minding_my business.mp3
/Users/koryjcampbell/Music/CRATES/GENRES/UNASSIGNED/Kory Likes/Kodak Black - Shake Back.mp3	/Users/koryjcampbell/Music/CRATES/GENRES/Hip-Hop:Rap/2010s Hip-Hop/Kodak Black - Shake Back.mp3
/Users/koryjcampbell/Music/CRATES/GENRES/UNASSIGNED/Kory Likes/Kodie Shane - Pull The Car Around.mp3	/Users/koryjcampbell/Music/CRATES/GENRES/Hip-Hop:Rap/2020s Hip-Hop/Kodie Shane - Pull The Car Around.mp3
/Users/koryjcampbell/Music/CRATES/GENRES/UNASSIGNED/Kory Likes/Koffi Olomide - Attentat.mp3	/Users/koryjcampbell/Music/CRATES/GENRES/World/General World/Koffi Olomide - Attentat.mp3
/Users/koryjcampbell/Music/CRATES/GENRES/UNASSIGNED/Kory Likes/Koffi Olomide - Loi.mp3	/Users/koryjcampbell/Music/CRATES/GENRES/World/General World/Koffi Olomide - Loi.mp3
/Users/koryjcampbell/Music/CRATES/GENRES/UNASSIGNED/Kory Likes/Kokoroko - Just Can't Wait.mp3	/Users/koryjcampbell/Music/CRATES/GENRES/Jazz/General Jazz/Kokoroko - Just Can't Wait.mp3
/Users/koryjcampbell/Music/CRATES/GENRES/UNASSIGNED/Kory Likes/Kool & The Gang - Ladies Night (Single Version).mp3	/Users/koryjcampbell/Music/CRATES/GENRES/Funk/General Funk/Kool & The Gang - Ladies Night (Single Version).mp3
/Users/koryjcampbell/Music/CRATES/GENRES/UNASSIGNED/Kory Likes/Kool & The Gang - Little Children.mp3	/Users/koryjcampbell/Music/CRATES/GENRES/Funk/General Funk/Kool & The Gang - Little Children.mp3
/Users/koryjcampbell/Music/CRATES/GENRES/UNASSIGNED/Kory Likes/Kool & The Gang - Stop, Look, Listen (To Your Heart) _ Blowin' With The Wind.mp3	/Users/koryjcampbell/Music/CRATES/GENRES/Funk/General Funk/Kool & The Gang - Stop, Look, Listen (To Your Heart) _ Blowin' With The Wind.mp3
/Users/koryjcampbell/Music/CRATES/GENRES/UNASSIGNED/Kory Likes/Kool & The Gang - Summer Madness.mp3	/Users/koryjcampbell/Music/CRATES/GENRES/Funk/General Funk/Kool & The Gang - Summer Madness.mp3
/Users/koryjcampbell/Music/CRATES/GENRES/UNASSIGNED/Kory Likes/Kut Klose - Don't Change.mp3	/Users/koryjcampbell/Music/CRATES/GENRES/R&B/1990s R&B/Kut Klose - Don't Change.mp3
/Users/koryjcampbell/Music/CRATES/GENRES/UNASSIGNED/Kory Likes/KwN - fxckin (interlude).mp3	/Users/koryjcampbell/Music/CRATES/GENRES/R&B/2020s R&B/KwN - fxckin (interlude).mp3
/Users/koryjcampbell/Music/CRATES/GENRES/UNASSIGNED/Kory Likes/KwN - talk you through it (feat. FLO).mp3	/Users/koryjcampbell/Music/CRATES/GENRES/R&B/2020s R&B/KwN - talk you through it (feat. FLO).mp3
/Users/koryjcampbell/Music/CRATES/GENRES/UNASSIGNED/Kory Likes/L.T.D. - Love Ballad.mp3	/Users/koryjcampbell/Music/CRATES/GENRES/Soul/1970s Soul/L.T.D. - Love Ballad.mp3
/Users/koryjcampbell/Music/CRATES/GENRES/UNASSIGNED/Kory Likes/LL COOL J - Saturday Night Special.mp3	/Users/koryjcampbell/Music/CRATES/GENRES/Hip-Hop:Rap/2020s Hip-Hop/LL COOL J - Saturday Night Special.mp3
/Users/koryjcampbell/Music/CRATES/GENRES/UNASSIGNED/Kory Likes/LNDN DRGS - Fade _ Summertime.mp3	/Users/koryjcampbell/Music/CRATES/GENRES/Hip-Hop:Rap/Contemporary West Coast/LNDN DRGS - Fade _ Summertime.mp3
/Users/koryjcampbell/Music/CRATES/GENRES/UNASSIGNED/Kory Likes/LNDN DRGS - Let Me Be the 1.mp3	/Users/koryjcampbell/Music/CRATES/GENRES/Hip-Hop:Rap/Contemporary West Coast/LNDN DRGS - Let Me Be the 1.mp3
/Users/koryjcampbell/Music/CRATES/GENRES/UNASSIGNED/Kory Likes/LNDN DRGS - Susan.mp3	/Users/koryjcampbell/Music/CRATES/GENRES/Hip-Hop:Rap/Contemporary West Coast/LNDN DRGS - Susan.mp3
/Users/koryjcampbell/Music/CRATES/GENRES/UNASSIGNED/Kory Likes/LOE Shimmy - 3am.mp3	/Users/koryjcampbell/Music/CRATES/GENRES/Hip-Hop:Rap/2020s Hip-Hop/LOE Shimmy - 3am.mp3
/Users/koryjcampbell/Music/CRATES/GENRES/UNASSIGNED/Kory Likes/LOE Shimmy - Murda Dance.mp3	/Users/koryjcampbell/Music/CRATES/GENRES/Hip-Hop:Rap/2020s Hip-Hop/LOE Shimmy - Murda Dance.mp3
/Users/koryjcampbell/Music/CRATES/GENRES/UNASSIGNED/Kory Likes/LOOK DAMIEN! - SUMN TO ME (feat. RAHIEM SUPREME).mp3	/Users/koryjcampbell/Music/CRATES/GENRES/Hip-Hop:Rap/2020s Hip-Hop/LOOK DAMIEN! - SUMN TO ME (feat. RAHIEM SUPREME).mp3
/Users/koryjcampbell/Music/CRATES/GENRES/UNASSIGNED/Kory Likes/LTJ Bukem - Demons Theme Part II.mp3	/Users/koryjcampbell/Music/CRATES/GENRES/Jungle/General Jungle/LTJ Bukem - Demons Theme Part II.mp3
/Users/koryjcampbell/Music/CRATES/GENRES/UNASSIGNED/Kory Likes/LaRussell - Cali Bear.mp3	/Users/koryjcampbell/Music/CRATES/GENRES/Hip-Hop:Rap/2020s Hip-Hop/LaRussell - Cali Bear.mp3
/Users/koryjcampbell/Music/CRATES/GENRES/UNASSIGNED/Kory Likes/Labi Siffre - Bless the Telephone.mp3	/Users/koryjcampbell/Music/CRATES/GENRES/Soul/1970s Soul/Labi Siffre - Bless the Telephone.mp3
/Users/koryjcampbell/Music/CRATES/GENRES/UNASSIGNED/Kory Likes/Labi Siffre - Cannock Chase.mp3	/Users/koryjcampbell/Music/CRATES/GENRES/Soul/1970s Soul/Labi Siffre - Cannock Chase.mp3
/Users/koryjcampbell/Music/CRATES/GENRES/UNASSIGNED/Kory Likes/Lady Wray - What It Means.mp3	/Users/koryjcampbell/Music/CRATES/GENRES/Soul/2020s Soul/Lady Wray - What It Means.mp3
/Users/koryjcampbell/Music/CRATES/GENRES/UNASSIGNED/Kory Likes/Laila! - Grand Opening.mp3	/Users/koryjcampbell/Music/CRATES/GENRES/R&B/2020s R&B/Laila! - Grand Opening.mp3
/Users/koryjcampbell/Music/CRATES/GENRES/UNASSIGNED/Kory Likes/Laila! - Like That!.mp3	/Users/koryjcampbell/Music/CRATES/GENRES/R&B/2020s R&B/Laila! - Like That!.mp3
/Users/koryjcampbell/Music/CRATES/GENRES/UNASSIGNED/Kory Likes/Laila! - Want 2.mp3	/Users/koryjcampbell/Music/CRATES/GENRES/R&B/2020s R&B/Laila! - Want 2.mp3
/Users/koryjcampbell/Music/CRATES/GENRES/UNASSIGNED/Kory Likes/Lakeyah - Mind Yo Business.mp3	/Users/koryjcampbell/Music/CRATES/GENRES/Hip-Hop:Rap/2020s Hip-Hop/Lakeyah - Mind Yo Business.mp3
/Users/koryjcampbell/Music/CRATES/GENRES/UNASSIGNED/Kory Likes/Lalah Hathaway - So In Love.mp3	/Users/koryjcampbell/Music/CRATES/GENRES/Soul/2020s Soul/Lalah Hathaway - So In Love.mp3
/Users/koryjcampbell/Music/CRATES/GENRES/UNASSIGNED/Kory Likes/Latimore - Let's Straighten It Out.mp3	/Users/koryjcampbell/Music/CRATES/GENRES/Soul/1970s Soul/Latimore - Let's Straighten It Out.mp3
/Users/koryjcampbell/Music/CRATES/GENRES/UNASSIGNED/Kory Likes/Latto - Brokey.mp3	/Users/koryjcampbell/Music/CRATES/GENRES/Hip-Hop:Rap/2020s Hip-Hop/Latto - Brokey.mp3
/Users/koryjcampbell/Music/CRATES/GENRES/UNASSIGNED/Kory Likes/Latto - It's Givin.mp3	/Users/koryjcampbell/Music/CRATES/GENRES/Hip-Hop:Rap/2020s Hip-Hop/Latto - It's Givin.mp3
/Users/koryjcampbell/Music/CRATES/GENRES/UNASSIGNED/Kory Likes/Laya - Ain't Sad About It (ORA Mix V1).mp3	/Users/koryjcampbell/Music/CRATES/GENRES/R&B/2020s R&B/Laya - Ain't Sad About It (ORA Mix V1).mp3
/Users/koryjcampbell/Music/CRATES/GENRES/UNASSIGNED/Kory Likes/Laya - Sock It 2 Me.mp3	/Users/koryjcampbell/Music/CRATES/GENRES/R&B/2020s R&B/Laya - Sock It 2 Me.mp3
/Users/koryjcampbell/Music/CRATES/GENRES/UNASSIGNED/Kory Likes/Le Tigre - Deceptacon.mp3	/Users/koryjcampbell/Music/CRATES/GENRES/Rock/General Rock/Le Tigre - Deceptacon.mp3
/Users/koryjcampbell/Music/CRATES/GENRES/UNASSIGNED/Kory Likes/Ledisi - Like It Was (Terry Hunter Remix).mp3	/Users/koryjcampbell/Music/CRATES/GENRES/House/General House/Ledisi - Like It Was (Terry Hunter Remix).mp3
/Users/koryjcampbell/Music/CRATES/GENRES/UNASSIGNED/Kory Likes/Ledisi - Think Of You.mp3	/Users/koryjcampbell/Music/CRATES/GENRES/R&B/2000s R&B/Ledisi - Think Of You.mp3
/Users/koryjcampbell/Music/CRATES/GENRES/UNASSIGNED/Kory Likes/Lelo - No contempt.mp3	/Users/koryjcampbell/Music/CRATES/GENRES/Hip-Hop:Rap/2020s Hip-Hop/Lelo - No contempt.mp3
/Users/koryjcampbell/Music/CRATES/GENRES/UNASSIGNED/Kory Likes/Lelo - Soldier.mp3	/Users/koryjcampbell/Music/CRATES/GENRES/Hip-Hop:Rap/2020s Hip-Hop/Lelo - Soldier.mp3
/Users/koryjcampbell/Music/CRATES/GENRES/UNASSIGNED/Kory Likes/Leon Haywood - I Want'a Do Something Freaky To You.mp3	/Users/koryjcampbell/Music/CRATES/GENRES/Funk/General Funk/Leon Haywood - I Want'a Do Something Freaky To You.mp3
/Users/koryjcampbell/Music/CRATES/GENRES/UNASSIGNED/Kory Likes/Leon Thomas - 5MoreMinutes.mp3	/Users/koryjcampbell/Music/CRATES/GENRES/R&B/2020s R&B/Leon Thomas - 5MoreMinutes.mp3
/Users/koryjcampbell/Music/CRATES/GENRES/UNASSIGNED/Kory Likes/Leon Thomas - Baccarat.mp3	/Users/koryjcampbell/Music/CRATES/GENRES/R&B/2020s R&B/Leon Thomas - Baccarat.mp3
/Users/koryjcampbell/Music/CRATES/GENRES/UNASSIGNED/Kory Likes/Leon Thomas - Love Jones.mp3	/Users/koryjcampbell/Music/CRATES/GENRES/R&B/2020s R&B/Leon Thomas - Love Jones.mp3
/Users/koryjcampbell/Music/CRATES/GENRES/UNASSIGNED/Kory Likes/Leon Thomas - MUTT (CB REMIX).mp3	/Users/koryjcampbell/Music/CRATES/GENRES/R&B/2020s R&B/Leon Thomas - MUTT (CB REMIX).mp3
/Users/koryjcampbell/Music/CRATES/GENRES/UNASSIGNED/Kory Likes/Leon Thomas - MUTT.mp3	/Users/koryjcampbell/Music/CRATES/GENRES/R&B/2020s R&B/Leon Thomas - MUTT.mp3
/Users/koryjcampbell/Music/CRATES/GENRES/UNASSIGNED/Kory Likes/Leon Thomas - Treasure In The Hills.mp3	/Users/koryjcampbell/Music/CRATES/GENRES/R&B/2020s R&B/Leon Thomas - Treasure In The Hills.mp3
/Users/koryjcampbell/Music/CRATES/GENRES/UNASSIGNED/Kory Likes/Leon Thomas - YES IT IS.mp3	/Users/koryjcampbell/Music/CRATES/GENRES/R&B/2020s R&B/Leon Thomas - YES IT IS.mp3
/Users/koryjcampbell/Music/CRATES/GENRES/UNASSIGNED/Kory Likes/Les Nubians - Demain jazz.mp3	/Users/koryjcampbell/Music/CRATES/GENRES/Soul/Neo Soul/Les Nubians - Demain jazz.mp3
/Users/koryjcampbell/Music/CRATES/GENRES/UNASSIGNED/Kory Likes/Les Nubians - Makeda.mp3	/Users/koryjcampbell/Music/CRATES/GENRES/Soul/Neo Soul/Les Nubians - Makeda.mp3
/Users/koryjcampbell/Music/CRATES/GENRES/UNASSIGNED/Kory Likes/Letherette - After Dawn.mp3	/Users/koryjcampbell/Music/CRATES/GENRES/Electronic/General Electronic/Letherette - After Dawn.mp3
/Users/koryjcampbell/Music/CRATES/GENRES/UNASSIGNED/Kory Likes/Letherette - Langsette.mp3	/Users/koryjcampbell/Music/CRATES/GENRES/Electronic/General Electronic/Letherette - Langsette.mp3
/Users/koryjcampbell/Music/CRATES/GENRES/UNASSIGNED/Kory Likes/Leven Kali - 1 On 1.mp3	/Users/koryjcampbell/Music/CRATES/GENRES/R&B/2010s R&B/Leven Kali - 1 On 1.mp3
/Users/koryjcampbell/Music/CRATES/GENRES/UNASSIGNED/Kory Likes/Lianne La Havas - Seven Times.mp3	/Users/koryjcampbell/Music/CRATES/GENRES/Soul/2020s Soul/Lianne La Havas - Seven Times.mp3
/Users/koryjcampbell/Music/CRATES/GENRES/UNASSIGNED/Kory Likes/Lil Baby - By Myself.mp3	/Users/koryjcampbell/Music/CRATES/GENRES/Hip-Hop:Rap/2020s Hip-Hop/Lil Baby - By Myself.mp3
/Users/koryjcampbell/Music/CRATES/GENRES/UNASSIGNED/Kory Likes/Lil Baby - On Me.mp3	/Users/koryjcampbell/Music/CRATES/GENRES/Hip-Hop:Rap/2020s Hip-Hop/Lil Baby - On Me.mp3
/Users/koryjcampbell/Music/CRATES/GENRES/UNASSIGNED/Kory Likes/Lil Durk - 3 Headed Goat (feat. Lil Baby & Polo G).mp3	/Users/koryjcampbell/Music/CRATES/GENRES/Hip-Hop:Rap/2020s Hip-Hop/Lil Durk - 3 Headed Goat (feat. Lil Baby & Polo G).mp3
/Users/koryjcampbell/Music/CRATES/GENRES/UNASSIGNED/Kory Likes/Lil Durk - Turn Up A Notch.mp3	/Users/koryjcampbell/Music/CRATES/GENRES/Hip-Hop:Rap/Trap Hip-Hop/Lil Durk - Turn Up A Notch.mp3
/Users/koryjcampbell/Music/CRATES/GENRES/UNASSIGNED/Kory Likes/Lil Jon & The East Side Boyz - Nothins Free.mp3	/Users/koryjcampbell/Music/CRATES/GENRES/Hip-Hop:Rap/2000s Hip-Hop/Lil Jon & The East Side Boyz - Nothins Free.mp3
/Users/koryjcampbell/Music/CRATES/GENRES/UNASSIGNED/Kory Likes/Lil Jon & The East Side Boyz - Who U Wit.mp3	/Users/koryjcampbell/Music/CRATES/GENRES/Hip-Hop:Rap/2000s Hip-Hop/Lil Jon & The East Side Boyz - Who U Wit.mp3
/Users/koryjcampbell/Music/CRATES/GENRES/UNASSIGNED/Kory Likes/Lil Tjay - Me Again.mp3	/Users/koryjcampbell/Music/CRATES/GENRES/Hip-Hop:Rap/2020s Hip-Hop/Lil Tjay - Me Again.mp3
/Users/koryjcampbell/Music/CRATES/GENRES/UNASSIGNED/Kory Likes/Lil Uzi Vert - Feelings Mutual.mp3	/Users/koryjcampbell/Music/CRATES/GENRES/Hip-Hop:Rap/2010s Hip-Hop/Lil Uzi Vert - Feelings Mutual.mp3
/Users/koryjcampbell/Music/CRATES/GENRES/UNASSIGNED/Kory Likes/Lil Uzi Vert - Homecoming.mp3	/Users/koryjcampbell/Music/CRATES/GENRES/Hip-Hop:Rap/2010s Hip-Hop/Lil Uzi Vert - Homecoming.mp3
/Users/koryjcampbell/Music/CRATES/GENRES/UNASSIGNED/Kory Likes/Lil Uzi Vert - POP.mp3	/Users/koryjcampbell/Music/CRATES/GENRES/Hip-Hop:Rap/2010s Hip-Hop/Lil Uzi Vert - POP.mp3
/Users/koryjcampbell/Music/CRATES/GENRES/UNASSIGNED/Kory Likes/Lil Uzi Vert - Skir Skirr.mp3	/Users/koryjcampbell/Music/CRATES/GENRES/Hip-Hop:Rap/2010s Hip-Hop/Lil Uzi Vert - Skir Skirr.mp3
/Users/koryjcampbell/Music/CRATES/GENRES/UNASSIGNED/Kory Likes/Lil Wayne - Comfortable.mp3	/Users/koryjcampbell/Music/CRATES/GENRES/Hip-Hop:Rap/2000s Hip-Hop/Lil Wayne - Comfortable.mp3
/Users/koryjcampbell/Music/CRATES/GENRES/UNASSIGNED/Kory Likes/Lil Wayne - Throw It In.mp3	/Users/koryjcampbell/Music/CRATES/GENRES/Hip-Hop:Rap/2000s Hip-Hop/Lil Wayne - Throw It In.mp3
/Users/koryjcampbell/Music/CRATES/GENRES/UNASSIGNED/Kory Likes/Lil Yachty - Sorry Not Sorry.mp3	/Users/koryjcampbell/Music/CRATES/GENRES/Hip-Hop:Rap/2020s Hip-Hop/Lil Yachty - Sorry Not Sorry.mp3
/Users/koryjcampbell/Music/CRATES/GENRES/UNASSIGNED/Kory Likes/Lila Iké - He Loves Us Both (feat. H.E.R.).mp3	/Users/koryjcampbell/Music/CRATES/GENRES/Reggae/2020s Reggaeton/Lila Iké - He Loves Us Both (feat. H.E.R.).mp3
/Users/koryjcampbell/Music/CRATES/GENRES/UNASSIGNED/Kory Likes/Lily Massie - Believe.mp3	/Users/koryjcampbell/Music/CRATES/GENRES/R&B/2020s R&B/Lily Massie - Believe.mp3
/Users/koryjcampbell/Music/CRATES/GENRES/UNASSIGNED/Kory Likes/Lit - My Own Worst Enemy.mp3	/Users/koryjcampbell/Music/CRATES/GENRES/Rock/General Rock/Lit - My Own Worst Enemy.mp3
/Users/koryjcampbell/Music/CRATES/GENRES/UNASSIGNED/Kory Likes/Lithe - Cannonball (feat. Don Toliver).mp3	/Users/koryjcampbell/Music/CRATES/GENRES/Hip-Hop:Rap/2020s Hip-Hop/Lithe - Cannonball (feat. Don Toliver).mp3
/Users/koryjcampbell/Music/CRATES/GENRES/UNASSIGNED/Kory Likes/Little Beaver - Get into the Party Life.mp3	/Users/koryjcampbell/Music/CRATES/GENRES/Funk/General Funk/Little Beaver - Get into the Party Life.mp3
/Users/koryjcampbell/Music/CRATES/GENRES/UNASSIGNED/Kory Likes/Little Brother - All for You (feat. Darien Brockington).mp3	/Users/koryjcampbell/Music/CRATES/GENRES/Hip-Hop:Rap/Underground Hip-Hop/Little Brother - All for You (feat. Darien Brockington).mp3
/Users/koryjcampbell/Music/CRATES/GENRES/UNASSIGNED/Kory Likes/Little Brother - For You.mp3	/Users/koryjcampbell/Music/CRATES/GENRES/Hip-Hop:Rap/Underground Hip-Hop/Little Brother - For You.mp3
/Users/koryjcampbell/Music/CRATES/GENRES/UNASSIGNED/Kory Likes/Little Brother - Lovin' It (feat. Joe Scudda).mp3	/Users/koryjcampbell/Music/CRATES/GENRES/Hip-Hop:Rap/Underground Hip-Hop/Little Brother - Lovin' It (feat. Joe Scudda).mp3
/Users/koryjcampbell/Music/CRATES/GENRES/UNASSIGNED/Kory Likes/Little Brother - Say It Again.mp3	/Users/koryjcampbell/Music/CRATES/GENRES/Hip-Hop:Rap/Underground Hip-Hop/Little Brother - Say It Again.mp3
/Users/koryjcampbell/Music/CRATES/GENRES/UNASSIGNED/Kory Likes/Little Brother - Sincerely Yours.mp3	/Users/koryjcampbell/Music/CRATES/GENRES/Hip-Hop:Rap/Underground Hip-Hop/Little Brother - Sincerely Yours.mp3
/Users/koryjcampbell/Music/CRATES/GENRES/UNASSIGNED/Kory Likes/Little Brother - Slow It Down.mp3	/Users/koryjcampbell/Music/CRATES/GENRES/Hip-Hop:Rap/Underground Hip-Hop/Little Brother - Slow It Down.mp3
/Users/koryjcampbell/Music/CRATES/GENRES/UNASSIGNED/Kory Likes/Little Brother - Still Lives Through.mp3	/Users/koryjcampbell/Music/CRATES/GENRES/Hip-Hop:Rap/Underground Hip-Hop/Little Brother - Still Lives Through.mp3
/Users/koryjcampbell/Music/CRATES/GENRES/UNASSIGNED/Kory Likes/Lola Brooke - Don't Play With It (feat. Billy B).mp3	/Users/koryjcampbell/Music/CRATES/GENRES/Hip-Hop:Rap/Drill Edits/Lola Brooke - Don't Play With It (feat. Billy B).mp3
/Users/koryjcampbell/Music/CRATES/GENRES/UNASSIGNED/Kory Likes/Lola Young - Wish You Were Dead.mp3	/Users/koryjcampbell/Music/CRATES/GENRES/Pop/2020s Pop/Lola Young - Wish You Were Dead.mp3
/Users/koryjcampbell/Music/CRATES/GENRES/UNASSIGNED/Kory Likes/Lonnie Liston Smith - Bridge Through Time.mp3	/Users/koryjcampbell/Music/CRATES/GENRES/Jazz/General Jazz/Lonnie Liston Smith - Bridge Through Time.mp3
/Users/koryjcampbell/Music/CRATES/GENRES/UNASSIGNED/Kory Likes/Loose Ends - Hangin' On A String (Contemplating).mp3	/Users/koryjcampbell/Music/CRATES/GENRES/R&B/1980s R&B/Loose Ends - Hangin' On A String (Contemplating).mp3
/Users/koryjcampbell/Music/CRATES/GENRES/UNASSIGNED/Kory Likes/Lorne Balfe - Axel's Return (from the Netflix Film _Beverly Hills Cop_ Axel F_).mp3	/Users/koryjcampbell/Music/CRATES/GENRES/Electronic/General Electronic/Lorne Balfe - Axel's Return (from the Netflix Film _Beverly Hills Cop_ Axel F_).mp3
/Users/koryjcampbell/Music/CRATES/GENRES/UNASSIGNED/Kory Likes/Lucky Daye - Think Different.mp3	/Users/koryjcampbell/Music/CRATES/GENRES/R&B/2020s R&B/Lucky Daye - Think Different.mp3
/Users/koryjcampbell/Music/CRATES/GENRES/UNASSIGNED/Kory Likes/Ludacris - Number One Spot.mp3	/Users/koryjcampbell/Music/CRATES/GENRES/Hip-Hop:Rap/2000s Hip-Hop/Ludacris - Number One Spot.mp3
/Users/koryjcampbell/Music/CRATES/GENRES/UNASSIGNED/Kory Likes/Ludacris - One More Drink.mp3	/Users/koryjcampbell/Music/CRATES/GENRES/Hip-Hop:Rap/2000s Hip-Hop/Ludacris - One More Drink.mp3
/Users/koryjcampbell/Music/CRATES/GENRES/UNASSIGNED/Kory Likes/Luh Tyler - Young Nigga.mp3	/Users/koryjcampbell/Music/CRATES/GENRES/Hip-Hop:Rap/2020s Hip-Hop/Luh Tyler - Young Nigga.mp3
/Users/koryjcampbell/Music/CRATES/GENRES/UNASSIGNED/Kory Likes/Luiz Bonfá - The Shade of the Mango Tree.mp3	/Users/koryjcampbell/Music/CRATES/GENRES/Latin/General Latin/Luiz Bonfá - The Shade of the Mango Tree.mp3
/Users/koryjcampbell/Music/CRATES/GENRES/UNASSIGNED/Kory Likes/Luke - It's Your Birthday (Special Edit).mp3	/Users/koryjcampbell/Music/CRATES/GENRES/Hip-Hop:Rap/1990s Hip-Hop/Luke - It's Your Birthday (Special Edit).mp3
/Users/koryjcampbell/Music/CRATES/GENRES/UNASSIGNED/Kory Likes/Luke - Megamix.mp3	/Users/koryjcampbell/Music/CRATES/GENRES/Hip-Hop:Rap/1990s Hip-Hop/Luke - Megamix.mp3
/Users/koryjcampbell/Music/CRATES/GENRES/UNASSIGNED/Kory Likes/Luke James - all of your love (remix).mp3	/Users/koryjcampbell/Music/CRATES/GENRES/R&B/2020s R&B/Luke James - all of your love (remix).mp3
/Users/koryjcampbell/Music/CRATES/GENRES/UNASSIGNED/Kory Likes/Lupe Fiasco - Baba Says Cool for Thought.mp3	/Users/koryjcampbell/Music/CRATES/GENRES/Hip-Hop:Rap/Midwest Hip-Hop/Lupe Fiasco - Baba Says Cool for Thought.mp3
/Users/koryjcampbell/Music/CRATES/GENRES/UNASSIGNED/Kory Likes/Luther Vandross - A House Is Not a Home.mp3	/Users/koryjcampbell/Music/CRATES/GENRES/R&B/1980s R&B/Luther Vandross - A House Is Not a Home.mp3
/Users/koryjcampbell/Music/CRATES/GENRES/UNASSIGNED/Kory Likes/Luther Vandross - Bad Boy _ Having a Party.mp3	/Users/koryjcampbell/Music/CRATES/GENRES/R&B/1980s R&B/Luther Vandross - Bad Boy _ Having a Party.mp3
/Users/koryjcampbell/Music/CRATES/GENRES/UNASSIGNED/Kory Likes/Luther Vandross - Better Love.mp3	/Users/koryjcampbell/Music/CRATES/GENRES/R&B/1980s R&B/Luther Vandross - Better Love.mp3
/Users/koryjcampbell/Music/CRATES/GENRES/UNASSIGNED/Kory Likes/Luther Vandross - Don't You Know That_.mp3	/Users/koryjcampbell/Music/CRATES/GENRES/R&B/1980s R&B/Luther Vandross - Don't You Know That_.mp3
/Users/koryjcampbell/Music/CRATES/GENRES/UNASSIGNED/Kory Likes/Luther Vandross - Forever, for Always, for Love.mp3	/Users/koryjcampbell/Music/CRATES/GENRES/R&B/1980s R&B/Luther Vandross - Forever, for Always, for Love.mp3
/Users/koryjcampbell/Music/CRATES/GENRES/UNASSIGNED/Kory Likes/Luther Vandross - Michelle (Studio Mix).mp3	/Users/koryjcampbell/Music/CRATES/GENRES/R&B/1980s R&B/Luther Vandross - Michelle (Studio Mix).mp3
/Users/koryjcampbell/Music/CRATES/GENRES/UNASSIGNED/Kory Likes/Luther Vandross - Promise Me.mp3	/Users/koryjcampbell/Music/CRATES/GENRES/R&B/1980s R&B/Luther Vandross - Promise Me.mp3
/Users/koryjcampbell/Music/CRATES/GENRES/UNASSIGNED/Kory Likes/Luther Vandross - The Closer I Get to You (feat. Beyoncé Knowles).mp3	/Users/koryjcampbell/Music/CRATES/GENRES/R&B/2000s R&B/Luther Vandross - The Closer I Get to You (feat. Beyoncé Knowles).mp3
/Users/koryjcampbell/Music/CRATES/GENRES/UNASSIGNED/Kory Likes/Luther Vandross - This Is For Real.mp3	/Users/koryjcampbell/Music/CRATES/GENRES/Soul/1970s Soul/Luther Vandross - This Is For Real.mp3
/Users/koryjcampbell/Music/CRATES/GENRES/UNASSIGNED/Kory Likes/Lynda Dawn - Fonk Street.mp3	/Users/koryjcampbell/Music/CRATES/GENRES/Funk/General Funk/Lynda Dawn - Fonk Street.mp3
/Users/koryjcampbell/Music/CRATES/GENRES/UNASSIGNED/Kory Likes/Lynda Dawn - Move.mp3	/Users/koryjcampbell/Music/CRATES/GENRES/Funk/General Funk/Lynda Dawn - Move.mp3
/Users/koryjcampbell/Music/CRATES/GENRES/UNASSIGNED/Kory Likes/Lynda Dawn - Where You Are.mp3	/Users/koryjcampbell/Music/CRATES/GENRES/Funk/2020s Funk/Lynda Dawn - Where You Are.mp3
/Users/koryjcampbell/Music/CRATES/GENRES/UNASSIGNED/Kory Likes/Lyrical Lemonade - Tree On The Hill (Lunch Break Freestyle).mp3	/Users/koryjcampbell/Music/CRATES/GENRES/Hip-Hop:Rap/2020s Hip-Hop/Lyrical Lemonade - Tree On The Hill (Lunch Break Freestyle).mp3
/Users/koryjcampbell/Music/CRATES/GENRES/UNASSIGNED/Kory Likes/M.I.A. - Bucky Done Gun.mp3	/Users/koryjcampbell/Music/CRATES/GENRES/Pop/Brat Pop/M.I.A. - Bucky Done Gun.mp3
/Users/koryjcampbell/Music/CRATES/GENRES/UNASSIGNED/Kory Likes/MC Lyte - Keep On, Keepin' On (feat. Xscape).mp3	/Users/koryjcampbell/Music/CRATES/GENRES/Hip-Hop:Rap/1990s Hip-Hop/MC Lyte - Keep On, Keepin' On (feat. Xscape).mp3
/Users/koryjcampbell/Music/CRATES/GENRES/UNASSIGNED/Kory Likes/MF Doom - Gas Drawls.mp3	/Users/koryjcampbell/Music/CRATES/GENRES/Hip-Hop:Rap/Underground Hip-Hop/MF Doom - Gas Drawls.mp3
/Users/koryjcampbell/Music/CRATES/GENRES/UNASSIGNED/Kory Likes/MJG - Just Like Candy.mp3	/Users/koryjcampbell/Music/CRATES/GENRES/Hip-Hop:Rap/2000s Hip-Hop/MJG - Just Like Candy.mp3
/Users/koryjcampbell/Music/CRATES/GENRES/UNASSIGNED/Kory Likes/MÖRDA - B3 W17H YÖU.mp3	/Users/koryjcampbell/Music/CRATES/GENRES/Amapiano/General Amapiano/MÖRDA - B3 W17H YÖU.mp3
/Users/koryjcampbell/Music/CRATES/GENRES/UNASSIGNED/Kory Likes/MUNA - So What.mp3	/Users/koryjcampbell/Music/CRATES/GENRES/Pop/2020s Pop/MUNA - So What.mp3
/Users/koryjcampbell/Music/CRATES/GENRES/UNASSIGNED/Kory Likes/MXXWLL - Throwback.mp3	/Users/koryjcampbell/Music/CRATES/GENRES/Future Beats/General Future Beats/MXXWLL - Throwback.mp3
/Users/koryjcampbell/Music/CRATES/GENRES/UNASSIGNED/Kory Likes/Mac Ayres - Roses.mp3	/Users/koryjcampbell/Music/CRATES/GENRES/R&B/2010s R&B/Mac Ayres - Roses.mp3
/Users/koryjcampbell/Music/CRATES/GENRES/UNASSIGNED/Kory Likes/Mac Ayres - she just wanna see me rn.mp3	/Users/koryjcampbell/Music/CRATES/GENRES/R&B/2020s R&B/Mac Ayres - she just wanna see me rn.mp3
/Users/koryjcampbell/Music/CRATES/GENRES/UNASSIGNED/Kory Likes/Mach-Hommy - SONJE.mp3	/Users/koryjcampbell/Music/CRATES/GENRES/Hip-Hop:Rap/2020s Hip-Hop/Mach-Hommy - SONJE.mp3
/Users/koryjcampbell/Music/CRATES/GENRES/UNASSIGNED/Kory Likes/Mack Keane - Sophia.mp3	/Users/koryjcampbell/Music/CRATES/GENRES/R&B/2020s R&B/Mack Keane - Sophia.mp3
/Users/koryjcampbell/Music/CRATES/GENRES/UNASSIGNED/Kory Likes/Mad Keys - Resurgence.mp3	/Users/koryjcampbell/Music/CRATES/GENRES/Future Beats/General Future Beats/Mad Keys - Resurgence.mp3
/Users/koryjcampbell/Music/CRATES/GENRES/UNASSIGNED/Kory Likes/Madison McFerrin - Fleeting Melodies.mp3	/Users/koryjcampbell/Music/CRATES/GENRES/Soul/Neo Soul/Madison McFerrin - Fleeting Melodies.mp3
/Users/koryjcampbell/Music/CRATES/GENRES/UNASSIGNED/Kory Likes/Madison McFerrin - TRY.mp3	/Users/koryjcampbell/Music/CRATES/GENRES/Soul/Neo Soul/Madison McFerrin - TRY.mp3
/Users/koryjcampbell/Music/CRATES/GENRES/UNASSIGNED/Kory Likes/Madison Ryann Ward - Amen (The Finesse Remix).mp3	/Users/koryjcampbell/Music/CRATES/GENRES/Soul/2020s Soul/Madison Ryann Ward - Amen (The Finesse Remix).mp3
/Users/koryjcampbell/Music/CRATES/GENRES/UNASSIGNED/Kory Likes/Major Myjah - Exes.mp3	/Users/koryjcampbell/Music/CRATES/GENRES/Dancehall/General Dancehall/Major Myjah - Exes.mp3
/Users/koryjcampbell/Music/CRATES/GENRES/UNASSIGNED/Kory Likes/Makoto Matsushita - Love Was Really Gone (2018 Remaster).mp3	/Users/koryjcampbell/Music/CRATES/GENRES/Pop/1980s Pop/Makoto Matsushita - Love Was Really Gone (2018 Remaster).mp3
/Users/koryjcampbell/Music/CRATES/GENRES/UNASSIGNED/Kory Likes/Makoto Matsushita - This Is All I Have for You (2018 Remaster).mp3	/Users/koryjcampbell/Music/CRATES/GENRES/Pop/1980s Pop/Makoto Matsushita - This Is All I Have for You (2018 Remaster).mp3
/Users/koryjcampbell/Music/CRATES/GENRES/UNASSIGNED/Kory Likes/Malumz on Decks - Teka.mp3	/Users/koryjcampbell/Music/CRATES/GENRES/House/General House/Malumz on Decks - Teka.mp3
/Users/koryjcampbell/Music/CRATES/GENRES/UNASSIGNED/Kory Likes/Mandré - Dirty Love.mp3	/Users/koryjcampbell/Music/CRATES/GENRES/Funk/General Funk/Mandré - Dirty Love.mp3
/Users/koryjcampbell/Music/CRATES/GENRES/UNASSIGNED/Kory Likes/Mansur Brown - Back South.mp3	/Users/koryjcampbell/Music/CRATES/GENRES/Jazz/2010s Jazz/Mansur Brown - Back South.mp3
/Users/koryjcampbell/Music/CRATES/GENRES/UNASSIGNED/Kory Likes/Marc Sadane - Message from Me to You.mp3	/Users/koryjcampbell/Music/CRATES/GENRES/R&B/1980s R&B/Marc Sadane - Message from Me to You.mp3
/Users/koryjcampbell/Music/CRATES/GENRES/UNASSIGNED/Kory Likes/Marc Sadane - One Minute from Love.mp3	/Users/koryjcampbell/Music/CRATES/GENRES/R&B/1980s R&B/Marc Sadane - One Minute from Love.mp3
/Users/koryjcampbell/Music/CRATES/GENRES/UNASSIGNED/Kory Likes/Marcus Johnson - Any Time Any Place.mp3	/Users/koryjcampbell/Music/CRATES/GENRES/Jazz/2010s Jazz/Marcus Johnson - Any Time Any Place.mp3
/Users/koryjcampbell/Music/CRATES/GENRES/UNASSIGNED/Kory Likes/Mariah Carey - Melt Away.mp3	/Users/koryjcampbell/Music/CRATES/GENRES/Pop/1990s Pop/Mariah Carey - Melt Away.mp3
/Users/koryjcampbell/Music/CRATES/GENRES/UNASSIGNED/Kory Likes/Mariah Carey - Shake It Off.mp3	/Users/koryjcampbell/Music/CRATES/GENRES/Pop/1990s Pop/Mariah Carey - Shake It Off.mp3
/Users/koryjcampbell/Music/CRATES/GENRES/UNASSIGNED/Kory Likes/Mariah Carey - The Roof (Back In Time).mp3	/Users/koryjcampbell/Music/CRATES/GENRES/Pop/1990s Pop/Mariah Carey - The Roof (Back In Time).mp3
/Users/koryjcampbell/Music/CRATES/GENRES/UNASSIGNED/Kory Likes/Marioo - Naogopa.mp3	/Users/koryjcampbell/Music/CRATES/GENRES/Afrobeats/2020s Afrobeats/Marioo - Naogopa.mp3
/Users/koryjcampbell/Music/CRATES/GENRES/UNASSIGNED/Kory Likes/Maritu Legese - Ambasel.mp3	/Users/koryjcampbell/Music/CRATES/GENRES/World/Ethiopian/Maritu Legese - Ambasel.mp3
/Users/koryjcampbell/Music/CRATES/GENRES/UNASSIGNED/Kory Likes/Mark Lettieri - Medallion.mp3	/Users/koryjcampbell/Music/CRATES/GENRES/Jazz/General Jazz/Mark Lettieri - Medallion.mp3
/Users/koryjcampbell/Music/CRATES/GENRES/UNASSIGNED/Kory Likes/Maroon 5 - Sunday Morning.mp3	/Users/koryjcampbell/Music/CRATES/GENRES/Pop/2010s Pop/Maroon 5 - Sunday Morning.mp3
/Users/koryjcampbell/Music/CRATES/GENRES/UNASSIGNED/Kory Likes/Marques Houston - Clubbin' (feat. Pied Piper & Joe Budden).mp3	/Users/koryjcampbell/Music/CRATES/GENRES/R&B/2000s R&B/Marques Houston - Clubbin' (feat. Pied Piper & Joe Budden).mp3
/Users/koryjcampbell/Music/CRATES/GENRES/UNASSIGNED/Kory Likes/Marques Houston - Sex Wit You.mp3	/Users/koryjcampbell/Music/CRATES/GENRES/R&B/2000s R&B/Marques Houston - Sex Wit You.mp3
/Users/koryjcampbell/Music/CRATES/GENRES/UNASSIGNED/Kory Likes/Marques Houston - Walk Away.mp3	/Users/koryjcampbell/Music/CRATES/GENRES/R&B/2000s R&B/Marques Houston - Walk Away.mp3
/Users/koryjcampbell/Music/CRATES/GENRES/UNASSIGNED/Kory Likes/Marsha Ambrosius - One Night Stand.mp3	/Users/koryjcampbell/Music/CRATES/GENRES/R&B/2020s R&B/Marsha Ambrosius - One Night Stand.mp3
/Users/koryjcampbell/Music/CRATES/GENRES/UNASSIGNED/Kory Likes/Marsha Ambrosius - The Greatest.mp3	/Users/koryjcampbell/Music/CRATES/GENRES/R&B/2020s R&B/Marsha Ambrosius - The Greatest.mp3
/Users/koryjcampbell/Music/CRATES/GENRES/UNASSIGNED/Kory Likes/Marshmello - Phoenix.mp3	/Users/koryjcampbell/Music/CRATES/GENRES/Dance/2020s Dance/Marshmello - Phoenix.mp3
/Users/koryjcampbell/Music/CRATES/GENRES/UNASSIGNED/Kory Likes/Marvin Gaye - Come Live With Me Angel.mp3	/Users/koryjcampbell/Music/CRATES/GENRES/Soul/1970s Soul/Marvin Gaye - Come Live With Me Angel.mp3
/Users/koryjcampbell/Music/CRATES/GENRES/UNASSIGNED/Kory Likes/Marvin Gaye - I Want You.mp3	/Users/koryjcampbell/Music/CRATES/GENRES/Soul/1970s Soul/Marvin Gaye - I Want You.mp3
/Users/koryjcampbell/Music/CRATES/GENRES/UNASSIGNED/Kory Likes/Marvin Sapp - Praise Him In Advance.mp3	/Users/koryjcampbell/Music/CRATES/GENRES/Gospel/2000s Gospel/Marvin Sapp - Praise Him In Advance.mp3
/Users/koryjcampbell/Music/CRATES/GENRES/UNASSIGNED/Kory Likes/Mary J. Blige - Not Gon' Cry.mp3	/Users/koryjcampbell/Music/CRATES/GENRES/R&B/1990s R&B/Mary J. Blige - Not Gon' Cry.mp3
/Users/koryjcampbell/Music/CRATES/GENRES/UNASSIGNED/Kory Likes/Master KG - Jerusalema (feat. Nomcebo Zikode).mp3	/Users/koryjcampbell/Music/CRATES/GENRES/House/General House/Master KG - Jerusalema (feat. Nomcebo Zikode).mp3
/Users/koryjcampbell/Music/CRATES/GENRES/UNASSIGNED/Kory Likes/Maverick City Music - Fear is Not My Future (Radio Version).mp3	/Users/koryjcampbell/Music/CRATES/GENRES/Gospel/General Gospel/Maverick City Music - Fear is Not My Future (Radio Version).mp3
/Users/koryjcampbell/Music/CRATES/GENRES/UNASSIGNED/Kory Likes/Maxwell - Sumthin' Sumthin' (Remastered 2021).mp3	/Users/koryjcampbell/Music/CRATES/GENRES/Soul/Neo Soul/Maxwell - Sumthin' Sumthin' (Remastered 2021).mp3
/Users/koryjcampbell/Music/CRATES/GENRES/UNASSIGNED/Kory Likes/Megan Thee Stallion - Budget (feat. Latto).mp3	/Users/koryjcampbell/Music/CRATES/GENRES/Hip-Hop:Rap/2020s Hip-Hop/Megan Thee Stallion - Budget (feat. Latto).mp3
/Users/koryjcampbell/Music/CRATES/GENRES/UNASSIGNED/Kory Likes/Megan Thee Stallion - Roc Steady (feat. Flo Milli).mp3	/Users/koryjcampbell/Music/CRATES/GENRES/Hip-Hop:Rap/2020s Hip-Hop/Megan Thee Stallion - Roc Steady (feat. Flo Milli).mp3
/Users/koryjcampbell/Music/CRATES/GENRES/UNASSIGNED/Kory Likes/Meghan Trainor - Whoops.mp3	/Users/koryjcampbell/Music/CRATES/GENRES/Pop/2020s Pop/Meghan Trainor - Whoops.mp3
/Users/koryjcampbell/Music/CRATES/GENRES/UNASSIGNED/Kory Likes/Melanie Fiona - It Kills Me.mp3	/Users/koryjcampbell/Music/CRATES/GENRES/R&B/2000s R&B/Melanie Fiona - It Kills Me.mp3
/Users/koryjcampbell/Music/CRATES/GENRES/UNASSIGNED/Kory Likes/Mello Buckzz - Move Pt. 2.mp3	/Users/koryjcampbell/Music/CRATES/GENRES/Hip-Hop:Rap/2020s Hip-Hop/Mello Buckzz - Move Pt. 2.mp3
/Users/koryjcampbell/Music/CRATES/GENRES/UNASSIGNED/Kory Likes/Men I Trust - Bethlehem.mp3	/Users/koryjcampbell/Music/CRATES/GENRES/Pop/2020s Pop/Men I Trust - Bethlehem.mp3
/Users/koryjcampbell/Music/CRATES/GENRES/UNASSIGNED/Kory Likes/Men I Trust - Billie Toppy.mp3	/Users/koryjcampbell/Music/CRATES/GENRES/Pop/2020s Pop/Men I Trust - Billie Toppy.mp3
/Users/koryjcampbell/Music/CRATES/GENRES/UNASSIGNED/Kory Likes/Men I Trust - Husk.mp3	/Users/koryjcampbell/Music/CRATES/GENRES/Pop/2020s Pop/Men I Trust - Husk.mp3
/Users/koryjcampbell/Music/CRATES/GENRES/UNASSIGNED/Kory Likes/Men I Trust - Sugar (live).mp3	/Users/koryjcampbell/Music/CRATES/GENRES/Pop/2020s Pop/Men I Trust - Sugar (live).mp3
/Users/koryjcampbell/Music/CRATES/GENRES/UNASSIGNED/Kory Likes/Men I Trust - Sugar.mp3	/Users/koryjcampbell/Music/CRATES/GENRES/Pop/2020s Pop/Men I Trust - Sugar.mp3
/Users/koryjcampbell/Music/CRATES/GENRES/UNASSIGNED/Kory Likes/Men of Vizion - Do Thangz (Album Version).mp3	/Users/koryjcampbell/Music/CRATES/GENRES/R&B/1990s R&B/Men of Vizion - Do Thangz (Album Version).mp3
/Users/koryjcampbell/Music/CRATES/GENRES/UNASSIGNED/Kory Likes/Mereba - Counterfeit.mp3	/Users/koryjcampbell/Music/CRATES/GENRES/R&B/2020s R&B/Mereba - Counterfeit.mp3
/Users/koryjcampbell/Music/CRATES/GENRES/UNASSIGNED/Kory Likes/Mereba - Sandstorm.mp3	/Users/koryjcampbell/Music/CRATES/GENRES/R&B/2010s R&B/Mereba - Sandstorm.mp3
/Users/koryjcampbell/Music/CRATES/GENRES/UNASSIGNED/Kory Likes/Meshell Ndegeocello - Bitter.mp3	/Users/koryjcampbell/Music/CRATES/GENRES/Soul/Neo Soul/Meshell Ndegeocello - Bitter.mp3
/Users/koryjcampbell/Music/CRATES/GENRES/UNASSIGNED/Kory Likes/Meshell Ndegeocello - Outside Your Door.mp3	/Users/koryjcampbell/Music/CRATES/GENRES/Soul/Neo Soul/Meshell Ndegeocello - Outside Your Door.mp3
/Users/koryjcampbell/Music/CRATES/GENRES/UNASSIGNED/Kory Likes/Meshell Ndegeocello - Satisfy.mp3	/Users/koryjcampbell/Music/CRATES/GENRES/Soul/Neo Soul/Meshell Ndegeocello - Satisfy.mp3
/Users/koryjcampbell/Music/CRATES/GENRES/UNASSIGNED/Kory Likes/MexikoDro - Liquor.mp3	/Users/koryjcampbell/Music/CRATES/GENRES/Hip-Hop:Rap/2020s Hip-Hop/MexikoDro - Liquor.mp3
/Users/koryjcampbell/Music/CRATES/GENRES/UNASSIGNED/Kory Likes/MexikoDro - No Date.mp3	/Users/koryjcampbell/Music/CRATES/GENRES/Hip-Hop:Rap/2020s Hip-Hop/MexikoDro - No Date.mp3
/Users/koryjcampbell/Music/CRATES/GENRES/UNASSIGNED/Kory Likes/Mez - Hot Spot.mp3	/Users/koryjcampbell/Music/CRATES/GENRES/Hip-Hop:Rap/2020s Hip-Hop/Mez - Hot Spot.mp3
/Users/koryjcampbell/Music/CRATES/GENRES/UNASSIGNED/Kory Likes/Michael Henderson - Valentine Love (Slow Version).mp3	/Users/koryjcampbell/Music/CRATES/GENRES/Soul/1970s Soul/Michael Henderson - Valentine Love (Slow Version).mp3
/Users/koryjcampbell/Music/CRATES/GENRES/UNASSIGNED/Kory Likes/Michael Jackson - Liberian Girl (2012 Remastered Version).mp3	/Users/koryjcampbell/Music/CRATES/GENRES/Pop/1990s Pop/Michael Jackson - Liberian Girl (2012 Remastered Version).mp3
/Users/koryjcampbell/Music/CRATES/GENRES/UNASSIGNED/Kory Likes/Michael Jackson - The Lady in My Life.mp3	/Users/koryjcampbell/Music/CRATES/GENRES/Pop/1990s Pop/Michael Jackson - The Lady in My Life.mp3
/Users/koryjcampbell/Music/CRATES/GENRES/UNASSIGNED/Kory Likes/Mick Jenkins - Guapanese.mp3	/Users/koryjcampbell/Music/CRATES/GENRES/Hip-Hop:Rap/2020s Hip-Hop/Mick Jenkins - Guapanese.mp3
/Users/koryjcampbell/Music/CRATES/GENRES/UNASSIGNED/Kory Likes/Midnight Star - Wet My Whistle.mp3	/Users/koryjcampbell/Music/CRATES/GENRES/Funk/General Funk/Midnight Star - Wet My Whistle.mp3
/Users/koryjcampbell/Music/CRATES/GENRES/UNASSIGNED/Kory Likes/Miguel - ...goingtohell.mp3	/Users/koryjcampbell/Music/CRATES/GENRES/Hip-Hop:Rap/2010s Hip-Hop/Miguel - ...goingtohell.mp3
/Users/koryjcampbell/Music/CRATES/GENRES/UNASSIGNED/Kory Likes/Miguel - Always Time.mp3	/Users/koryjcampbell/Music/CRATES/GENRES/Hip-Hop:Rap/2010s Hip-Hop/Miguel - Always Time.mp3
/Users/koryjcampbell/Music/CRATES/GENRES/UNASSIGNED/Kory Likes/Miguel - Angel's Song.mp3	/Users/koryjcampbell/Music/CRATES/GENRES/Hip-Hop:Rap/2010s Hip-Hop/Miguel - Angel's Song.mp3
/Users/koryjcampbell/Music/CRATES/GENRES/UNASSIGNED/Kory Likes/Miguel - COMMA _ KARMA.mp3	/Users/koryjcampbell/Music/CRATES/GENRES/R&B/2020s R&B/Miguel - COMMA _ KARMA.mp3
/Users/koryjcampbell/Music/CRATES/GENRES/UNASSIGNED/Kory Likes/Miguel - DEAL.mp3	/Users/koryjcampbell/Music/CRATES/GENRES/Hip-Hop:Rap/2010s Hip-Hop/Miguel - DEAL.mp3
/Users/koryjcampbell/Music/CRATES/GENRES/UNASSIGNED/Kory Likes/Miguel - Girl With The Tattoo [Wakyin Remix].mp3	/Users/koryjcampbell/Music/CRATES/GENRES/R&B/2020s R&B/Miguel - Girl With The Tattoo [Wakyin Remix].mp3
/Users/koryjcampbell/Music/CRATES/GENRES/UNASSIGNED/Kory Likes/Miguel - Oscillate.mp3	/Users/koryjcampbell/Music/CRATES/GENRES/Hip-Hop:Rap/2010s Hip-Hop/Miguel - Oscillate.mp3
/Users/koryjcampbell/Music/CRATES/GENRES/UNASSIGNED/Kory Likes/Miguel - Perderme.mp3	/Users/koryjcampbell/Music/CRATES/GENRES/Hip-Hop:Rap/2010s Hip-Hop/Miguel - Perderme.mp3
/Users/koryjcampbell/Music/CRATES/GENRES/UNASSIGNED/Kory Likes/Miguel - Use Me.mp3	/Users/koryjcampbell/Music/CRATES/GENRES/Hip-Hop:Rap/2010s Hip-Hop/Miguel - Use Me.mp3
/Users/koryjcampbell/Music/CRATES/GENRES/UNASSIGNED/Kory Likes/Miguel - coffee.mp3	/Users/koryjcampbell/Music/CRATES/GENRES/Hip-Hop:Rap/2010s Hip-Hop/Miguel - coffee.mp3
/Users/koryjcampbell/Music/CRATES/GENRES/UNASSIGNED/Kory Likes/Miguel - waves (Tame Impala Remix).mp3	/Users/koryjcampbell/Music/CRATES/GENRES/R&B/2010s R&B/Miguel - waves (Tame Impala Remix).mp3
/Users/koryjcampbell/Music/CRATES/GENRES/UNASSIGNED/Kory Likes/Miilkbone - Keep It Real.mp3	/Users/koryjcampbell/Music/CRATES/GENRES/Hip-Hop:Rap/1990s Hip-Hop/Miilkbone - Keep It Real.mp3
/Users/koryjcampbell/Music/CRATES/GENRES/UNASSIGNED/Kory Likes/Mike - Skurrr.mp3	/Users/koryjcampbell/Music/CRATES/GENRES/Hip-Hop:Rap/2020s Hip-Hop/Mike - Skurrr.mp3
/Users/koryjcampbell/Music/CRATES/GENRES/UNASSIGNED/Kory Likes/Mike - You're the Only One Watching.mp3	/Users/koryjcampbell/Music/CRATES/GENRES/Hip-Hop:Rap/2020s Hip-Hop/Mike - You're the Only One Watching.mp3
/Users/koryjcampbell/Music/CRATES/GENRES/UNASSIGNED/Kory Likes/Mike Stevens - Tell Me (How It Feels).mp3	/Users/koryjcampbell/Music/CRATES/GENRES/R&B/1980s R&B/Mike Stevens - Tell Me (How It Feels).mp3
/Users/koryjcampbell/Music/CRATES/GENRES/UNASSIGNED/Kory Likes/Mike WiLL Made-It - ATL (APPR3CIAT3 TH3 LOV3).mp3	/Users/koryjcampbell/Music/CRATES/GENRES/Hip-Hop:Rap/Trap Hip-Hop/Mike WiLL Made-It - ATL (APPR3CIAT3 TH3 LOV3).mp3
/Users/koryjcampbell/Music/CRATES/GENRES/UNASSIGNED/Kory Likes/Mike WiLL Made-It - D33P3R.mp3	/Users/koryjcampbell/Music/CRATES/GENRES/Hip-Hop:Rap/Trap Hip-Hop/Mike WiLL Made-It - D33P3R.mp3
/Users/koryjcampbell/Music/CRATES/GENRES/UNASSIGNED/Kory Likes/Mk.gee - Lonely Fight.mp3	/Users/koryjcampbell/Music/CRATES/GENRES/Rock/2020s Indie Rock/Mk.gee - Lonely Fight.mp3
/Users/koryjcampbell/Music/CRATES/GENRES/UNASSIGNED/Kory Likes/Mk.gee - You got it.mp3	/Users/koryjcampbell/Music/CRATES/GENRES/Rock/2020s Indie Rock/Mk.gee - You got it.mp3
/Users/koryjcampbell/Music/CRATES/GENRES/UNASSIGNED/Kory Likes/Mndsgn - Cosmic Perspective.mp3	/Users/koryjcampbell/Music/CRATES/GENRES/Future Beats/General Future Beats/Mndsgn - Cosmic Perspective.mp3
/Users/koryjcampbell/Music/CRATES/GENRES/UNASSIGNED/Kory Likes/Modern Baseball - Rock Bottom (Demo).mp3	/Users/koryjcampbell/Music/CRATES/GENRES/Rock/2020s Indie Rock/Modern Baseball - Rock Bottom (Demo).mp3
/Users/koryjcampbell/Music/CRATES/GENRES/UNASSIGNED/Kory Likes/Modest Mouse - Float On.mp3	/Users/koryjcampbell/Music/CRATES/GENRES/Rock/General Rock/Modest Mouse - Float On.mp3
/Users/koryjcampbell/Music/CRATES/GENRES/UNASSIGNED/Kory Likes/Moliy - Shake It To The Max (FLY) [Remix].mp3	/Users/koryjcampbell/Music/CRATES/GENRES/Dancehall/General Dancehall/Moliy - Shake It To The Max (FLY) [Remix].mp3
/Users/koryjcampbell/Music/CRATES/GENRES/UNASSIGNED/Kory Likes/Moneybagg Yo - FIREPLACE.mp3	/Users/koryjcampbell/Music/CRATES/GENRES/Hip-Hop:Rap/Trap Hip-Hop/Moneybagg Yo - FIREPLACE.mp3
/Users/koryjcampbell/Music/CRATES/GENRES/UNASSIGNED/Kory Likes/Moneybagg Yo - Said Sum (Remix).mp3	/Users/koryjcampbell/Music/CRATES/GENRES/Hip-Hop:Rap/2020s Hip-Hop/Moneybagg Yo - Said Sum (Remix).mp3
/Users/koryjcampbell/Music/CRATES/GENRES/UNASSIGNED/Kory Likes/Moneybagg Yo - Wockesha.mp3	/Users/koryjcampbell/Music/CRATES/GENRES/Hip-Hop:Rap/Trap Hip-Hop/Moneybagg Yo - Wockesha.mp3
/Users/koryjcampbell/Music/CRATES/GENRES/UNASSIGNED/Kory Likes/Monica - Gone Be Fine (feat. Outkast).mp3	/Users/koryjcampbell/Music/CRATES/GENRES/R&B/1990s R&B/Monica - Gone Be Fine (feat. Outkast).mp3
/Users/koryjcampbell/Music/CRATES/GENRES/UNASSIGNED/Kory Likes/Monica - Take Him Back.mp3	/Users/koryjcampbell/Music/CRATES/GENRES/R&B/1990s R&B/Monica - Take Him Back.mp3
/Users/koryjcampbell/Music/CRATES/GENRES/UNASSIGNED/Kory Likes/Monie Love - It's a Shame (My Sister).mp3	/Users/koryjcampbell/Music/CRATES/GENRES/Hip-Hop:Rap/1990s Hip-Hop/Monie Love - It's a Shame (My Sister).mp3
/Users/koryjcampbell/Music/CRATES/GENRES/UNASSIGNED/Kory Likes/Monte Booker - Mona Lisa.mp3	/Users/koryjcampbell/Music/CRATES/GENRES/Future Beats/General Future Beats/Monte Booker - Mona Lisa.mp3
/Users/koryjcampbell/Music/CRATES/GENRES/UNASSIGNED/Kory Likes/Monte Booker - defense.mp3	/Users/koryjcampbell/Music/CRATES/GENRES/Future Beats/General Future Beats/Monte Booker - defense.mp3
/Users/koryjcampbell/Music/CRATES/GENRES/UNASSIGNED/Kory Likes/Monte Booker - halo.mp3	/Users/koryjcampbell/Music/CRATES/GENRES/Future Beats/General Future Beats/Monte Booker - halo.mp3
/Users/koryjcampbell/Music/CRATES/GENRES/UNASSIGNED/Kory Likes/Monte Booker - marbles.mp3	/Users/koryjcampbell/Music/CRATES/GENRES/Future Beats/General Future Beats/Monte Booker - marbles.mp3
/Users/koryjcampbell/Music/CRATES/GENRES/UNASSIGNED/Kory Likes/Monte Booker - planets.mp3	/Users/koryjcampbell/Music/CRATES/GENRES/Future Beats/General Future Beats/Monte Booker - planets.mp3
/Users/koryjcampbell/Music/CRATES/GENRES/UNASSIGNED/Kory Likes/Monte Booker - thank you !.mp3	/Users/koryjcampbell/Music/CRATES/GENRES/Future Beats/General Future Beats/Monte Booker - thank you !.mp3
/Users/koryjcampbell/Music/CRATES/GENRES/UNASSIGNED/Kory Likes/Moonchild - Ride the Wave.mp3	/Users/koryjcampbell/Music/CRATES/GENRES/Soul/Neo Soul/Moonchild - Ride the Wave.mp3
/Users/koryjcampbell/Music/CRATES/GENRES/UNASSIGNED/Kory Likes/Moonchild - Tell Him.mp3	/Users/koryjcampbell/Music/CRATES/GENRES/Soul/Neo Soul/Moonchild - Tell Him.mp3
/Users/koryjcampbell/Music/CRATES/GENRES/UNASSIGNED/Kory Likes/Moonchild - Too Good.mp3	/Users/koryjcampbell/Music/CRATES/GENRES/Soul/Neo Soul/Moonchild - Too Good.mp3
/Users/koryjcampbell/Music/CRATES/GENRES/UNASSIGNED/Kory Likes/Mos Def - Brooklyn.mp3	/Users/koryjcampbell/Music/CRATES/GENRES/Hip-Hop:Rap/1990s Hip-Hop/Mos Def - Brooklyn.mp3
/Users/koryjcampbell/Music/CRATES/GENRES/UNASSIGNED/Kory Likes/Mos Def - The Boogie Man Song.mp3	/Users/koryjcampbell/Music/CRATES/GENRES/Hip-Hop:Rap/1990s Hip-Hop/Mos Def - The Boogie Man Song.mp3
/Users/koryjcampbell/Music/CRATES/GENRES/UNASSIGNED/Kory Likes/Mtume - Kiss the World Goodbye.mp3	/Users/koryjcampbell/Music/CRATES/GENRES/Funk/General Funk/Mtume - Kiss the World Goodbye.mp3
/Users/koryjcampbell/Music/CRATES/GENRES/UNASSIGNED/Kory Likes/Mura Masa - JUMP.mp3	/Users/koryjcampbell/Music/CRATES/GENRES/Pop/Brat Pop/Mura Masa - JUMP.mp3
/Users/koryjcampbell/Music/CRATES/GENRES/UNASSIGNED/Kory Likes/Musa Keys - Wakho.mp3	/Users/koryjcampbell/Music/CRATES/GENRES/Amapiano/General Amapiano/Musa Keys - Wakho.mp3
/Users/koryjcampbell/Music/CRATES/GENRES/UNASSIGNED/Kory Likes/Mustard - Parking Lot.mp3	/Users/koryjcampbell/Music/CRATES/GENRES/Hip-Hop:Rap/2020s Hip-Hop/Mustard - Parking Lot.mp3
/Users/koryjcampbell/Music/CRATES/GENRES/UNASSIGNED/Kory Likes/Myaap - Fairy.mp3	/Users/koryjcampbell/Music/CRATES/GENRES/Hip-Hop:Rap/2020s Hip-Hop/Myaap - Fairy.mp3
/Users/koryjcampbell/Music/CRATES/GENRES/UNASSIGNED/Kory Likes/Myles Lloyd - Drive Me Crazy.mp3	/Users/koryjcampbell/Music/CRATES/GENRES/R&B/2020s R&B/Myles Lloyd - Drive Me Crazy.mp3
/Users/koryjcampbell/Music/CRATES/GENRES/UNASSIGNED/Kory Likes/N-Phase - Spend the Night.mp3	/Users/koryjcampbell/Music/CRATES/GENRES/R&B/1990s R&B/N-Phase - Spend the Night.mp3
/Users/koryjcampbell/Music/CRATES/GENRES/UNASSIGNED/Kory Likes/N.E.R.D. - Things Are Getting Better.mp3	/Users/koryjcampbell/Music/CRATES/GENRES/Hip-Hop:Rap/2000s Hip-Hop/N.E.R.D. - Things Are Getting Better.mp3
/Users/koryjcampbell/Music/CRATES/GENRES/UNASSIGNED/Kory Likes/Naked Eyes - Always Something There to Remind Me (2018 Remaster).mp3	/Users/koryjcampbell/Music/CRATES/GENRES/Pop/1980s Pop/Naked Eyes - Always Something There to Remind Me (2018 Remaster).mp3
/Users/koryjcampbell/Music/CRATES/GENRES/UNASSIGNED/Kory Likes/Nancy Wilson - Don't Ask My Neighbors.mp3	/Users/koryjcampbell/Music/CRATES/GENRES/Jazz/1990s Jazz/Nancy Wilson - Don't Ask My Neighbors.mp3
/Users/koryjcampbell/Music/CRATES/GENRES/UNASSIGNED/Kory Likes/Nas - 2nd Childhood.mp3	/Users/koryjcampbell/Music/CRATES/GENRES/Hip-Hop:Rap/1990s Hip-Hop/Nas - 2nd Childhood.mp3
/Users/koryjcampbell/Music/CRATES/GENRES/UNASSIGNED/Kory Likes/Nas - 3rd Childhood.mp3	/Users/koryjcampbell/Music/CRATES/GENRES/Hip-Hop:Rap/East Coast Hip-Hop/Nas - 3rd Childhood.mp3
/Users/koryjcampbell/Music/CRATES/GENRES/UNASSIGNED/Kory Likes/Nas - You're da Man.mp3	/Users/koryjcampbell/Music/CRATES/GENRES/Hip-Hop:Rap/1990s Hip-Hop/Nas - You're da Man.mp3
/Users/koryjcampbell/Music/CRATES/GENRES/UNASSIGNED/Kory Likes/Natalie Cole - La Costa.mp3	/Users/koryjcampbell/Music/CRATES/GENRES/Soul/1970s Soul/Natalie Cole - La Costa.mp3
/Users/koryjcampbell/Music/CRATES/GENRES/UNASSIGNED/Kory Likes/Nate Dogg - Never Leave Me Alone.mp3	/Users/koryjcampbell/Music/CRATES/GENRES/Hip-Hop:Rap/Contemporary West Coast/Nate Dogg - Never Leave Me Alone.mp3
/Users/koryjcampbell/Music/CRATES/GENRES/UNASSIGNED/Kory Likes/Natinael Ayalew - Amrognal.mp3	/Users/koryjcampbell/Music/CRATES/GENRES/World/Ethiopian/Natinael Ayalew - Amrognal.mp3
/Users/koryjcampbell/Music/CRATES/GENRES/UNASSIGNED/Kory Likes/New Boyz - FM$.mp3	/Users/koryjcampbell/Music/CRATES/GENRES/Hip-Hop:Rap/2010s Hip-Hop/New Boyz - FM$.mp3
/Users/koryjcampbell/Music/CRATES/GENRES/UNASSIGNED/Kory Likes/Nick Hustles - Fuck All You Hoes.mp3	/Users/koryjcampbell/Music/CRATES/GENRES/Soul/2020s Soul/Nick Hustles - Fuck All You Hoes.mp3
/Users/koryjcampbell/Music/CRATES/GENRES/UNASSIGNED/Kory Likes/Nicki Minaj - Needle.mp3	/Users/koryjcampbell/Music/CRATES/GENRES/Hip-Hop:Rap/2020s Hip-Hop/Nicki Minaj - Needle.mp3
/Users/koryjcampbell/Music/CRATES/GENRES/UNASSIGNED/Kory Likes/Night Tapes - drifting.mp3	/Users/koryjcampbell/Music/CRATES/GENRES/Pop/2020s Pop/Night Tapes - drifting.mp3
/Users/koryjcampbell/Music/CRATES/GENRES/UNASSIGNED/Kory Likes/Nikki Giovanni - My House.mp3	/Users/koryjcampbell/Music/CRATES/GENRES/Soul/2020s Soul/Nikki Giovanni - My House.mp3
/Users/koryjcampbell/Music/CRATES/GENRES/UNASSIGNED/Kory Likes/Nipsey Hussle - Respect Ya Passion.mp3	/Users/koryjcampbell/Music/CRATES/GENRES/Hip-Hop:Rap/2010s Hip-Hop/Nipsey Hussle - Respect Ya Passion.mp3
/Users/koryjcampbell/Music/CRATES/GENRES/UNASSIGNED/Kory Likes/Nitecap - Long Haul.mp3	/Users/koryjcampbell/Music/CRATES/GENRES/Soul/2020s Soul/Nitecap - Long Haul.mp3
/Users/koryjcampbell/Music/CRATES/GENRES/UNASSIGNED/Kory Likes/Nivea - Laundromat (Radio Edit).mp3	/Users/koryjcampbell/Music/CRATES/GENRES/R&B/2000s R&B/Nivea - Laundromat (Radio Edit).mp3
/Users/koryjcampbell/Music/CRATES/GENRES/UNASSIGNED/Kory Likes/No Doubt - Underneath It All.mp3	/Users/koryjcampbell/Music/CRATES/GENRES/Pop/2000s Pop/No Doubt - Underneath It All.mp3
/Users/koryjcampbell/Music/CRATES/GENRES/UNASSIGNED/Kory Likes/Normani - All Yours.mp3	/Users/koryjcampbell/Music/CRATES/GENRES/R&B/2020s R&B/Normani - All Yours.mp3
/Users/koryjcampbell/Music/CRATES/GENRES/UNASSIGNED/Kory Likes/Nu Shooz - I Can't Wait.mp3	/Users/koryjcampbell/Music/CRATES/GENRES/Pop/1980s Pop/Nu Shooz - I Can't Wait.mp3
/Users/koryjcampbell/Music/CRATES/GENRES/UNASSIGNED/Kory Likes/NxWorries - 86Sentra.mp3	/Users/koryjcampbell/Music/CRATES/GENRES/Soul/Neo Soul/NxWorries - 86Sentra.mp3
/Users/koryjcampbell/Music/CRATES/GENRES/UNASSIGNED/Kory Likes/NxWorries - Daydreaming.mp3	/Users/koryjcampbell/Music/CRATES/GENRES/Soul/Neo Soul/NxWorries - Daydreaming.mp3
/Users/koryjcampbell/Music/CRATES/GENRES/UNASSIGNED/Kory Likes/NxWorries - Fkku.mp3	/Users/koryjcampbell/Music/CRATES/GENRES/Soul/Neo Soul/NxWorries - Fkku.mp3
/Users/koryjcampbell/Music/CRATES/GENRES/UNASSIGNED/Kory Likes/NxWorries - FromHere (feat. Snoop Dogg & October London).mp3	/Users/koryjcampbell/Music/CRATES/GENRES/Soul/Neo Soul/NxWorries - FromHere (feat. Snoop Dogg & October London).mp3
/Users/koryjcampbell/Music/CRATES/GENRES/UNASSIGNED/Kory Likes/NxWorries - MoveOn.mp3	/Users/koryjcampbell/Music/CRATES/GENRES/Soul/Neo Soul/NxWorries - MoveOn.mp3
/Users/koryjcampbell/Music/CRATES/GENRES/UNASSIGNED/Kory Likes/NxWorries - OutTheWay (feat. Rae Khalil).mp3	/Users/koryjcampbell/Music/CRATES/GENRES/Soul/Neo Soul/NxWorries - OutTheWay (feat. Rae Khalil).mp3
/Users/koryjcampbell/Music/CRATES/GENRES/UNASSIGNED/Kory Likes/NxWorries - Suede.mp3	/Users/koryjcampbell/Music/CRATES/GENRES/Soul/Neo Soul/NxWorries - Suede.mp3
/Users/koryjcampbell/Music/CRATES/GENRES/UNASSIGNED/Kory Likes/O'Bryan - You And I.mp3	/Users/koryjcampbell/Music/CRATES/GENRES/R&B/1980s R&B/O'Bryan - You And I.mp3
/Users/koryjcampbell/Music/CRATES/GENRES/UNASSIGNED/Kory Likes/O.V. Wright - I Don't Know Why.mp3	/Users/koryjcampbell/Music/CRATES/GENRES/Soul/General Soul/O.V. Wright - I Don't Know Why.mp3
/Users/koryjcampbell/Music/CRATES/GENRES/UNASSIGNED/Kory Likes/October London - Back to your Place.mp3	/Users/koryjcampbell/Music/CRATES/GENRES/Soul/2020s Soul/October London - Back to your Place.mp3
/Users/koryjcampbell/Music/CRATES/GENRES/UNASSIGNED/Kory Likes/October London - Touch on Me.mp3	/Users/koryjcampbell/Music/CRATES/GENRES/Soul/2020s Soul/October London - Touch on Me.mp3
/Users/koryjcampbell/Music/CRATES/GENRES/UNASSIGNED/Kory Likes/Odd Future - Analog 2 (feat. Tyler, The Creator, Frank Ocean & Sydney Bennett).mp3	/Users/koryjcampbell/Music/CRATES/GENRES/Hip-Hop:Rap/2010s Hip-Hop/Odd Future - Analog 2 (feat. Tyler, The Creator, Frank Ocean & Sydney Bennett).mp3
/Users/koryjcampbell/Music/CRATES/GENRES/UNASSIGNED/Kory Likes/Odeal - In the Chair.mp3	/Users/koryjcampbell/Music/CRATES/GENRES/Afrobeats/2020s Afrobeats/Odeal - In the Chair.mp3
/Users/koryjcampbell/Music/CRATES/GENRES/UNASSIGNED/Kory Likes/Odeal - My Heart.mp3	/Users/koryjcampbell/Music/CRATES/GENRES/Afrobeats/2020s Afrobeats/Odeal - My Heart.mp3
/Users/koryjcampbell/Music/CRATES/GENRES/UNASSIGNED/Kory Likes/Ohbliv - Striking Chords.mp3	/Users/koryjcampbell/Music/CRATES/GENRES/Hip-Hop:Rap/Boom Bap [Soundcloud]/Ohbliv - Striking Chords.mp3
/Users/koryjcampbell/Music/CRATES/GENRES/UNASSIGNED/Kory Likes/Ohbliv - The Lovers.mp3	/Users/koryjcampbell/Music/CRATES/GENRES/Hip-Hop:Rap/Boom Bap [Soundcloud]/Ohbliv - The Lovers.mp3
/Users/koryjcampbell/Music/CRATES/GENRES/UNASSIGNED/Kory Likes/Ojerime - Mansur's Interlude.mp3	/Users/koryjcampbell/Music/CRATES/GENRES/R&B/2020s R&B/Ojerime - Mansur's Interlude.mp3
/Users/koryjcampbell/Music/CRATES/GENRES/UNASSIGNED/Kory Likes/Olamide - 99.mp3	/Users/koryjcampbell/Music/CRATES/GENRES/Afrobeats/2020s Afrobeats/Olamide - 99.mp3
/Users/koryjcampbell/Music/CRATES/GENRES/UNASSIGNED/Kory Likes/Oliver Cheatham - Get Down Saturday Night.mp3	/Users/koryjcampbell/Music/CRATES/GENRES/Disco/General Disco/Oliver Cheatham - Get Down Saturday Night.mp3
/Users/koryjcampbell/Music/CRATES/GENRES/UNASSIGNED/Kory Likes/Olivia Dean - Dive.mp3	/Users/koryjcampbell/Music/CRATES/GENRES/Soul/2020s Soul/Olivia Dean - Dive.mp3
/Users/koryjcampbell/Music/CRATES/GENRES/UNASSIGNED/Kory Likes/Olivia Rodrigo - obsessed.mp3	/Users/koryjcampbell/Music/CRATES/GENRES/Pop/Contemporary Pop/Olivia Rodrigo - obsessed.mp3
/Users/koryjcampbell/Music/CRATES/GENRES/UNASSIGNED/Kory Likes/Omar - Lay It Down.mp3	/Users/koryjcampbell/Music/CRATES/GENRES/Soul/Neo Soul/Omar - Lay It Down.mp3
/Users/koryjcampbell/Music/CRATES/GENRES/UNASSIGNED/Kory Likes/Omega - Gyöngyhajú lány.mp3	/Users/koryjcampbell/Music/CRATES/GENRES/Latin/Latino Club Bangers/Omega - Gyöngyhajú lány.mp3
/Users/koryjcampbell/Music/CRATES/GENRES/UNASSIGNED/Kory Likes/OutKast - God (Interlude).mp3	/Users/koryjcampbell/Music/CRATES/GENRES/Hip-Hop:Rap/1990s Hip-Hop/OutKast - God (Interlude).mp3
/Users/koryjcampbell/Music/CRATES/GENRES/UNASSIGNED/Kory Likes/Overmono - Good Lies.mp3	/Users/koryjcampbell/Music/CRATES/GENRES/Electronic/General Electronic/Overmono - Good Lies.mp3
/Users/koryjcampbell/Music/CRATES/GENRES/UNASSIGNED/Kory Likes/Ovrkast. - Small Talk.mp3	/Users/koryjcampbell/Music/CRATES/GENRES/Hip-Hop:Rap/2020s Hip-Hop/Ovrkast. - Small Talk.mp3
/Users/koryjcampbell/Music/CRATES/GENRES/UNASSIGNED/Kory Likes/Ovrkast. - TBH!.mp3	/Users/koryjcampbell/Music/CRATES/GENRES/Hip-Hop:Rap/2020s Hip-Hop/Ovrkast. - TBH!.mp3
/Users/koryjcampbell/Music/CRATES/GENRES/UNASSIGNED/Kory Likes/PARTYNEXTDOOR - CELIBACY.mp3	/Users/koryjcampbell/Music/CRATES/GENRES/R&B/2020s R&B/PARTYNEXTDOOR - CELIBACY.mp3
/Users/koryjcampbell/Music/CRATES/GENRES/UNASSIGNED/Kory Likes/PARTYNEXTDOOR - GLORIOUS.mp3	/Users/koryjcampbell/Music/CRATES/GENRES/R&B/2020s R&B/PARTYNEXTDOOR - GLORIOUS.mp3
/Users/koryjcampbell/Music/CRATES/GENRES/UNASSIGNED/Kory Likes/PARTYNEXTDOOR - M a k e I t T o T h e M o r n i n g.mp3	/Users/koryjcampbell/Music/CRATES/GENRES/R&B/Afro R&B/PARTYNEXTDOOR - M a k e I t T o T h e M o r n i n g.mp3
/Users/koryjcampbell/Music/CRATES/GENRES/UNASSIGNED/Kory Likes/PARTYNEXTDOOR - MEET YOUR PADRE.mp3	/Users/koryjcampbell/Music/CRATES/GENRES/R&B/2020s R&B/PARTYNEXTDOOR - MEET YOUR PADRE.mp3
/Users/koryjcampbell/Music/CRATES/GENRES/UNASSIGNED/Kory Likes/PARTYNEXTDOOR - OMW.mp3	/Users/koryjcampbell/Music/CRATES/GENRES/R&B/2020s R&B/PARTYNEXTDOOR - OMW.mp3
/Users/koryjcampbell/Music/CRATES/GENRES/UNASSIGNED/Kory Likes/PARTYNEXTDOOR - SOMEBODY LOVES ME.mp3	/Users/koryjcampbell/Music/CRATES/GENRES/R&B/2020s R&B/PARTYNEXTDOOR - SOMEBODY LOVES ME.mp3
/Users/koryjcampbell/Music/CRATES/GENRES/UNASSIGNED/Kory Likes/PARTYNEXTDOOR - SOMETHING ABOUT YOU.mp3	/Users/koryjcampbell/Music/CRATES/GENRES/R&B/2020s R&B/PARTYNEXTDOOR - SOMETHING ABOUT YOU.mp3
/Users/koryjcampbell/Music/CRATES/GENRES/UNASSIGNED/Kory Likes/PJ Morton - How Deep Is Your Love (Live).mp3	/Users/koryjcampbell/Music/CRATES/GENRES/R&B/2010s R&B/PJ Morton - How Deep Is Your Love (Live).mp3
/Users/koryjcampbell/Music/CRATES/GENRES/UNASSIGNED/Kory Likes/Paris Price - REAL.mp3	/Users/koryjcampbell/Music/CRATES/GENRES/Soul/Neo Soul/Paris Price - REAL.mp3
/Users/koryjcampbell/Music/CRATES/GENRES/UNASSIGNED/Kory Likes/Parliament - Mothership Connection (Star Child).mp3	/Users/koryjcampbell/Music/CRATES/GENRES/Funk/General Funk/Parliament - Mothership Connection (Star Child).mp3
/Users/koryjcampbell/Music/CRATES/GENRES/UNASSIGNED/Kory Likes/Pat Martino - Both Sides Now.mp3	/Users/koryjcampbell/Music/CRATES/GENRES/Jazz/2010s Jazz/Pat Martino - Both Sides Now.mp3
/Users/koryjcampbell/Music/CRATES/GENRES/UNASSIGNED/Kory Likes/Pat Martino - Send In The Clowns.mp3	/Users/koryjcampbell/Music/CRATES/GENRES/Jazz/1970s Jazz/Pat Martino - Send In The Clowns.mp3
/Users/koryjcampbell/Music/CRATES/GENRES/UNASSIGNED/Kory Likes/Pat Metheny - And I Love Her.mp3	/Users/koryjcampbell/Music/CRATES/GENRES/Jazz/2010s Jazz/Pat Metheny - And I Love Her.mp3
/Users/koryjcampbell/Music/CRATES/GENRES/UNASSIGNED/Kory Likes/Pat Metheny - Cinema Paradiso [Love Theme].mp3	/Users/koryjcampbell/Music/CRATES/GENRES/Jazz/1990s Jazz/Pat Metheny - Cinema Paradiso [Love Theme].mp3
/Users/koryjcampbell/Music/CRATES/GENRES/UNASSIGNED/Kory Likes/Pat Metheny - Don't Know Why.mp3	/Users/koryjcampbell/Music/CRATES/GENRES/Jazz/General Jazz/Pat Metheny - Don't Know Why.mp3
/Users/koryjcampbell/Music/CRATES/GENRES/UNASSIGNED/Kory Likes/Pat Metheny - Jaco.mp3	/Users/koryjcampbell/Music/CRATES/GENRES/Jazz/General Jazz/Pat Metheny - Jaco.mp3
/Users/koryjcampbell/Music/CRATES/GENRES/UNASSIGNED/Kory Likes/Patrice Rushen - When I Found You.mp3	/Users/koryjcampbell/Music/CRATES/GENRES/Funk/Funk & Boogie Edits/Patrice Rushen - When I Found You.mp3
/Users/koryjcampbell/Music/CRATES/GENRES/UNASSIGNED/Kory Likes/Paul Engemann - Scarface (Push It To The Limit).mp3	/Users/koryjcampbell/Music/CRATES/GENRES/Pop/1980s Pop/Paul Engemann - Scarface (Push It To The Limit).mp3
/Users/koryjcampbell/Music/CRATES/GENRES/UNASSIGNED/Kory Likes/Paul McCartney - Live And Let Die (2018 Remaster).mp3	/Users/koryjcampbell/Music/CRATES/GENRES/Rock/General Rock/Paul McCartney - Live And Let Die (2018 Remaster).mp3
/Users/koryjcampbell/Music/CRATES/GENRES/UNASSIGNED/Kory Likes/Paul McCartney - Singalong Junk (Remastered 2011).mp3	/Users/koryjcampbell/Music/CRATES/GENRES/Rock/General Rock/Paul McCartney - Singalong Junk (Remastered 2011).mp3
/Users/koryjcampbell/Music/CRATES/GENRES/UNASSIGNED/Kory Likes/Peabo Bryson - Born To Love.mp3	/Users/koryjcampbell/Music/CRATES/GENRES/R&B/1980s R&B/Peabo Bryson - Born To Love.mp3
/Users/koryjcampbell/Music/CRATES/GENRES/UNASSIGNED/Kory Likes/Peabo Bryson - Through The Fire.mp3	/Users/koryjcampbell/Music/CRATES/GENRES/R&B/1980s R&B/Peabo Bryson - Through The Fire.mp3
/Users/koryjcampbell/Music/CRATES/GENRES/UNASSIGNED/Kory Likes/Pete Rock & C.L. Smooth - Searching (LP Version).mp3	/Users/koryjcampbell/Music/CRATES/GENRES/Hip-Hop:Rap/1990s Hip-Hop/Pete Rock & C.L. Smooth - Searching (LP Version).mp3
/Users/koryjcampbell/Music/CRATES/GENRES/UNASSIGNED/Kory Likes/Peysoh - BRINGBLICK.mp3	/Users/koryjcampbell/Music/CRATES/GENRES/Hip-Hop:Rap/Contemporary West Coast/Peysoh - BRINGBLICK.mp3
/Users/koryjcampbell/Music/CRATES/GENRES/UNASSIGNED/Kory Likes/Philip Bailey - Easy Lover.mp3	/Users/koryjcampbell/Music/CRATES/GENRES/Pop/1980s Pop/Philip Bailey - Easy Lover.mp3
/Users/koryjcampbell/Music/CRATES/GENRES/UNASSIGNED/Kory Likes/Phonte - Sweet You.mp3	/Users/koryjcampbell/Music/CRATES/GENRES/Hip-Hop:Rap/2010s Hip-Hop/Phonte - Sweet You.mp3
/Users/koryjcampbell/Music/CRATES/GENRES/UNASSIGNED/Kory Likes/Phyllis Hyman - No One Can Love You More.mp3	/Users/koryjcampbell/Music/CRATES/GENRES/Disco/1970s Disco/Phyllis Hyman - No One Can Love You More.mp3
/Users/koryjcampbell/Music/CRATES/GENRES/UNASSIGNED/Kory Likes/Phyllis Hyman - What You Won't Do for Love.mp3	/Users/koryjcampbell/Music/CRATES/GENRES/Disco/1970s Disco/Phyllis Hyman - What You Won't Do for Love.mp3
/Users/koryjcampbell/Music/CRATES/GENRES/UNASSIGNED/Kory Likes/Phyno - Do I (Remix).mp3	/Users/koryjcampbell/Music/CRATES/GENRES/Afrobeats/2020s Afrobeats/Phyno - Do I (Remix).mp3
/Users/koryjcampbell/Music/CRATES/GENRES/UNASSIGNED/Kory Likes/Pieces of a Dream - Take A Stroll.mp3	/Users/koryjcampbell/Music/CRATES/GENRES/Jazz/General Jazz/Pieces of a Dream - Take A Stroll.mp3
/Users/koryjcampbell/Music/CRATES/GENRES/UNASSIGNED/Kory Likes/Piero Umiliani - Crepuscolo sul mare.mp3	/Users/koryjcampbell/Music/CRATES/GENRES/Jazz/1990s Jazz/Piero Umiliani - Crepuscolo sul mare.mp3
/Users/koryjcampbell/Music/CRATES/GENRES/UNASSIGNED/Kory Likes/Piero Umiliani - Ricordandoti.mp3	/Users/koryjcampbell/Music/CRATES/GENRES/Jazz/General Jazz/Piero Umiliani - Ricordandoti.mp3
/Users/koryjcampbell/Music/CRATES/GENRES/UNASSIGNED/Kory Likes/Pig the Gemini - Krazy Head.mp3	/Users/koryjcampbell/Music/CRATES/GENRES/Hip-Hop:Rap/2020s Hip-Hop/Pig the Gemini - Krazy Head.mp3
/Users/koryjcampbell/Music/CRATES/GENRES/UNASSIGNED/Kory Likes/Pink Floyd - Pigs (Three Different Ones).mp3	/Users/koryjcampbell/Music/CRATES/GENRES/Rock/General Rock/Pink Floyd - Pigs (Three Different Ones).mp3
/Users/koryjcampbell/Music/CRATES/GENRES/UNASSIGNED/Kory Likes/Pink Floyd - Welcome to the Machine.mp3	/Users/koryjcampbell/Music/CRATES/GENRES/Rock/General Rock/Pink Floyd - Welcome to the Machine.mp3
/Users/koryjcampbell/Music/CRATES/GENRES/UNASSIGNED/Kory Likes/PinkPantheress - Mosquito.mp3	/Users/koryjcampbell/Music/CRATES/GENRES/Pop/2020s Pop/PinkPantheress - Mosquito.mp3
/Users/koryjcampbell/Music/CRATES/GENRES/UNASSIGNED/Kory Likes/Planet Giza - DANCE (FOR YOUR LIFE).mp3	/Users/koryjcampbell/Music/CRATES/GENRES/Hip-Hop:Rap/2020s Hip-Hop/Planet Giza - DANCE (FOR YOUR LIFE).mp3
/Users/koryjcampbell/Music/CRATES/GENRES/UNASSIGNED/Kory Likes/Playboi Carti - I SEEEEEE YOU BABY BOI.mp3	/Users/koryjcampbell/Music/CRATES/GENRES/Hip-Hop:Rap/Trap Hip-Hop/Playboi Carti - I SEEEEEE YOU BABY BOI.mp3
/Users/koryjcampbell/Music/CRATES/GENRES/UNASSIGNED/Kory Likes/Playboi Carti - No Time.mp3	/Users/koryjcampbell/Music/CRATES/GENRES/Hip-Hop:Rap/Trap Hip-Hop/Playboi Carti - No Time.mp3
/Users/koryjcampbell/Music/CRATES/GENRES/UNASSIGNED/Kory Likes/Playboi Carti - TOXIC.mp3	/Users/koryjcampbell/Music/CRATES/GENRES/Hip-Hop:Rap/Trap Hip-Hop/Playboi Carti - TOXIC.mp3
/Users/koryjcampbell/Music/CRATES/GENRES/UNASSIGNED/Kory Likes/Playboi Carti - WAKE UP F1LTHY.mp3	/Users/koryjcampbell/Music/CRATES/GENRES/Hip-Hop:Rap/Trap Hip-Hop/Playboi Carti - WAKE UP F1LTHY.mp3
/Users/koryjcampbell/Music/CRATES/GENRES/UNASSIGNED/Kory Likes/Poison Clan - Shake Whatcha Mama Gave Ya'.mp3	/Users/koryjcampbell/Music/CRATES/GENRES/Hip-Hop:Rap/1990s Hip-Hop/Poison Clan - Shake Whatcha Mama Gave Ya'.mp3
/Users/koryjcampbell/Music/CRATES/GENRES/UNASSIGNED/Kory Likes/Pooh Shiesty - FDO.mp3	/Users/koryjcampbell/Music/CRATES/GENRES/Hip-Hop:Rap/Trap Hip-Hop/Pooh Shiesty - FDO.mp3
/Users/koryjcampbell/Music/CRATES/GENRES/UNASSIGNED/Kory Likes/Portia Monique - Grace (Reel People Vocal Mix).mp3	/Users/koryjcampbell/Music/CRATES/GENRES/House/2010s House/Portia Monique - Grace (Reel People Vocal Mix).mp3
/Users/koryjcampbell/Music/CRATES/GENRES/UNASSIGNED/Kory Likes/Portrait - In the Moment.mp3	/Users/koryjcampbell/Music/CRATES/GENRES/Hip-Hop:Rap/1990s Hip-Hop/Portrait - In the Moment.mp3
/Users/koryjcampbell/Music/CRATES/GENRES/UNASSIGNED/Kory Likes/Portraits in Jazz - End Music.mp3	/Users/koryjcampbell/Music/CRATES/GENRES/Jazz/General Jazz/Portraits in Jazz - End Music.mp3
/Users/koryjcampbell/Music/CRATES/GENRES/UNASSIGNED/Kory Likes/Potatohead People - Morning Sun.mp3	/Users/koryjcampbell/Music/CRATES/GENRES/Future Beats/General Future Beats/Potatohead People - Morning Sun.mp3
/Users/koryjcampbell/Music/CRATES/GENRES/UNASSIGNED/Kory Likes/Prince - I Feel for You (Acoustic Demo).mp3	/Users/koryjcampbell/Music/CRATES/GENRES/Funk/General Funk/Prince - I Feel for You (Acoustic Demo).mp3
/Users/koryjcampbell/Music/CRATES/GENRES/UNASSIGNED/Kory Likes/Prince - I Wonder U.mp3	/Users/koryjcampbell/Music/CRATES/GENRES/Funk/General Funk/Prince - I Wonder U.mp3
/Users/koryjcampbell/Music/CRATES/GENRES/UNASSIGNED/Kory Likes/Prince - Something In The Water (Does Not Compute) (2019 Remaster).mp3	/Users/koryjcampbell/Music/CRATES/GENRES/Funk/General Funk/Prince - Something In The Water (Does Not Compute) (2019 Remaster).mp3
/Users/koryjcampbell/Music/CRATES/GENRES/UNASSIGNED/Kory Likes/Prince Kaybee - Charlotte.mp3	/Users/koryjcampbell/Music/CRATES/GENRES/House/2010s House/Prince Kaybee - Charlotte.mp3
/Users/koryjcampbell/Music/CRATES/GENRES/UNASSIGNED/Kory Likes/Qendresa - 2 Much.mp3	/Users/koryjcampbell/Music/CRATES/GENRES/R&B/2020s R&B/Qendresa - 2 Much.mp3
/Users/koryjcampbell/Music/CRATES/GENRES/UNASSIGNED/Kory Likes/Qendresa - Real Luv.mp3	/Users/koryjcampbell/Music/CRATES/GENRES/R&B/2020s R&B/Qendresa - Real Luv.mp3
/Users/koryjcampbell/Music/CRATES/GENRES/UNASSIGNED/Kory Likes/Queen Latifah - Latifah's Had It Up to Here.mp3	/Users/koryjcampbell/Music/CRATES/GENRES/Hip-Hop:Rap/1990s Hip-Hop/Queen Latifah - Latifah's Had It Up to Here.mp3
/Users/koryjcampbell/Music/CRATES/GENRES/UNASSIGNED/Kory Likes/Queen Naija - my man.mp3	/Users/koryjcampbell/Music/CRATES/GENRES/R&B/2020s R&B/Queen Naija - my man.mp3
/Users/koryjcampbell/Music/CRATES/GENRES/UNASSIGNED/Kory Likes/Quincy Jones - Body Heat.mp3	/Users/koryjcampbell/Music/CRATES/GENRES/Funk/General Funk/Quincy Jones - Body Heat.mp3
/Users/koryjcampbell/Music/CRATES/GENRES/UNASSIGNED/Kory Likes/Quincy Jones - One Hundred Ways.mp3	/Users/koryjcampbell/Music/CRATES/GENRES/R&B/1980s R&B/Quincy Jones - One Hundred Ways.mp3
/Users/koryjcampbell/Music/CRATES/GENRES/UNASSIGNED/Kory Likes/Quincy Jones - Summer In The City.mp3	/Users/koryjcampbell/Music/CRATES/GENRES/Funk/General Funk/Quincy Jones - Summer In The City.mp3
/Users/koryjcampbell/Music/CRATES/GENRES/UNASSIGNED/Kory Likes/Quinteto Fina Flor - Samba da Benção.mp3	/Users/koryjcampbell/Music/CRATES/GENRES/Latin/General Latin/Quinteto Fina Flor - Samba da Benção.mp3
/Users/koryjcampbell/Music/CRATES/GENRES/UNASSIGNED/Kory Likes/Qwella - Boujie Bitch (Remix).mp3	/Users/koryjcampbell/Music/CRATES/GENRES/Dancehall/General Dancehall/Qwella - Boujie Bitch (Remix).mp3
/Users/koryjcampbell/Music/CRATES/GENRES/UNASSIGNED/Kory Likes/R2r Moe - jumpin.mp3	/Users/koryjcampbell/Music/CRATES/GENRES/Hip-Hop:Rap/2020s Hip-Hop/R2r Moe - jumpin.mp3
/Users/koryjcampbell/Music/CRATES/GENRES/UNASSIGNED/Kory Likes/RAYE - I Know You're Hurting.mp3	/Users/koryjcampbell/Music/CRATES/GENRES/Pop/Contemporary Pop/RAYE - I Know You're Hurting.mp3
/Users/koryjcampbell/Music/CRATES/GENRES/UNASSIGNED/Kory Likes/RMB JUSTIZE - Rock With U Flip.mp3	/Users/koryjcampbell/Music/CRATES/GENRES/Club/Jersey Club [Soundcloud]/RMB JUSTIZE - Rock With U Flip.mp3
/Users/koryjcampbell/Music/CRATES/GENRES/UNASSIGNED/Kory Likes/Radiohead - Airbag.mp3	/Users/koryjcampbell/Music/CRATES/GENRES/Rock/General Rock/Radiohead - Airbag.mp3
/Users/koryjcampbell/Music/CRATES/GENRES/UNASSIGNED/Kory Likes/Radiohead - Everything In Its Right Place.mp3	/Users/koryjcampbell/Music/CRATES/GENRES/Rock/General Rock/Radiohead - Everything In Its Right Place.mp3
/Users/koryjcampbell/Music/CRATES/GENRES/UNASSIGNED/Kory Likes/Radiohead - Exit Music (For A Film).mp3	/Users/koryjcampbell/Music/CRATES/GENRES/Rock/General Rock/Radiohead - Exit Music (For A Film).mp3
/Users/koryjcampbell/Music/CRATES/GENRES/UNASSIGNED/Kory Likes/Rae Khalil - CARPINTERIA.mp3	/Users/koryjcampbell/Music/CRATES/GENRES/Hip-Hop:Rap/2020s Hip-Hop/Rae Khalil - CARPINTERIA.mp3
/Users/koryjcampbell/Music/CRATES/GENRES/UNASSIGNED/Kory Likes/Raekwon - Knuckleheadz (feat. Ghostface Killah & U-God).mp3	/Users/koryjcampbell/Music/CRATES/GENRES/Hip-Hop:Rap/East Coast Hip-Hop/Raekwon - Knuckleheadz (feat. Ghostface Killah & U-God).mp3
/Users/koryjcampbell/Music/CRATES/GENRES/UNASSIGNED/Kory Likes/Ragz Originale - tied up.mp3	/Users/koryjcampbell/Music/CRATES/GENRES/R&B/2020s R&B/Ragz Originale - tied up.mp3
/Users/koryjcampbell/Music/CRATES/GENRES/UNASSIGNED/Kory Likes/Ragz Originale - troublin.mp3	/Users/koryjcampbell/Music/CRATES/GENRES/R&B/2020s R&B/Ragz Originale - troublin.mp3
/Users/koryjcampbell/Music/CRATES/GENRES/UNASSIGNED/Kory Likes/Raheem DeVaughn - Customer (feat. R.Kelly) (Main Version).mp3	/Users/koryjcampbell/Music/CRATES/GENRES/R&B/2010s R&B/Raheem DeVaughn - Customer (feat. R.Kelly) (Main Version).mp3
/Users/koryjcampbell/Music/CRATES/GENRES/UNASSIGNED/Kory Likes/Raheem DeVaughn - The Love Experience.mp3	/Users/koryjcampbell/Music/CRATES/GENRES/R&B/2000s R&B/Raheem DeVaughn - The Love Experience.mp3
/Users/koryjcampbell/Music/CRATES/GENRES/UNASSIGNED/Kory Likes/Rahiem Supreme - SteelBraidedBreakLines.mp3	/Users/koryjcampbell/Music/CRATES/GENRES/Hip-Hop:Rap/2020s Hip-Hop/Rahiem Supreme - SteelBraidedBreakLines.mp3
/Users/koryjcampbell/Music/CRATES/GENRES/UNASSIGNED/Kory Likes/Raphael Saadiq - Different Times (Album Version).mp3	/Users/koryjcampbell/Music/CRATES/GENRES/Soul/Neo Soul/Raphael Saadiq - Different Times (Album Version).mp3
/Users/koryjcampbell/Music/CRATES/GENRES/UNASSIGNED/Kory Likes/Raphael Saadiq - Never Give You Up (feat. Stevie Wonder & CJ) (Album Version).mp3	/Users/koryjcampbell/Music/CRATES/GENRES/Soul/Neo Soul/Raphael Saadiq - Never Give You Up (feat. Stevie Wonder & CJ) (Album Version).mp3
/Users/koryjcampbell/Music/CRATES/GENRES/UNASSIGNED/Kory Likes/Raphael Saadiq - Something Keeps Calling (feat. Rob Bacon).mp3	/Users/koryjcampbell/Music/CRATES/GENRES/Soul/Neo Soul/Raphael Saadiq - Something Keeps Calling (feat. Rob Bacon).mp3
/Users/koryjcampbell/Music/CRATES/GENRES/UNASSIGNED/Kory Likes/Rapsody - 3_AM.mp3	/Users/koryjcampbell/Music/CRATES/GENRES/Hip-Hop:Rap/2020s Hip-Hop/Rapsody - 3_AM.mp3
/Users/koryjcampbell/Music/CRATES/GENRES/UNASSIGNED/Kory Likes/Rasputin's Stash - Sweet Vibe.mp3	/Users/koryjcampbell/Music/CRATES/GENRES/Funk/General Funk/Rasputin's Stash - Sweet Vibe.mp3
/Users/koryjcampbell/Music/CRATES/GENRES/UNASSIGNED/Kory Likes/Raul De Souza - Don't Ask My Neighbors.mp3	/Users/koryjcampbell/Music/CRATES/GENRES/Jazz/1970s Jazz/Raul De Souza - Don't Ask My Neighbors.mp3
/Users/koryjcampbell/Music/CRATES/GENRES/UNASSIGNED/Kory Likes/Ravyn Lenae - Dream Girl.mp3	/Users/koryjcampbell/Music/CRATES/GENRES/R&B/2020s R&B/Ravyn Lenae - Dream Girl.mp3
/Users/koryjcampbell/Music/CRATES/GENRES/UNASSIGNED/Kory Likes/Raw Soul Express - Dedicate All My Love.mp3	/Users/koryjcampbell/Music/CRATES/GENRES/Soul/1970s Soul/Raw Soul Express - Dedicate All My Love.mp3
/Users/koryjcampbell/Music/CRATES/GENRES/UNASSIGNED/Kory Likes/Ray Vaughn - EAST CHATT (feat. Isaiah Rashad).mp3	/Users/koryjcampbell/Music/CRATES/GENRES/Hip-Hop:Rap/2020s Hip-Hop/Ray Vaughn - EAST CHATT (feat. Isaiah Rashad).mp3
/Users/koryjcampbell/Music/CRATES/GENRES/UNASSIGNED/Kory Likes/Ray Vaughn - Problems (feat. Pusha T) (Triangle Park Mix).mp3	/Users/koryjcampbell/Music/CRATES/GENRES/Hip-Hop:Rap/2020s Hip-Hop/Ray Vaughn - Problems (feat. Pusha T) (Triangle Park Mix).mp3
/Users/koryjcampbell/Music/CRATES/GENRES/UNASSIGNED/Kory Likes/Real McCoy - Come and Get Your Love (Radio Edit).mp3	/Users/koryjcampbell/Music/CRATES/GENRES/Dance/1990s Dance/Real McCoy - Come and Get Your Love (Radio Edit).mp3
/Users/koryjcampbell/Music/CRATES/GENRES/UNASSIGNED/Kory Likes/Red Hot Chili Peppers - Scar Tissue.mp3	/Users/koryjcampbell/Music/CRATES/GENRES/Pop/2010s Pop/Red Hot Chili Peppers - Scar Tissue.mp3
/Users/koryjcampbell/Music/CRATES/GENRES/UNASSIGNED/Kory Likes/Redbone - Come and Get Your Love (Single Version).mp3	/Users/koryjcampbell/Music/CRATES/GENRES/Funk/General Funk/Redbone - Come and Get Your Love (Single Version).mp3
/Users/koryjcampbell/Music/CRATES/GENRES/UNASSIGNED/Kory Likes/Redinho - Sheriff.mp3	/Users/koryjcampbell/Music/CRATES/GENRES/Soul/2010s Soul/Redinho - Sheriff.mp3
/Users/koryjcampbell/Music/CRATES/GENRES/UNASSIGNED/Kory Likes/Rejjie Snow - Cookie Chips.mp3	/Users/koryjcampbell/Music/CRATES/GENRES/Hip-Hop:Rap/2020s Hip-Hop/Rejjie Snow - Cookie Chips.mp3
/Users/koryjcampbell/Music/CRATES/GENRES/UNASSIGNED/Kory Likes/Rell - Love For Free (Streets Is Watching_Soundtrack Version).mp3	/Users/koryjcampbell/Music/CRATES/GENRES/R&B/1990s R&B/Rell - Love For Free (Streets Is Watching_Soundtrack Version).mp3
/Users/koryjcampbell/Music/CRATES/GENRES/UNASSIGNED/Kory Likes/Rema - BENIN BOYS.mp3	/Users/koryjcampbell/Music/CRATES/GENRES/Afrobeats/2020s Afrobeats/Rema - BENIN BOYS.mp3
/Users/koryjcampbell/Music/CRATES/GENRES/UNASSIGNED/Kory Likes/Rema - Red Potion.mp3	/Users/koryjcampbell/Music/CRATES/GENRES/Afrobeats/2020s Afrobeats/Rema - Red Potion.mp3
/Users/koryjcampbell/Music/CRATES/GENRES/UNASSIGNED/Kory Likes/Remble - Touchable.mp3	/Users/koryjcampbell/Music/CRATES/GENRES/Hip-Hop:Rap/Contemporary West Coast/Remble - Touchable.mp3
/Users/koryjcampbell/Music/CRATES/GENRES/UNASSIGNED/Kory Likes/Remy Ma - Whuteva (Clean).mp3	/Users/koryjcampbell/Music/CRATES/GENRES/Hip-Hop:Rap/2000s Hip-Hop/Remy Ma - Whuteva (Clean).mp3
/Users/koryjcampbell/Music/CRATES/GENRES/UNASSIGNED/Kory Likes/Res - Let Love.mp3	/Users/koryjcampbell/Music/CRATES/GENRES/R&B/2000s R&B/Res - Let Love.mp3
/Users/koryjcampbell/Music/CRATES/GENRES/UNASSIGNED/Kory Likes/Rich Homie Quan - Ah'chi.mp3	/Users/koryjcampbell/Music/CRATES/GENRES/Hip-Hop:Rap/Trap Hip-Hop/Rich Homie Quan - Ah'chi.mp3
/Users/koryjcampbell/Music/CRATES/GENRES/UNASSIGNED/Kory Likes/Rich Homie Quan - Flava.mp3	/Users/koryjcampbell/Music/CRATES/GENRES/Hip-Hop:Rap/2010s Hip-Hop/Rich Homie Quan - Flava.mp3
/Users/koryjcampbell/Music/CRATES/GENRES/UNASSIGNED/Kory Likes/Rich Homie Quan - Imma Ride.mp3	/Users/koryjcampbell/Music/CRATES/GENRES/Hip-Hop:Rap/2010s Hip-Hop/Rich Homie Quan - Imma Ride.mp3
/Users/koryjcampbell/Music/CRATES/GENRES/UNASSIGNED/Kory Likes/Rich Homie Quan - Milk Marie.mp3	/Users/koryjcampbell/Music/CRATES/GENRES/Hip-Hop:Rap/2010s Hip-Hop/Rich Homie Quan - Milk Marie.mp3
/Users/koryjcampbell/Music/CRATES/GENRES/UNASSIGNED/Kory Likes/Rich Homie Quan - Tell Em.mp3	/Users/koryjcampbell/Music/CRATES/GENRES/Hip-Hop:Rap/2010s Hip-Hop/Rich Homie Quan - Tell Em.mp3
/Users/koryjcampbell/Music/CRATES/GENRES/UNASSIGNED/Kory Likes/Rich Homie Quan - Walk Thru.mp3	/Users/koryjcampbell/Music/CRATES/GENRES/Hip-Hop:Rap/Trap Hip-Hop/Rich Homie Quan - Walk Thru.mp3
/Users/koryjcampbell/Music/CRATES/GENRES/UNASSIGNED/Kory Likes/Richard Smallwood - Center of My Joy.mp3	/Users/koryjcampbell/Music/CRATES/GENRES/Gospel/2000s Gospel/Richard Smallwood - Center of My Joy.mp3
/Users/koryjcampbell/Music/CRATES/GENRES/UNASSIGNED/Kory Likes/Richard Smallwood - The Center of My Joy.mp3	/Users/koryjcampbell/Music/CRATES/GENRES/Gospel/General Gospel/Richard Smallwood - The Center of My Joy.mp3
/Users/koryjcampbell/Music/CRATES/GENRES/UNASSIGNED/Kory Likes/Richard Smallwood - Total Praise (with Vision) (Live).mp3	/Users/koryjcampbell/Music/CRATES/GENRES/Gospel/2000s Gospel/Richard Smallwood - Total Praise (with Vision) (Live).mp3
/Users/koryjcampbell/Music/CRATES/GENRES/UNASSIGNED/Kory Likes/Rick Ross - Minks In Miami.mp3	/Users/koryjcampbell/Music/CRATES/GENRES/Hip-Hop:Rap/2020s Hip-Hop/Rick Ross - Minks In Miami.mp3
/Users/koryjcampbell/Music/CRATES/GENRES/UNASSIGNED/Kory Likes/Rihanna - Birthday Cake (Album Version).mp3	/Users/koryjcampbell/Music/CRATES/GENRES/Pop/2010s Pop/Rihanna - Birthday Cake (Album Version).mp3
/Users/koryjcampbell/Music/CRATES/GENRES/UNASSIGNED/Kory Likes/Ritchie Valens - We Belong Together.mp3	/Users/koryjcampbell/Music/CRATES/GENRES/Rock/General Rock/Ritchie Valens - We Belong Together.mp3
/Users/koryjcampbell/Music/CRATES/GENRES/UNASSIGNED/Kory Likes/Robbie Dupree - Steal Away (Remastered).mp3	/Users/koryjcampbell/Music/CRATES/GENRES/Rock/General Rock/Robbie Dupree - Steal Away (Remastered).mp3
/Users/koryjcampbell/Music/CRATES/GENRES/UNASSIGNED/Kory Likes/Rochelle Jordan - Dancing Elephants.mp3	/Users/koryjcampbell/Music/CRATES/GENRES/R&B/2020s R&B/Rochelle Jordan - Dancing Elephants.mp3
/Users/koryjcampbell/Music/CRATES/GENRES/UNASSIGNED/Kory Likes/Roland Burrell - Stormy Night.mp3	/Users/koryjcampbell/Music/CRATES/GENRES/Reggae/General Reggae/Roland Burrell - Stormy Night.mp3
/Users/koryjcampbell/Music/CRATES/GENRES/UNASSIGNED/Kory Likes/Ron Carter - Pass Me Not.mp3	/Users/koryjcampbell/Music/CRATES/GENRES/Gospel/General Gospel/Ron Carter - Pass Me Not.mp3
/Users/koryjcampbell/Music/CRATES/GENRES/UNASSIGNED/Kory Likes/Ronnie Laws - Friends And Strangers.mp3	/Users/koryjcampbell/Music/CRATES/GENRES/Jazz/1990s Jazz/Ronnie Laws - Friends And Strangers.mp3
/Users/koryjcampbell/Music/CRATES/GENRES/UNASSIGNED/Kory Likes/Ronny Jordan - After Hours (The Antidote).mp3	/Users/koryjcampbell/Music/CRATES/GENRES/Jazz/1990s Jazz/Ronny Jordan - After Hours (The Antidote).mp3
/Users/koryjcampbell/Music/CRATES/GENRES/UNASSIGNED/Kory Likes/Rosie & The Originals - Angel Baby.mp3	/Users/koryjcampbell/Music/CRATES/GENRES/Soul/General Soul/Rosie & The Originals - Angel Baby.mp3
/Users/koryjcampbell/Music/CRATES/GENRES/UNASSIGNED/Kory Likes/Rosie Tucker - Suffer! Like You Mean It.mp3	/Users/koryjcampbell/Music/CRATES/GENRES/Rock/2020s Indie Rock/Rosie Tucker - Suffer! Like You Mean It.mp3
/Users/koryjcampbell/Music/CRATES/GENRES/UNASSIGNED/Kory Likes/Roy Ayers - Poo Poo La La.mp3	/Users/koryjcampbell/Music/CRATES/GENRES/Funk/General Funk/Roy Ayers - Poo Poo La La.mp3
/Users/koryjcampbell/Music/CRATES/GENRES/UNASSIGNED/Kory Likes/Roy Ayers - Searchin' (Live).mp3	/Users/koryjcampbell/Music/CRATES/GENRES/Funk/General Funk/Roy Ayers - Searchin' (Live).mp3
/Users/koryjcampbell/Music/CRATES/GENRES/UNASSIGNED/Kory Likes/Roy Ayers - Searching.mp3	/Users/koryjcampbell/Music/CRATES/GENRES/Funk/General Funk/Roy Ayers - Searching.mp3
/Users/koryjcampbell/Music/CRATES/GENRES/UNASSIGNED/Kory Likes/Roy Ayers - We Live In Brooklyn, Baby.mp3	/Users/koryjcampbell/Music/CRATES/GENRES/Funk/General Funk/Roy Ayers - We Live In Brooklyn, Baby.mp3
/Users/koryjcampbell/Music/CRATES/GENRES/UNASSIGNED/Kory Likes/Royce Da 5'9_ - Life Goes On.mp3	/Users/koryjcampbell/Music/CRATES/GENRES/Hip-Hop:Rap/2000s Hip-Hop/Royce Da 5'9_ - Life Goes On.mp3
/Users/koryjcampbell/Music/CRATES/GENRES/UNASSIGNED/Kory Likes/Royel Otis - Linger (SiriusXM Session).mp3	/Users/koryjcampbell/Music/CRATES/GENRES/Rock/2020s Indie Rock/Royel Otis - Linger (SiriusXM Session).mp3
/Users/koryjcampbell/Music/CRATES/GENRES/UNASSIGNED/Kory Likes/Ruff Ryders - Down Bottom.mp3	/Users/koryjcampbell/Music/CRATES/GENRES/Hip-Hop:Rap/1990s Hip-Hop/Ruff Ryders - Down Bottom.mp3
/Users/koryjcampbell/Music/CRATES/GENRES/UNASSIGNED/Kory Likes/Rufus & Chaka Khan - Live In Me (Album Version).mp3	/Users/koryjcampbell/Music/CRATES/GENRES/Funk/General Funk/Rufus & Chaka Khan - Live In Me (Album Version).mp3
/Users/koryjcampbell/Music/CRATES/GENRES/UNASSIGNED/Kory Likes/Rufus - Please Pardon Me (You Remind Me Of A Friend).mp3	/Users/koryjcampbell/Music/CRATES/GENRES/Funk/General Funk/Rufus - Please Pardon Me (You Remind Me Of A Friend).mp3
/Users/koryjcampbell/Music/CRATES/GENRES/UNASSIGNED/Kory Likes/Rufus - Stay.mp3	/Users/koryjcampbell/Music/CRATES/GENRES/Funk/General Funk/Rufus - Stay.mp3
/Users/koryjcampbell/Music/CRATES/GENRES/UNASSIGNED/Kory Likes/Rufus - Sweet Thing.mp3	/Users/koryjcampbell/Music/CRATES/GENRES/Funk/General Funk/Rufus - Sweet Thing.mp3
/Users/koryjcampbell/Music/CRATES/GENRES/UNASSIGNED/Kory Likes/Rufus - What Cha' Gonna Do for Me (Live Version).mp3	/Users/koryjcampbell/Music/CRATES/GENRES/Funk/General Funk/Rufus - What Cha' Gonna Do for Me (Live Version).mp3
/Users/koryjcampbell/Music/CRATES/GENRES/UNASSIGNED/Kory Likes/Rufus Thomas - Do The Funky Chicken.mp3	/Users/koryjcampbell/Music/CRATES/GENRES/Funk/General Funk/Rufus Thomas - Do The Funky Chicken.mp3
/Users/koryjcampbell/Music/CRATES/GENRES/UNASSIGNED/Kory Likes/Ruger - Dior.mp3	/Users/koryjcampbell/Music/CRATES/GENRES/Afrobeats/2020s Afrobeats/Ruger - Dior.mp3
/Users/koryjcampbell/Music/CRATES/GENRES/UNASSIGNED/Kory Likes/Rules - Holding On.mp3	/Users/koryjcampbell/Music/CRATES/GENRES/House/General House/Rules - Holding On.mp3
/Users/koryjcampbell/Music/CRATES/GENRES/UNASSIGNED/Kory Likes/Ryan Leslie - You're Not My Girl (Album Version).mp3	/Users/koryjcampbell/Music/CRATES/GENRES/R&B/2000s R&B/Ryan Leslie - You're Not My Girl (Album Version).mp3
/Users/koryjcampbell/Music/CRATES/GENRES/UNASSIGNED/Kory Likes/Ryan Ofei - Abba (Live).mp3	/Users/koryjcampbell/Music/CRATES/GENRES/Gospel/General Gospel/Ryan Ofei - Abba (Live).mp3
/Users/koryjcampbell/Music/CRATES/GENRES/UNASSIGNED/Kory Likes/Ryan Ofei - Abide (Live).mp3	/Users/koryjcampbell/Music/CRATES/GENRES/Gospel/General Gospel/Ryan Ofei - Abide (Live).mp3
/Users/koryjcampbell/Music/CRATES/GENRES/UNASSIGNED/Kory Likes/Ryan Ofei - Temple (Live).mp3	/Users/koryjcampbell/Music/CRATES/GENRES/Gospel/General Gospel/Ryan Ofei - Temple (Live).mp3
/Users/koryjcampbell/Music/CRATES/GENRES/UNASSIGNED/Kory Likes/Ryan Ofei - With God (Live).mp3	/Users/koryjcampbell/Music/CRATES/GENRES/Gospel/General Gospel/Ryan Ofei - With God (Live).mp3
/Users/koryjcampbell/Music/CRATES/GENRES/UNASSIGNED/Kory Likes/SAILORR - DOWN BAD.mp3	/Users/koryjcampbell/Music/CRATES/GENRES/R&B/2020s R&B/SAILORR - DOWN BAD.mp3
/Users/koryjcampbell/Music/CRATES/GENRES/UNASSIGNED/Kory Likes/SAILORR - DUVET.mp3	/Users/koryjcampbell/Music/CRATES/GENRES/R&B/2020s R&B/SAILORR - DUVET.mp3
/Users/koryjcampbell/Music/CRATES/GENRES/UNASSIGNED/Kory Likes/SAILORR - GRRL'S GRRL.mp3	/Users/koryjcampbell/Music/CRATES/GENRES/R&B/2020s R&B/SAILORR - GRRL'S GRRL.mp3
/Users/koryjcampbell/Music/CRATES/GENRES/UNASSIGNED/Kory Likes/SAILORR - LOCKED IN.mp3	/Users/koryjcampbell/Music/CRATES/GENRES/R&B/2020s R&B/SAILORR - LOCKED IN.mp3
/Users/koryjcampbell/Music/CRATES/GENRES/UNASSIGNED/Kory Likes/SAILORR - POOKIE’S REQUIEM (feat. Summer Walker) (hehe look y'all I made it longer).mp3	/Users/koryjcampbell/Music/CRATES/GENRES/R&B/2020s R&B/SAILORR - POOKIE’S REQUIEM (feat. Summer Walker) (hehe look y'all I made it longer).mp3
/Users/koryjcampbell/Music/CRATES/GENRES/UNASSIGNED/Kory Likes/SAILORR - RENT FREE.mp3	/Users/koryjcampbell/Music/CRATES/GENRES/R&B/2020s R&B/SAILORR - RENT FREE.mp3
/Users/koryjcampbell/Music/CRATES/GENRES/UNASSIGNED/Kory Likes/STAR BANDZ - Yea Yea.mp3	/Users/koryjcampbell/Music/CRATES/GENRES/Hip-Hop:Rap/2020s Hip-Hop/STAR BANDZ - Yea Yea.mp3
/Users/koryjcampbell/Music/CRATES/GENRES/UNASSIGNED/Kory Likes/SWV - Weak.mp3	/Users/koryjcampbell/Music/CRATES/GENRES/Hip-Hop:Rap/1990s Hip-Hop/SWV - Weak.mp3
/Users/koryjcampbell/Music/CRATES/GENRES/UNASSIGNED/Kory Likes/SZA - 30 For 30 (with Kendrick Lamar).mp3	/Users/koryjcampbell/Music/CRATES/GENRES/R&B/2020s R&B/SZA - 30 For 30 (with Kendrick Lamar).mp3
/Users/koryjcampbell/Music/CRATES/GENRES/UNASSIGNED/Kory Likes/SZA - BMF.mp3	/Users/koryjcampbell/Music/CRATES/GENRES/Pop/Contemporary Pop/SZA - BMF.mp3
/Users/koryjcampbell/Music/CRATES/GENRES/UNASSIGNED/Kory Likes/SZA - Good Days.mp3	/Users/koryjcampbell/Music/CRATES/GENRES/Pop/Contemporary Pop/SZA - Good Days.mp3
/Users/koryjcampbell/Music/CRATES/GENRES/UNASSIGNED/Kory Likes/SZA - Kitchen.mp3	/Users/koryjcampbell/Music/CRATES/GENRES/Pop/Contemporary Pop/SZA - Kitchen.mp3
/Users/koryjcampbell/Music/CRATES/GENRES/UNASSIGNED/Kory Likes/SZA - My Turn.mp3	/Users/koryjcampbell/Music/CRATES/GENRES/Pop/Contemporary Pop/SZA - My Turn.mp3
/Users/koryjcampbell/Music/CRATES/GENRES/UNASSIGNED/Kory Likes/Saba - head.rap (ft. Madison McFerrin, Ogi, Jordan Ward).mp3	/Users/koryjcampbell/Music/CRATES/GENRES/Hip-Hop:Rap/2020s Hip-Hop/Saba - head.rap (ft. Madison McFerrin, Ogi, Jordan Ward).mp3
/Users/koryjcampbell/Music/CRATES/GENRES/UNASSIGNED/Kory Likes/Sabrina Carpenter - Bed Chem.mp3	/Users/koryjcampbell/Music/CRATES/GENRES/Pop/Contemporary Pop/Sabrina Carpenter - Bed Chem.mp3
/Users/koryjcampbell/Music/CRATES/GENRES/UNASSIGNED/Kory Likes/Sabrina Carpenter - Don’t Smile.mp3	/Users/koryjcampbell/Music/CRATES/GENRES/Pop/Contemporary Pop/Sabrina Carpenter - Don’t Smile.mp3
/Users/koryjcampbell/Music/CRATES/GENRES/UNASSIGNED/Kory Likes/Sabrina Carpenter - Espresso (Mochapella Version).mp3	/Users/koryjcampbell/Music/CRATES/GENRES/Pop/Contemporary Pop/Sabrina Carpenter - Espresso (Mochapella Version).mp3
/Users/koryjcampbell/Music/CRATES/GENRES/UNASSIGNED/Kory Likes/Sabrina Carpenter - Feather.mp3	/Users/koryjcampbell/Music/CRATES/GENRES/Pop/Contemporary Pop/Sabrina Carpenter - Feather.mp3
/Users/koryjcampbell/Music/CRATES/GENRES/UNASSIGNED/Kory Likes/Sabrina Carpenter - Good Graces.mp3	/Users/koryjcampbell/Music/CRATES/GENRES/Pop/Contemporary Pop/Sabrina Carpenter - Good Graces.mp3
/Users/koryjcampbell/Music/CRATES/GENRES/UNASSIGNED/Kory Likes/Sade - Nothing Can Come Between Us.mp3	/Users/koryjcampbell/Music/CRATES/GENRES/Pop/Brat Pop/Sade - Nothing Can Come Between Us.mp3
/Users/koryjcampbell/Music/CRATES/GENRES/UNASSIGNED/Kory Likes/SahBabii - All The Way.mp3	/Users/koryjcampbell/Music/CRATES/GENRES/Hip-Hop:Rap/Trap Hip-Hop/SahBabii - All The Way.mp3
/Users/koryjcampbell/Music/CRATES/GENRES/UNASSIGNED/Kory Likes/SahBabii - Anaconda Livin.mp3	/Users/koryjcampbell/Music/CRATES/GENRES/Hip-Hop:Rap/Trap Hip-Hop/SahBabii - Anaconda Livin.mp3
/Users/koryjcampbell/Music/CRATES/GENRES/UNASSIGNED/Kory Likes/SahBabii - Anime World.mp3	/Users/koryjcampbell/Music/CRATES/GENRES/Hip-Hop:Rap/Trap Hip-Hop/SahBabii - Anime World.mp3
/Users/koryjcampbell/Music/CRATES/GENRES/UNASSIGNED/Kory Likes/SahBabii - Bi.mp3	/Users/koryjcampbell/Music/CRATES/GENRES/Hip-Hop:Rap/Trap Hip-Hop/SahBabii - Bi.mp3
/Users/koryjcampbell/Music/CRATES/GENRES/UNASSIGNED/Kory Likes/SahBabii - Do It For Demon.mp3	/Users/koryjcampbell/Music/CRATES/GENRES/Hip-Hop:Rap/Trap Hip-Hop/SahBabii - Do It For Demon.mp3
/Users/koryjcampbell/Music/CRATES/GENRES/UNASSIGNED/Kory Likes/SahBabii - Everyday.mp3	/Users/koryjcampbell/Music/CRATES/GENRES/Hip-Hop:Rap/Trap Hip-Hop/SahBabii - Everyday.mp3
/Users/koryjcampbell/Music/CRATES/GENRES/UNASSIGNED/Kory Likes/SahBabii - Lost All My Feelings.mp3	/Users/koryjcampbell/Music/CRATES/GENRES/Hip-Hop:Rap/Trap Hip-Hop/SahBabii - Lost All My Feelings.mp3
/Users/koryjcampbell/Music/CRATES/GENRES/UNASSIGNED/Kory Likes/SahBabii - Mirror Picz.mp3	/Users/koryjcampbell/Music/CRATES/GENRES/Hip-Hop:Rap/Trap Hip-Hop/SahBabii - Mirror Picz.mp3
/Users/koryjcampbell/Music/CRATES/GENRES/UNASSIGNED/Kory Likes/SahBabii - On Film.mp3	/Users/koryjcampbell/Music/CRATES/GENRES/Hip-Hop:Rap/Trap Hip-Hop/SahBabii - On Film.mp3
/Users/koryjcampbell/Music/CRATES/GENRES/UNASSIGNED/Kory Likes/SahBabii - Purple Ape (feat. 4orever).mp3	/Users/koryjcampbell/Music/CRATES/GENRES/Hip-Hop:Rap/2010s Hip-Hop/SahBabii - Purple Ape (feat. 4orever).mp3
/Users/koryjcampbell/Music/CRATES/GENRES/UNASSIGNED/Kory Likes/SahBabii - Roll Wit Me.mp3	/Users/koryjcampbell/Music/CRATES/GENRES/Hip-Hop:Rap/Trap Hip-Hop/SahBabii - Roll Wit Me.mp3
/Users/koryjcampbell/Music/CRATES/GENRES/UNASSIGNED/Kory Likes/SahBabii - Switch.mp3	/Users/koryjcampbell/Music/CRATES/GENRES/Hip-Hop:Rap/Trap Hip-Hop/SahBabii - Switch.mp3
/Users/koryjcampbell/Music/CRATES/GENRES/UNASSIGNED/Kory Likes/SahBabii - Sylvan Rd Ridin Down Dill.mp3	/Users/koryjcampbell/Music/CRATES/GENRES/Hip-Hop:Rap/Trap Hip-Hop/SahBabii - Sylvan Rd Ridin Down Dill.mp3
/Users/koryjcampbell/Music/CRATES/GENRES/UNASSIGNED/Kory Likes/SahBabii - Tonight.mp3	/Users/koryjcampbell/Music/CRATES/GENRES/Hip-Hop:Rap/Trap Hip-Hop/SahBabii - Tonight.mp3
/Users/koryjcampbell/Music/CRATES/GENRES/UNASSIGNED/Kory Likes/SahBabii - Viking.mp3	/Users/koryjcampbell/Music/CRATES/GENRES/Hip-Hop:Rap/Trap Hip-Hop/SahBabii - Viking.mp3
/Users/koryjcampbell/Music/CRATES/GENRES/UNASSIGNED/Kory Likes/SahBabii - Waikiki.mp3	/Users/koryjcampbell/Music/CRATES/GENRES/Hip-Hop:Rap/Trap Hip-Hop/SahBabii - Waikiki.mp3
/Users/koryjcampbell/Music/CRATES/GENRES/UNASSIGNED/Kory Likes/Saib - Sweet Love.mp3	/Users/koryjcampbell/Music/CRATES/GENRES/Future Beats/General Future Beats/Saib - Sweet Love.mp3
/Users/koryjcampbell/Music/CRATES/GENRES/UNASSIGNED/Kory Likes/Saint Motel - Room With A View (For the End of the World).mp3	/Users/koryjcampbell/Music/CRATES/GENRES/Pop/2020s Pop/Saint Motel - Room With A View (For the End of the World).mp3
/Users/koryjcampbell/Music/CRATES/GENRES/UNASSIGNED/Kory Likes/Sainté - Champagne Shots.mp3	/Users/koryjcampbell/Music/CRATES/GENRES/Hip-Hop:Rap/2020s Hip-Hop/Sainté - Champagne Shots.mp3
/Users/koryjcampbell/Music/CRATES/GENRES/UNASSIGNED/Kory Likes/SaltChunkJerry - Venting the Bent Thing, Pt. 2 (feat. Daniel Son & ANKHLEJOHN).mp3	/Users/koryjcampbell/Music/CRATES/GENRES/Hip-Hop:Rap/2020s Hip-Hop/SaltChunkJerry - Venting the Bent Thing, Pt. 2 (feat. Daniel Son & ANKHLEJOHN).mp3
/Users/koryjcampbell/Music/CRATES/GENRES/UNASSIGNED/Kory Likes/Sam Cooke - Everybody Loves To Cha Cha Cha.mp3	/Users/koryjcampbell/Music/CRATES/GENRES/Soul/General Soul/Sam Cooke - Everybody Loves To Cha Cha Cha.mp3
/Users/koryjcampbell/Music/CRATES/GENRES/UNASSIGNED/Kory Likes/Sam Wills - Undercover.mp3	/Users/koryjcampbell/Music/CRATES/GENRES/R&B/2020s R&B/Sam Wills - Undercover.mp3
/Users/koryjcampbell/Music/CRATES/GENRES/UNASSIGNED/Kory Likes/Samara Cyn - Magnolia Rain.mp3	/Users/koryjcampbell/Music/CRATES/GENRES/Hip-Hop:Rap/2020s Hip-Hop/Samara Cyn - Magnolia Rain.mp3
/Users/koryjcampbell/Music/CRATES/GENRES/UNASSIGNED/Kory Likes/Samara Cyn - summer's turning.mp3	/Users/koryjcampbell/Music/CRATES/GENRES/Hip-Hop:Rap/2020s Hip-Hop/Samara Cyn - summer's turning.mp3
/Users/koryjcampbell/Music/CRATES/GENRES/UNASSIGNED/Kory Likes/Samm Henshaw - Float.mp3	/Users/koryjcampbell/Music/CRATES/GENRES/Soul/2020s Soul/Samm Henshaw - Float.mp3
/Users/koryjcampbell/Music/CRATES/GENRES/UNASSIGNED/Kory Likes/Sammie - I Like It.mp3	/Users/koryjcampbell/Music/CRATES/GENRES/R&B/2000s R&B/Sammie - I Like It.mp3
/Users/koryjcampbell/Music/CRATES/GENRES/UNASSIGNED/Kory Likes/Sampha - Without.mp3	/Users/koryjcampbell/Music/CRATES/GENRES/R&B/2010s R&B/Sampha - Without.mp3
/Users/koryjcampbell/Music/CRATES/GENRES/UNASSIGNED/Kory Likes/Sango - Hold You (feat. Atu).mp3	/Users/koryjcampbell/Music/CRATES/GENRES/Future Beats/General Future Beats/Sango - Hold You (feat. Atu).mp3
/Users/koryjcampbell/Music/CRATES/GENRES/UNASSIGNED/Kory Likes/Sango - Kalimba Funk.mp3	/Users/koryjcampbell/Music/CRATES/GENRES/Future Beats/General Future Beats/Sango - Kalimba Funk.mp3
/Users/koryjcampbell/Music/CRATES/GENRES/UNASSIGNED/Kory Likes/Sarah McLachlan - Angel.mp3	/Users/koryjcampbell/Music/CRATES/GENRES/Pop/Brat Pop/Sarah McLachlan - Angel.mp3
/Users/koryjcampbell/Music/CRATES/GENRES/UNASSIGNED/Kory Likes/Sasha Keable - FEEL SOMETHING.mp3	/Users/koryjcampbell/Music/CRATES/GENRES/R&B/2020s R&B/Sasha Keable - FEEL SOMETHING.mp3
/Users/koryjcampbell/Music/CRATES/GENRES/UNASSIGNED/Kory Likes/Sasha Keable - act right.mp3	/Users/koryjcampbell/Music/CRATES/GENRES/R&B/2020s R&B/Sasha Keable - act right.mp3
/Users/koryjcampbell/Music/CRATES/GENRES/UNASSIGNED/Kory Likes/Sasha Keable - heartbeat.mp3	/Users/koryjcampbell/Music/CRATES/GENRES/R&B/2020s R&B/Sasha Keable - heartbeat.mp3
/Users/koryjcampbell/Music/CRATES/GENRES/UNASSIGNED/Kory Likes/Sasha Keable - move it along (feat. Leon Thomas).mp3	/Users/koryjcampbell/Music/CRATES/GENRES/R&B/2020s R&B/Sasha Keable - move it along (feat. Leon Thomas).mp3
/Users/koryjcampbell/Music/CRATES/GENRES/UNASSIGNED/Kory Likes/Sault - S.I.T.L.mp3	/Users/koryjcampbell/Music/CRATES/GENRES/Soul/2020s Soul/Sault - S.I.T.L.mp3
/Users/koryjcampbell/Music/CRATES/GENRES/UNASSIGNED/Kory Likes/Savannah Cristina - Prototype.mp3	/Users/koryjcampbell/Music/CRATES/GENRES/R&B/2020s R&B/Savannah Cristina - Prototype.mp3
/Users/koryjcampbell/Music/CRATES/GENRES/UNASSIGNED/Kory Likes/Seafood Sam - Slow Jamz 2 (feat. Devin Morrison).mp3	/Users/koryjcampbell/Music/CRATES/GENRES/Hip-Hop:Rap/2020s Hip-Hop/Seafood Sam - Slow Jamz 2 (feat. Devin Morrison).mp3
/Users/koryjcampbell/Music/CRATES/GENRES/UNASSIGNED/Kory Likes/Sebastian Mikael - Security Code.mp3	/Users/koryjcampbell/Music/CRATES/GENRES/R&B/2020s R&B/Sebastian Mikael - Security Code.mp3
/Users/koryjcampbell/Music/CRATES/GENRES/UNASSIGNED/Kory Likes/Selena - Dreaming Of You.mp3	/Users/koryjcampbell/Music/CRATES/GENRES/Latin/General Latin/Selena - Dreaming Of You.mp3
/Users/koryjcampbell/Music/CRATES/GENRES/UNASSIGNED/Kory Likes/Sevyn Streeter - '97.mp3	/Users/koryjcampbell/Music/CRATES/GENRES/R&B/2020s R&B/Sevyn Streeter - '97.mp3
/Users/koryjcampbell/Music/CRATES/GENRES/UNASSIGNED/Kory Likes/Shade Sheist - Where I Wanna Be.mp3	/Users/koryjcampbell/Music/CRATES/GENRES/Hip-Hop:Rap/Contemporary West Coast/Shade Sheist - Where I Wanna Be.mp3
/Users/koryjcampbell/Music/CRATES/GENRES/UNASSIGNED/Kory Likes/Shaé Universe - JOURNEY.mp3	/Users/koryjcampbell/Music/CRATES/GENRES/R&B/2020s R&B/Shaé Universe - JOURNEY.mp3
/Users/koryjcampbell/Music/CRATES/GENRES/UNASSIGNED/Kory Likes/Shaé Universe - OOTW.mp3	/Users/koryjcampbell/Music/CRATES/GENRES/R&B/2020s R&B/Shaé Universe - OOTW.mp3
/Users/koryjcampbell/Music/CRATES/GENRES/UNASSIGNED/Kory Likes/Shaé Universe - Oh, Wait... (feat. Nao).mp3	/Users/koryjcampbell/Music/CRATES/GENRES/R&B/2020s R&B/Shaé Universe - Oh, Wait... (feat. Nao).mp3
/Users/koryjcampbell/Music/CRATES/GENRES/UNASSIGNED/Kory Likes/Shai - I Don't Wanna Be Alone (Album Version).mp3	/Users/koryjcampbell/Music/CRATES/GENRES/R&B/1990s R&B/Shai - I Don't Wanna Be Alone (Album Version).mp3
/Users/koryjcampbell/Music/CRATES/GENRES/UNASSIGNED/Kory Likes/Shallipopi - Elon Musk (feat. Fireboy DML) (Remix).mp3	/Users/koryjcampbell/Music/CRATES/GENRES/Afrobeats/2020s Afrobeats/Shallipopi - Elon Musk (feat. Fireboy DML) (Remix).mp3
/Users/koryjcampbell/Music/CRATES/GENRES/UNASSIGNED/Kory Likes/Shallipopi - Free Service.mp3	/Users/koryjcampbell/Music/CRATES/GENRES/Afrobeats/2020s Afrobeats/Shallipopi - Free Service.mp3
/Users/koryjcampbell/Music/CRATES/GENRES/UNASSIGNED/Kory Likes/Shallipopi - Laho II.mp3	/Users/koryjcampbell/Music/CRATES/GENRES/Afrobeats/2020s Afrobeats/Shallipopi - Laho II.mp3
/Users/koryjcampbell/Music/CRATES/GENRES/UNASSIGNED/Kory Likes/Shaquille O'Neal - No Love Lost (feat. Jay-Z, Nas & Lord Tariq).mp3	/Users/koryjcampbell/Music/CRATES/GENRES/Hip-Hop:Rap/1990s Hip-Hop/Shaquille O'Neal - No Love Lost (feat. Jay-Z, Nas & Lord Tariq).mp3
/Users/koryjcampbell/Music/CRATES/GENRES/UNASSIGNED/Kory Likes/Shaquille O'Neal - You Can't Stop The Reign (feat. The Notorious B.I.G.).mp3	/Users/koryjcampbell/Music/CRATES/GENRES/Hip-Hop:Rap/1990s Hip-Hop/Shaquille O'Neal - You Can't Stop The Reign (feat. The Notorious B.I.G.).mp3
/Users/koryjcampbell/Music/CRATES/GENRES/UNASSIGNED/Kory Likes/Shay Lia - HIGH.mp3	/Users/koryjcampbell/Music/CRATES/GENRES/R&B/2020s R&B/Shay Lia - HIGH.mp3
/Users/koryjcampbell/Music/CRATES/GENRES/UNASSIGNED/Kory Likes/Sheek Louch - Good Love.mp3	/Users/koryjcampbell/Music/CRATES/GENRES/Hip-Hop:Rap/East Coast Hip-Hop/Sheek Louch - Good Love.mp3
/Users/koryjcampbell/Music/CRATES/GENRES/UNASSIGNED/Kory Likes/Shenseea - Shen Yeng Anthem.mp3	/Users/koryjcampbell/Music/CRATES/GENRES/Dancehall/Dancehall Contemporary/Shenseea - Shen Yeng Anthem.mp3
/Users/koryjcampbell/Music/CRATES/GENRES/UNASSIGNED/Kory Likes/Shift K3Y - In Your Arms.mp3	/Users/koryjcampbell/Music/CRATES/GENRES/House/General House/Shift K3Y - In Your Arms.mp3
/Users/koryjcampbell/Music/CRATES/GENRES/UNASSIGNED/Kory Likes/Shuko - Jazzterfield 3.mp3	/Users/koryjcampbell/Music/CRATES/GENRES/Hip-Hop:Rap/Boom Bap [Soundcloud]/Shuko - Jazzterfield 3.mp3
/Users/koryjcampbell/Music/CRATES/GENRES/UNASSIGNED/Kory Likes/Side Effect - The Loneliest Man in Town.mp3	/Users/koryjcampbell/Music/CRATES/GENRES/Soul/1970s Soul/Side Effect - The Loneliest Man in Town.mp3
/Users/koryjcampbell/Music/CRATES/GENRES/UNASSIGNED/Kory Likes/Sideshow - 01'beigecamry.mp3	/Users/koryjcampbell/Music/CRATES/GENRES/Hip-Hop:Rap/2020s Hip-Hop/Sideshow - 01'beigecamry.mp3
/Users/koryjcampbell/Music/CRATES/GENRES/UNASSIGNED/Kory Likes/Sillkey - Brown Eyes.mp3	/Users/koryjcampbell/Music/CRATES/GENRES/R&B/2020s R&B/Sillkey - Brown Eyes.mp3
/Users/koryjcampbell/Music/CRATES/GENRES/UNASSIGNED/Kory Likes/Sinéad O'Connor - Feel so Different (2009 Remaster).mp3	/Users/koryjcampbell/Music/CRATES/GENRES/Pop/1990s Pop/Sinéad O'Connor - Feel so Different (2009 Remaster).mp3
/Users/koryjcampbell/Music/CRATES/GENRES/UNASSIGNED/Kory Likes/Sinéad O'Connor - I Am Stretched on Your Grave.mp3	/Users/koryjcampbell/Music/CRATES/GENRES/Pop/1990s Pop/Sinéad O'Connor - I Am Stretched on Your Grave.mp3
/Users/koryjcampbell/Music/CRATES/GENRES/UNASSIGNED/Kory Likes/Sithelo - Forever.mp3	/Users/koryjcampbell/Music/CRATES/GENRES/Amapiano/General Amapiano/Sithelo - Forever.mp3
/Users/koryjcampbell/Music/CRATES/GENRES/UNASSIGNED/Kory Likes/Skeete - Dark Skin Girl.mp3	/Users/koryjcampbell/Music/CRATES/GENRES/Dancehall/Dancehall Contemporary/Skeete - Dark Skin Girl.mp3
/Users/koryjcampbell/Music/CRATES/GENRES/UNASSIGNED/Kory Likes/Skepta - Miss Independent.mp3	/Users/koryjcampbell/Music/CRATES/GENRES/Hip-Hop:Rap/2020s Hip-Hop/Skepta - Miss Independent.mp3
/Users/koryjcampbell/Music/CRATES/GENRES/UNASSIGNED/Kory Likes/Skillibeng - Crocodile Teeth.mp3	/Users/koryjcampbell/Music/CRATES/GENRES/Dancehall/Dancehall Contemporary/Skillibeng - Crocodile Teeth.mp3
/Users/koryjcampbell/Music/CRATES/GENRES/UNASSIGNED/Kory Likes/Skrilla - Bazin.mp3	/Users/koryjcampbell/Music/CRATES/GENRES/Hip-Hop:Rap/2020s Hip-Hop/Skrilla - Bazin.mp3
/Users/koryjcampbell/Music/CRATES/GENRES/UNASSIGNED/Kory Likes/Skrilla - Butter.mp3	/Users/koryjcampbell/Music/CRATES/GENRES/Hip-Hop:Rap/2020s Hip-Hop/Skrilla - Butter.mp3
/Users/koryjcampbell/Music/CRATES/GENRES/UNASSIGNED/Kory Likes/Skrilla - Crash Out Boyz.mp3	/Users/koryjcampbell/Music/CRATES/GENRES/Hip-Hop:Rap/2020s Hip-Hop/Skrilla - Crash Out Boyz.mp3
/Users/koryjcampbell/Music/CRATES/GENRES/UNASSIGNED/Kory Likes/Skrilla - Doot Doot (6 7).mp3	/Users/koryjcampbell/Music/CRATES/GENRES/Hip-Hop:Rap/2020s Hip-Hop/Skrilla - Doot Doot (6 7).mp3
/Users/koryjcampbell/Music/CRATES/GENRES/UNASSIGNED/Kory Likes/Skrilla - Glitchin.mp3	/Users/koryjcampbell/Music/CRATES/GENRES/Hip-Hop:Rap/2020s Hip-Hop/Skrilla - Glitchin.mp3
/Users/koryjcampbell/Music/CRATES/GENRES/UNASSIGNED/Kory Likes/Skrilla - Mozz Crib.mp3	/Users/koryjcampbell/Music/CRATES/GENRES/Hip-Hop:Rap/2020s Hip-Hop/Skrilla - Mozz Crib.mp3
/Users/koryjcampbell/Music/CRATES/GENRES/UNASSIGNED/Kory Likes/Skrilla - Rich Sinners.mp3	/Users/koryjcampbell/Music/CRATES/GENRES/Hip-Hop:Rap/2020s Hip-Hop/Skrilla - Rich Sinners.mp3
/Users/koryjcampbell/Music/CRATES/GENRES/UNASSIGNED/Kory Likes/Skrilla - Roger Dat.mp3	/Users/koryjcampbell/Music/CRATES/GENRES/Hip-Hop:Rap/2020s Hip-Hop/Skrilla - Roger Dat.mp3
/Users/koryjcampbell/Music/CRATES/GENRES/UNASSIGNED/Kory Likes/Skylar Blatt - Wake Up (feat. Chris Brown).mp3	/Users/koryjcampbell/Music/CRATES/GENRES/Hip-Hop:Rap/2020s Hip-Hop/Skylar Blatt - Wake Up (feat. Chris Brown).mp3
/Users/koryjcampbell/Music/CRATES/GENRES/UNASSIGNED/Kory Likes/Skyy - High.mp3	/Users/koryjcampbell/Music/CRATES/GENRES/Disco/Boogie/Skyy - High.mp3
/Users/koryjcampbell/Music/CRATES/GENRES/UNASSIGNED/Kory Likes/Slum Village - Climax (Instrumental Mix).mp3	/Users/koryjcampbell/Music/CRATES/GENRES/Hip-Hop:Rap/Underground Hip-Hop/Slum Village - Climax (Instrumental Mix).mp3
/Users/koryjcampbell/Music/CRATES/GENRES/UNASSIGNED/Kory Likes/Slum Village - Hold Tight (Instrumental Mix).mp3	/Users/koryjcampbell/Music/CRATES/GENRES/Hip-Hop:Rap/Underground Hip-Hop/Slum Village - Hold Tight (Instrumental Mix).mp3
/Users/koryjcampbell/Music/CRATES/GENRES/UNASSIGNED/Kory Likes/Slum Village - Tell Me.mp3	/Users/koryjcampbell/Music/CRATES/GENRES/Hip-Hop:Rap/1990s Hip-Hop/Slum Village - Tell Me.mp3
/Users/koryjcampbell/Music/CRATES/GENRES/UNASSIGNED/Kory Likes/Snakehips - Been A Minute.mp3	/Users/koryjcampbell/Music/CRATES/GENRES/R&B/2020s R&B/Snakehips - Been A Minute.mp3
/Users/koryjcampbell/Music/CRATES/GENRES/UNASSIGNED/Kory Likes/Snoh Aalegra - ON MY MIND.mp3	/Users/koryjcampbell/Music/CRATES/GENRES/R&B/2020s R&B/Snoh Aalegra - ON MY MIND.mp3
/Users/koryjcampbell/Music/CRATES/GENRES/UNASSIGNED/Kory Likes/Snoh Aalegra - Sometimes.mp3	/Users/koryjcampbell/Music/CRATES/GENRES/R&B/2010s R&B/Snoh Aalegra - Sometimes.mp3
/Users/koryjcampbell/Music/CRATES/GENRES/UNASSIGNED/Kory Likes/Snoh Aalegra - Whoa.mp3	/Users/koryjcampbell/Music/CRATES/GENRES/R&B/2010s R&B/Snoh Aalegra - Whoa.mp3
/Users/koryjcampbell/Music/CRATES/GENRES/UNASSIGNED/Kory Likes/Snoop Dogg - Leave Me Alone.mp3	/Users/koryjcampbell/Music/CRATES/GENRES/Hip-Hop:Rap/Old School Los Angeles/Snoop Dogg - Leave Me Alone.mp3
/Users/koryjcampbell/Music/CRATES/GENRES/UNASSIGNED/Kory Likes/Snoop Dogg - Toss It.mp3	/Users/koryjcampbell/Music/CRATES/GENRES/Hip-Hop:Rap/Contemporary West Coast/Snoop Dogg - Toss It.mp3
/Users/koryjcampbell/Music/CRATES/GENRES/UNASSIGNED/Kory Likes/Snoop Dogg - Wrong Idea.mp3	/Users/koryjcampbell/Music/CRATES/GENRES/Hip-Hop:Rap/Contemporary West Coast/Snoop Dogg - Wrong Idea.mp3
/Users/koryjcampbell/Music/CRATES/GENRES/UNASSIGNED/Kory Likes/Snowgoons - Get off the Ground.mp3	/Users/koryjcampbell/Music/CRATES/GENRES/Hip-Hop:Rap/Boom Bap [Soundcloud]/Snowgoons - Get off the Ground.mp3
/Users/koryjcampbell/Music/CRATES/GENRES/UNASSIGNED/Kory Likes/Solomon Fox - Fallin' Back.mp3	/Users/koryjcampbell/Music/CRATES/GENRES/R&B/2020s R&B/Solomon Fox - Fallin' Back.mp3
/Users/koryjcampbell/Music/CRATES/GENRES/UNASSIGNED/Kory Likes/Sonya Spence - Let Love Flow On.mp3	/Users/koryjcampbell/Music/CRATES/GENRES/Reggae/2020s Reggaeton/Sonya Spence - Let Love Flow On.mp3
/Users/koryjcampbell/Music/CRATES/GENRES/UNASSIGNED/Kory Likes/Souls of Mischief - Step To My Girl.mp3	/Users/koryjcampbell/Music/CRATES/GENRES/Hip-Hop:Rap/1990s Hip-Hop/Souls of Mischief - Step To My Girl.mp3
/Users/koryjcampbell/Music/CRATES/GENRES/UNASSIGNED/Kory Likes/Spandau Ballet - True (2003 Remaster).mp3	/Users/koryjcampbell/Music/CRATES/GENRES/Pop/1980s Pop/Spandau Ballet - True (2003 Remaster).mp3
/Users/koryjcampbell/Music/CRATES/GENRES/UNASSIGNED/Kory Likes/Spooks - Karma Hotel (Radio Edit).mp3	/Users/koryjcampbell/Music/CRATES/GENRES/Dancehall/Dancehall Classics/Spooks - Karma Hotel (Radio Edit).mp3
/Users/koryjcampbell/Music/CRATES/GENRES/UNASSIGNED/Kory Likes/Spyro Gyra - Morning Dance (Live In Lakeville, PA _ 1997).mp3	/Users/koryjcampbell/Music/CRATES/GENRES/Jazz/General Jazz/Spyro Gyra - Morning Dance (Live In Lakeville, PA _ 1997).mp3
/Users/koryjcampbell/Music/CRATES/GENRES/UNASSIGNED/Kory Likes/Starship Orchestra - Yesterday.mp3	/Users/koryjcampbell/Music/CRATES/GENRES/Jazz/General Jazz/Starship Orchestra - Yesterday.mp3
/Users/koryjcampbell/Music/CRATES/GENRES/UNASSIGNED/Kory Likes/Steely Dan - Aja.mp3	/Users/koryjcampbell/Music/CRATES/GENRES/Rock/General Rock/Steely Dan - Aja.mp3
/Users/koryjcampbell/Music/CRATES/GENRES/UNASSIGNED/Kory Likes/Steely Dan - Babylon Sisters.mp3	/Users/koryjcampbell/Music/CRATES/GENRES/Rock/General Rock/Steely Dan - Babylon Sisters.mp3
/Users/koryjcampbell/Music/CRATES/GENRES/UNASSIGNED/Kory Likes/Steely Dan - Black Cow.mp3	/Users/koryjcampbell/Music/CRATES/GENRES/Rock/General Rock/Steely Dan - Black Cow.mp3
/Users/koryjcampbell/Music/CRATES/GENRES/UNASSIGNED/Kory Likes/Steely Dan - Deacon Blues.mp3	/Users/koryjcampbell/Music/CRATES/GENRES/Rock/General Rock/Steely Dan - Deacon Blues.mp3
/Users/koryjcampbell/Music/CRATES/GENRES/UNASSIGNED/Kory Likes/Steely Dan - Josie.mp3	/Users/koryjcampbell/Music/CRATES/GENRES/Rock/General Rock/Steely Dan - Josie.mp3
/Users/koryjcampbell/Music/CRATES/GENRES/UNASSIGNED/Kory Likes/Steely Dan - My Old School.mp3	/Users/koryjcampbell/Music/CRATES/GENRES/Rock/General Rock/Steely Dan - My Old School.mp3
/Users/koryjcampbell/Music/CRATES/GENRES/UNASSIGNED/Kory Likes/Steely Dan - Peg.mp3	/Users/koryjcampbell/Music/CRATES/GENRES/Rock/General Rock/Steely Dan - Peg.mp3
/Users/koryjcampbell/Music/CRATES/GENRES/UNASSIGNED/Kory Likes/Steely Dan - The Fez (2025 Remaster).mp3	/Users/koryjcampbell/Music/CRATES/GENRES/Rock/General Rock/Steely Dan - The Fez (2025 Remaster).mp3
/Users/koryjcampbell/Music/CRATES/GENRES/UNASSIGNED/Kory Likes/Steve Lacy - Donchano.mp3	/Users/koryjcampbell/Music/CRATES/GENRES/Pop/Contemporary Pop/Steve Lacy - Donchano.mp3
/Users/koryjcampbell/Music/CRATES/GENRES/UNASSIGNED/Kory Likes/Steve Miller Band - Fly Like An Eagle.mp3	/Users/koryjcampbell/Music/CRATES/GENRES/Rock/General Rock/Steve Miller Band - Fly Like An Eagle.mp3
/Users/koryjcampbell/Music/CRATES/GENRES/UNASSIGNED/Kory Likes/Steven Julien - Wraap't.mp3	/Users/koryjcampbell/Music/CRATES/GENRES/Electronic/General Electronic/Steven Julien - Wraap't.mp3
/Users/koryjcampbell/Music/CRATES/GENRES/UNASSIGNED/Kory Likes/Stevie Wonder - All I Do.mp3	/Users/koryjcampbell/Music/CRATES/GENRES/Soul/1970s Soul/Stevie Wonder - All I Do.mp3
/Users/koryjcampbell/Music/CRATES/GENRES/UNASSIGNED/Kory Likes/Stevie Wonder - Blame It On The Sun.mp3	/Users/koryjcampbell/Music/CRATES/GENRES/Soul/1970s Soul/Stevie Wonder - Blame It On The Sun.mp3
/Users/koryjcampbell/Music/CRATES/GENRES/UNASSIGNED/Kory Likes/Stevie Wonder - Pastime Paradise.mp3	/Users/koryjcampbell/Music/CRATES/GENRES/Soul/1970s Soul/Stevie Wonder - Pastime Paradise.mp3
/Users/koryjcampbell/Music/CRATES/GENRES/UNASSIGNED/Kory Likes/Sublime - Santeria.mp3	/Users/koryjcampbell/Music/CRATES/GENRES/Pop/1990s Pop/Sublime - Santeria.mp3
/Users/koryjcampbell/Music/CRATES/GENRES/UNASSIGNED/Kory Likes/Summer Walker - Heart Of A Woman.mp3	/Users/koryjcampbell/Music/CRATES/GENRES/R&B/2020s R&B/Summer Walker - Heart Of A Woman.mp3
/Users/koryjcampbell/Music/CRATES/GENRES/UNASSIGNED/Kory Likes/Sunglasses Kid - Badge and gun (feat. Jonny Diggens).mp3	/Users/koryjcampbell/Music/CRATES/GENRES/Electronic/General Electronic/Sunglasses Kid - Badge and gun (feat. Jonny Diggens).mp3
/Users/koryjcampbell/Music/CRATES/GENRES/UNASSIGNED/Kory Likes/Susan Cadogan - Let Me Prove My Love To You.mp3	/Users/koryjcampbell/Music/CRATES/GENRES/Reggae/2000s Reggaeton/Susan Cadogan - Let Me Prove My Love To You.mp3
/Users/koryjcampbell/Music/CRATES/GENRES/UNASSIGNED/Kory Likes/Swindle - Way Back To Me.mp3	/Users/koryjcampbell/Music/CRATES/GENRES/R&B/2020s R&B/Swindle - Way Back To Me.mp3
/Users/koryjcampbell/Music/CRATES/GENRES/UNASSIGNED/Kory Likes/Switch - There'll Never Be.mp3	/Users/koryjcampbell/Music/CRATES/GENRES/R&B/General R&B/Switch - There'll Never Be.mp3
/Users/koryjcampbell/Music/CRATES/GENRES/UNASSIGNED/Kory Likes/Syd - Fast Car.mp3	/Users/koryjcampbell/Music/CRATES/GENRES/R&B/2020s R&B/Syd - Fast Car.mp3
/Users/koryjcampbell/Music/CRATES/GENRES/UNASSIGNED/Kory Likes/Syd - GMFU.mp3	/Users/koryjcampbell/Music/CRATES/GENRES/R&B/2020s R&B/Syd - GMFU.mp3
/Users/koryjcampbell/Music/CRATES/GENRES/UNASSIGNED/Kory Likes/Sylvia Striplin - You Can't Turn Me Away (Mixed).mp3	/Users/koryjcampbell/Music/CRATES/GENRES/Funk/Funk & Boogie Edits/Sylvia Striplin - You Can't Turn Me Away (Mixed).mp3
/Users/koryjcampbell/Music/CRATES/GENRES/UNASSIGNED/Kory Likes/T-Pain - Put It Down (feat. Raymond Fein, Teddy Penderazdoun & Teddy Verseti).mp3	/Users/koryjcampbell/Music/CRATES/GENRES/R&B/2000s R&B/T-Pain - Put It Down (feat. Raymond Fein, Teddy Penderazdoun & Teddy Verseti).mp3
/Users/koryjcampbell/Music/CRATES/GENRES/UNASSIGNED/Kory Likes/T99zy - Trip Out.mp3	/Users/koryjcampbell/Music/CRATES/GENRES/Hip-Hop:Rap/2020s Hip-Hop/T99zy - Trip Out.mp3
/Users/koryjcampbell/Music/CRATES/GENRES/UNASSIGNED/Kory Likes/THEY. - Choosin'.mp3	/Users/koryjcampbell/Music/CRATES/GENRES/R&B/2020s R&B/THEY. - Choosin'.mp3
/Users/koryjcampbell/Music/CRATES/GENRES/UNASSIGNED/Kory Likes/THEY. - Diamonds And Pearls.mp3	/Users/koryjcampbell/Music/CRATES/GENRES/R&B/2020s R&B/THEY. - Diamonds And Pearls.mp3
/Users/koryjcampbell/Music/CRATES/GENRES/UNASSIGNED/Kory Likes/THEY. - Rotation.mp3	/Users/koryjcampbell/Music/CRATES/GENRES/R&B/2020s R&B/THEY. - Rotation.mp3
/Users/koryjcampbell/Music/CRATES/GENRES/UNASSIGNED/Kory Likes/TT The Artist - Off the Chain.mp3	/Users/koryjcampbell/Music/CRATES/GENRES/Club/Jersey Club [Soundcloud]/TT The Artist - Off the Chain.mp3
/Users/koryjcampbell/Music/CRATES/GENRES/UNASSIGNED/Kory Likes/Take 6 - Come Unto Me.mp3	/Users/koryjcampbell/Music/CRATES/GENRES/Gospel/1990s Gospel/Take 6 - Come Unto Me.mp3
/Users/koryjcampbell/Music/CRATES/GENRES/UNASSIGNED/Kory Likes/Tall Black Guy - As the Night Moves (feat. Devin Morrison).mp3	/Users/koryjcampbell/Music/CRATES/GENRES/Future Beats/General Future Beats/Tall Black Guy - As the Night Moves (feat. Devin Morrison).mp3
/Users/koryjcampbell/Music/CRATES/GENRES/UNASSIGNED/Kory Likes/Tall Black Guy - Don't Go Back.mp3	/Users/koryjcampbell/Music/CRATES/GENRES/Future Beats/General Future Beats/Tall Black Guy - Don't Go Back.mp3
/Users/koryjcampbell/Music/CRATES/GENRES/UNASSIGNED/Kory Likes/Tall Black Guy - Keep Him Satisfied (feat. Sy Smith).mp3	/Users/koryjcampbell/Music/CRATES/GENRES/Future Beats/General Future Beats/Tall Black Guy - Keep Him Satisfied (feat. Sy Smith).mp3
/Users/koryjcampbell/Music/CRATES/GENRES/UNASSIGNED/Kory Likes/Tamia - Falling For You.mp3	/Users/koryjcampbell/Music/CRATES/GENRES/R&B/2000s R&B/Tamia - Falling For You.mp3
/Users/koryjcampbell/Music/CRATES/GENRES/UNASSIGNED/Kory Likes/Tamia - More (feat. Freck the Billionaire) (Main Version with Rap-Varispeed 0.5 Version).mp3	/Users/koryjcampbell/Music/CRATES/GENRES/R&B/2000s R&B/Tamia - More (feat. Freck the Billionaire) (Main Version with Rap-Varispeed 0.5 Version).mp3
/Users/koryjcampbell/Music/CRATES/GENRES/UNASSIGNED/Kory Likes/Tamia - Show Me Love.mp3	/Users/koryjcampbell/Music/CRATES/GENRES/R&B/2000s R&B/Tamia - Show Me Love.mp3
/Users/koryjcampbell/Music/CRATES/GENRES/UNASSIGNED/Kory Likes/Tamia - Still.mp3	/Users/koryjcampbell/Music/CRATES/GENRES/R&B/2000s R&B/Tamia - Still.mp3
/Users/koryjcampbell/Music/CRATES/GENRES/UNASSIGNED/Kory Likes/Tay B - LL Cool Tay.mp3	/Users/koryjcampbell/Music/CRATES/GENRES/Hip-Hop:Rap/Detroit Hip-Hop/Tay B - LL Cool Tay.mp3
/Users/koryjcampbell/Music/CRATES/GENRES/UNASSIGNED/Kory Likes/Tay Iwar - Sex on the Beach.mp3	/Users/koryjcampbell/Music/CRATES/GENRES/Afrobeats/Afropop/Tay Iwar - Sex on the Beach.mp3
/Users/koryjcampbell/Music/CRATES/GENRES/UNASSIGNED/Kory Likes/Teddy Pendergrass - You're My Latest, My Greatest Inspiration.mp3	/Users/koryjcampbell/Music/CRATES/GENRES/Soul/Soulful House/Teddy Pendergrass - You're My Latest, My Greatest Inspiration.mp3
/Users/koryjcampbell/Music/CRATES/GENRES/UNASSIGNED/Kory Likes/Teedra Moses - All I Ever Wanted.mp3	/Users/koryjcampbell/Music/CRATES/GENRES/R&B/2010s R&B/Teedra Moses - All I Ever Wanted.mp3
/Users/koryjcampbell/Music/CRATES/GENRES/UNASSIGNED/Kory Likes/Teedra Moses - BE YOUR GIRL (KAYTRANADA REMIX).mp3	/Users/koryjcampbell/Music/CRATES/GENRES/Future Beats/General Future Beats/Teedra Moses - BE YOUR GIRL (KAYTRANADA REMIX).mp3
/Users/koryjcampbell/Music/CRATES/GENRES/UNASSIGNED/Kory Likes/Teezo Touchdown - Out of Respect.mp3	/Users/koryjcampbell/Music/CRATES/GENRES/Hip-Hop:Rap/2020s Hip-Hop/Teezo Touchdown - Out of Respect.mp3
/Users/koryjcampbell/Music/CRATES/GENRES/UNASSIGNED/Kory Likes/Tems - Burning.mp3	/Users/koryjcampbell/Music/CRATES/GENRES/Afrobeats/2020s Afrobeats/Tems - Burning.mp3
/Users/koryjcampbell/Music/CRATES/GENRES/UNASSIGNED/Kory Likes/Tems - Ready.mp3	/Users/koryjcampbell/Music/CRATES/GENRES/Afrobeats/2020s Afrobeats/Tems - Ready.mp3
/Users/koryjcampbell/Music/CRATES/GENRES/UNASSIGNED/Kory Likes/Terrace Martin - Forever.mp3	/Users/koryjcampbell/Music/CRATES/GENRES/Jazz/General Jazz/Terrace Martin - Forever.mp3
/Users/koryjcampbell/Music/CRATES/GENRES/UNASSIGNED/Kory Likes/Terrace Martin - Sleepless Nights.mp3	/Users/koryjcampbell/Music/CRATES/GENRES/Jazz/General Jazz/Terrace Martin - Sleepless Nights.mp3
/Users/koryjcampbell/Music/CRATES/GENRES/UNASSIGNED/Kory Likes/Terrell Grice - I Like It.mp3	/Users/koryjcampbell/Music/CRATES/GENRES/R&B/2020s R&B/Terrell Grice - I Like It.mp3
/Users/koryjcampbell/Music/CRATES/GENRES/UNASSIGNED/Kory Likes/Terri Walker - Fearless.mp3	/Users/koryjcampbell/Music/CRATES/GENRES/Gospel/Gospel House/Terri Walker - Fearless.mp3
/Users/koryjcampbell/Music/CRATES/GENRES/UNASSIGNED/Kory Likes/Tevin Campbell - Can We Talk.mp3	/Users/koryjcampbell/Music/CRATES/GENRES/Hip-Hop:Rap/1990s Hip-Hop/Tevin Campbell - Can We Talk.mp3
/Users/koryjcampbell/Music/CRATES/GENRES/UNASSIGNED/Kory Likes/Tevin Campbell - I'm Ready.mp3	/Users/koryjcampbell/Music/CRATES/GENRES/Hip-Hop:Rap/1990s Hip-Hop/Tevin Campbell - I'm Ready.mp3
/Users/koryjcampbell/Music/CRATES/GENRES/UNASSIGNED/Kory Likes/The Alchemist - Ocean Prime.mp3	/Users/koryjcampbell/Music/CRATES/GENRES/Hip-Hop:Rap/East Coast Hip-Hop/The Alchemist - Ocean Prime.mp3
/Users/koryjcampbell/Music/CRATES/GENRES/UNASSIGNED/Kory Likes/The Altons - Del Cielo Te Cuido.mp3	/Users/koryjcampbell/Music/CRATES/GENRES/Soul/2020s Soul/The Altons - Del Cielo Te Cuido.mp3
/Users/koryjcampbell/Music/CRATES/GENRES/UNASSIGNED/Kory Likes/The Altons - Tangled Up in You.mp3	/Users/koryjcampbell/Music/CRATES/GENRES/Soul/2020s Soul/The Altons - Tangled Up in You.mp3
/Users/koryjcampbell/Music/CRATES/GENRES/UNASSIGNED/Kory Likes/The Altons - Your Light.mp3	/Users/koryjcampbell/Music/CRATES/GENRES/Soul/2020s Soul/The Altons - Your Light.mp3
/Users/koryjcampbell/Music/CRATES/GENRES/UNASSIGNED/Kory Likes/The Beach Boys - I Get Around (Remastered 2001).mp3	/Users/koryjcampbell/Music/CRATES/GENRES/Rock/General Rock/The Beach Boys - I Get Around (Remastered 2001).mp3
/Users/koryjcampbell/Music/CRATES/GENRES/UNASSIGNED/Kory Likes/The Beatles - Blackbird (Remastered 2009).mp3	/Users/koryjcampbell/Music/CRATES/GENRES/Rock/General Rock/The Beatles - Blackbird (Remastered 2009).mp3
/Users/koryjcampbell/Music/CRATES/GENRES/UNASSIGNED/Kory Likes/The Beatles - Here Comes The Sun (Remastered 2009).mp3	/Users/koryjcampbell/Music/CRATES/GENRES/Rock/General Rock/The Beatles - Here Comes The Sun (Remastered 2009).mp3
/Users/koryjcampbell/Music/CRATES/GENRES/UNASSIGNED/Kory Likes/The Beatles - Nowhere Man (Remastered 2009).mp3	/Users/koryjcampbell/Music/CRATES/GENRES/Rock/General Rock/The Beatles - Nowhere Man (Remastered 2009).mp3
/Users/koryjcampbell/Music/CRATES/GENRES/UNASSIGNED/Kory Likes/The Bill Evans Trio - Nardis - Live.mp3	/Users/koryjcampbell/Music/CRATES/GENRES/Jazz/General Jazz/The Bill Evans Trio - Nardis - Live.mp3
/Users/koryjcampbell/Music/CRATES/GENRES/UNASSIGNED/Kory Likes/The Brothers Johnson - Strawberry Letter 23.mp3	/Users/koryjcampbell/Music/CRATES/GENRES/Funk/General Funk/The Brothers Johnson - Strawberry Letter 23.mp3
/Users/koryjcampbell/Music/CRATES/GENRES/UNASSIGNED/Kory Likes/The Cars - Drive (2017 Remaster).mp3	/Users/koryjcampbell/Music/CRATES/GENRES/Rock/General Rock/The Cars - Drive (2017 Remaster).mp3
/Users/koryjcampbell/Music/CRATES/GENRES/UNASSIGNED/Kory Likes/The Colleagues - Chocolate Skin.mp3	/Users/koryjcampbell/Music/CRATES/GENRES/Soul/2020s Soul/The Colleagues - Chocolate Skin.mp3
/Users/koryjcampbell/Music/CRATES/GENRES/UNASSIGNED/Kory Likes/The Controllers - Stay (Remaster).mp3	/Users/koryjcampbell/Music/CRATES/GENRES/Soul/2010s Soul/The Controllers - Stay (Remaster).mp3
/Users/koryjcampbell/Music/CRATES/GENRES/UNASSIGNED/Kory Likes/The Counts - Tecalli.mp3	/Users/koryjcampbell/Music/CRATES/GENRES/Funk/General Funk/The Counts - Tecalli.mp3
/Users/koryjcampbell/Music/CRATES/GENRES/UNASSIGNED/Kory Likes/The Crusaders - Street Life (Single Edit).mp3	/Users/koryjcampbell/Music/CRATES/GENRES/Jazz/General Jazz/The Crusaders - Street Life (Single Edit).mp3
/Users/koryjcampbell/Music/CRATES/GENRES/UNASSIGNED/Kory Likes/The Cure - Boys Don't Cry (Single Version).mp3	/Users/koryjcampbell/Music/CRATES/GENRES/Rock/General Rock/The Cure - Boys Don't Cry (Single Version).mp3
/Users/koryjcampbell/Music/CRATES/GENRES/UNASSIGNED/Kory Likes/The Dells - Oh What A Nite.mp3	/Users/koryjcampbell/Music/CRATES/GENRES/Soul/General Soul/The Dells - Oh What A Nite.mp3
/Users/koryjcampbell/Music/CRATES/GENRES/UNASSIGNED/Kory Likes/The Diplomats - Get From Round Me.mp3	/Users/koryjcampbell/Music/CRATES/GENRES/Hip-Hop:Rap/East Coast Hip-Hop/The Diplomats - Get From Round Me.mp3
/Users/koryjcampbell/Music/CRATES/GENRES/UNASSIGNED/Kory Likes/The Diplomats - I Wanna Be Your Lady.mp3	/Users/koryjcampbell/Music/CRATES/GENRES/Hip-Hop:Rap/East Coast Hip-Hop/The Diplomats - I Wanna Be Your Lady.mp3
/Users/koryjcampbell/Music/CRATES/GENRES/UNASSIGNED/Kory Likes/The Doobie Brothers - Long Train Runnin'.mp3	/Users/koryjcampbell/Music/CRATES/GENRES/Rock/General Rock/The Doobie Brothers - Long Train Runnin'.mp3
/Users/koryjcampbell/Music/CRATES/GENRES/UNASSIGNED/Kory Likes/The Fearless Flyers - Ventura.mp3	/Users/koryjcampbell/Music/CRATES/GENRES/Funk/2020s Funk/The Fearless Flyers - Ventura.mp3
/Users/koryjcampbell/Music/CRATES/GENRES/UNASSIGNED/Kory Likes/The Fearless Four - Rockin' It.mp3	/Users/koryjcampbell/Music/CRATES/GENRES/Hip-Hop:Rap/Old School Los Angeles/The Fearless Four - Rockin' It.mp3
/Users/koryjcampbell/Music/CRATES/GENRES/UNASSIGNED/Kory Likes/The Five Stairsteps - Come Back (Buddha Remastered 2001).mp3	/Users/koryjcampbell/Music/CRATES/GENRES/Soul/1970s Soul/The Five Stairsteps - Come Back (Buddha Remastered 2001).mp3
/Users/koryjcampbell/Music/CRATES/GENRES/UNASSIGNED/Kory Likes/The Floacist - Let Me.mp3	/Users/koryjcampbell/Music/CRATES/GENRES/Soul/Neo Soul/The Floacist - Let Me.mp3
/Users/koryjcampbell/Music/CRATES/GENRES/UNASSIGNED/Kory Likes/The Gallahads - Lonely Guy.mp3	/Users/koryjcampbell/Music/CRATES/GENRES/Soul/General Soul/The Gallahads - Lonely Guy.mp3
/Users/koryjcampbell/Music/CRATES/GENRES/UNASSIGNED/Kory Likes/The Gap Band - I Can't Get Over You.mp3	/Users/koryjcampbell/Music/CRATES/GENRES/Funk/General Funk/The Gap Band - I Can't Get Over You.mp3
/Users/koryjcampbell/Music/CRATES/GENRES/UNASSIGNED/Kory Likes/The Gap Band - I Don't Believe You Want To Get Up And Dance (Oops Up Side Your Head).mp3	/Users/koryjcampbell/Music/CRATES/GENRES/Funk/General Funk/The Gap Band - I Don't Believe You Want To Get Up And Dance (Oops Up Side Your Head).mp3
/Users/koryjcampbell/Music/CRATES/GENRES/UNASSIGNED/Kory Likes/The Gap Band - Oops Up Side Your Head (12_ Single Version).mp3	/Users/koryjcampbell/Music/CRATES/GENRES/Funk/2020s Funk/The Gap Band - Oops Up Side Your Head (12_ Single Version).mp3
/Users/koryjcampbell/Music/CRATES/GENRES/UNASSIGNED/Kory Likes/The Gap Band - Oops Upside Your Head (Live).mp3	/Users/koryjcampbell/Music/CRATES/GENRES/Funk/General Funk/The Gap Band - Oops Upside Your Head (Live).mp3
/Users/koryjcampbell/Music/CRATES/GENRES/UNASSIGNED/Kory Likes/The Gap Band - Yearning For Your Love.mp3	/Users/koryjcampbell/Music/CRATES/GENRES/Funk/General Funk/The Gap Band - Yearning For Your Love.mp3
/Users/koryjcampbell/Music/CRATES/GENRES/UNASSIGNED/Kory Likes/The Internet - Hold On.mp3	/Users/koryjcampbell/Music/CRATES/GENRES/R&B/2010s R&B/The Internet - Hold On.mp3
/Users/koryjcampbell/Music/CRATES/GENRES/UNASSIGNED/Kory Likes/The Intruders - When We Get Married.mp3	/Users/koryjcampbell/Music/CRATES/GENRES/Soul/General Soul/The Intruders - When We Get Married.mp3
/Users/koryjcampbell/Music/CRATES/GENRES/UNASSIGNED/Kory Likes/The Jacksons - Give It Up.mp3	/Users/koryjcampbell/Music/CRATES/GENRES/Disco/General Disco/The Jacksons - Give It Up.mp3
/Users/koryjcampbell/Music/CRATES/GENRES/UNASSIGNED/Kory Likes/The Last Mr. Bigg - Ho's.mp3	/Users/koryjcampbell/Music/CRATES/GENRES/Hip-Hop:Rap/2010s Hip-Hop/The Last Mr. Bigg - Ho's.mp3
/Users/koryjcampbell/Music/CRATES/GENRES/UNASSIGNED/Kory Likes/The Last Mr. Bigg - Trial Time.mp3	/Users/koryjcampbell/Music/CRATES/GENRES/Hip-Hop:Rap/2010s Hip-Hop/The Last Mr. Bigg - Trial Time.mp3
/Users/koryjcampbell/Music/CRATES/GENRES/UNASSIGNED/Kory Likes/The Little Dippers - Forever (Single Version).mp3	/Users/koryjcampbell/Music/CRATES/GENRES/Pop/General Pop/The Little Dippers - Forever (Single Version).mp3
/Users/koryjcampbell/Music/CRATES/GENRES/UNASSIGNED/Kory Likes/The Mamas & The Papas - Dream A Little Dream Of Me.mp3	/Users/koryjcampbell/Music/CRATES/GENRES/Pop/General Pop/The Mamas & The Papas - Dream A Little Dream Of Me.mp3
/Users/koryjcampbell/Music/CRATES/GENRES/UNASSIGNED/Kory Likes/The Mamas & The Papas - Snowqueen Of Texas.mp3	/Users/koryjcampbell/Music/CRATES/GENRES/Pop/1980s Pop/The Mamas & The Papas - Snowqueen Of Texas.mp3
/Users/koryjcampbell/Music/CRATES/GENRES/UNASSIGNED/Kory Likes/The Masqueraders - It's a Terrible Thing to Waste.mp3	/Users/koryjcampbell/Music/CRATES/GENRES/Soul/General Soul/The Masqueraders - It's a Terrible Thing to Waste.mp3
/Users/koryjcampbell/Music/CRATES/GENRES/UNASSIGNED/Kory Likes/The McCrarys - Love On A Summer Night.mp3	/Users/koryjcampbell/Music/CRATES/GENRES/Soul/1980s Soul/The McCrarys - Love On A Summer Night.mp3
/Users/koryjcampbell/Music/CRATES/GENRES/UNASSIGNED/Kory Likes/The Meters - Chicken Strut.mp3	/Users/koryjcampbell/Music/CRATES/GENRES/Funk/General Funk/The Meters - Chicken Strut.mp3
/Users/koryjcampbell/Music/CRATES/GENRES/UNASSIGNED/Kory Likes/The Meters - Cissy Strut.mp3	/Users/koryjcampbell/Music/CRATES/GENRES/Funk/General Funk/The Meters - Cissy Strut.mp3
/Users/koryjcampbell/Music/CRATES/GENRES/UNASSIGNED/Kory Likes/The Miracles - I Love You Secretly.mp3	/Users/koryjcampbell/Music/CRATES/GENRES/Soul/2010s Soul/The Miracles - I Love You Secretly.mp3
/Users/koryjcampbell/Music/CRATES/GENRES/UNASSIGNED/Kory Likes/The Notorious B.I.G. - I Love The Dough (feat. Jay-Z & Angela Winbush) (2014 Remaster).mp3	/Users/koryjcampbell/Music/CRATES/GENRES/Hip-Hop:Rap/1990s Hip-Hop/The Notorious B.I.G. - I Love The Dough (feat. Jay-Z & Angela Winbush) (2014 Remaster).mp3
/Users/koryjcampbell/Music/CRATES/GENRES/UNASSIGNED/Kory Likes/The Notorious B.I.G. - Mo Money Mo Problems (feat. Puff Daddy & Mase) (2014 Remaster).mp3	/Users/koryjcampbell/Music/CRATES/GENRES/Hip-Hop:Rap/2020s Hip-Hop/The Notorious B.I.G. - Mo Money Mo Problems (feat. Puff Daddy & Mase) (2014 Remaster).mp3
/Users/koryjcampbell/Music/CRATES/GENRES/UNASSIGNED/Kory Likes/The O'Jays - Forever Mine.mp3	/Users/koryjcampbell/Music/CRATES/GENRES/Soul/General Soul/The O'Jays - Forever Mine.mp3
/Users/koryjcampbell/Music/CRATES/GENRES/UNASSIGNED/Kory Likes/The Pharcyde - Bullshit.mp3	/Users/koryjcampbell/Music/CRATES/GENRES/Hip-Hop:Rap/Old School Los Angeles/The Pharcyde - Bullshit.mp3
/Users/koryjcampbell/Music/CRATES/GENRES/UNASSIGNED/Kory Likes/The Philharmonik - Chasing... (Live at NPR's Tiny Desk).mp3	/Users/koryjcampbell/Music/CRATES/GENRES/Soul/2020s Soul/The Philharmonik - Chasing... (Live at NPR's Tiny Desk).mp3
/Users/koryjcampbell/Music/CRATES/GENRES/UNASSIGNED/Kory Likes/The RH Factor - I'll Stay.mp3	/Users/koryjcampbell/Music/CRATES/GENRES/Jazz/General Jazz/The RH Factor - I'll Stay.mp3
/Users/koryjcampbell/Music/CRATES/GENRES/UNASSIGNED/Kory Likes/The S.O.S. Band - No One's Gonna Love You.mp3	/Users/koryjcampbell/Music/CRATES/GENRES/Funk/General Funk/The S.O.S. Band - No One's Gonna Love You.mp3
/Users/koryjcampbell/Music/CRATES/GENRES/UNASSIGNED/Kory Likes/The Shields - You Cheated You Lied.mp3	/Users/koryjcampbell/Music/CRATES/GENRES/Soul/2010s Soul/The Shields - You Cheated You Lied.mp3
/Users/koryjcampbell/Music/CRATES/GENRES/UNASSIGNED/Kory Likes/The Sundays - You're Not The Only One I Know.mp3	/Users/koryjcampbell/Music/CRATES/GENRES/Rock/2020s Indie Rock/The Sundays - You're Not The Only One I Know.mp3
/Users/koryjcampbell/Music/CRATES/GENRES/UNASSIGNED/Kory Likes/The Weeknd - I Can't Wait To Get There.mp3	/Users/koryjcampbell/Music/CRATES/GENRES/Pop/Contemporary Pop/The Weeknd - I Can't Wait To Get There.mp3
/Users/koryjcampbell/Music/CRATES/GENRES/UNASSIGNED/Kory Likes/The Weeknd - Timeless.mp3	/Users/koryjcampbell/Music/CRATES/GENRES/Hip-Hop:Rap/Trap Hip-Hop/The Weeknd - Timeless.mp3
/Users/koryjcampbell/Music/CRATES/GENRES/UNASSIGNED/Kory Likes/The-Dream - Fancy.mp3	/Users/koryjcampbell/Music/CRATES/GENRES/R&B/2000s R&B/The-Dream - Fancy.mp3
/Users/koryjcampbell/Music/CRATES/GENRES/UNASSIGNED/Kory Likes/The-Dream - Let Me See The Booty (Album Version Explicit).mp3	/Users/koryjcampbell/Music/CRATES/GENRES/R&B/2000s R&B/The-Dream - Let Me See The Booty (Album Version Explicit).mp3
/Users/koryjcampbell/Music/CRATES/GENRES/UNASSIGNED/Kory Likes/The-Dream - Love vs. Money_ Pt. 2.mp3	/Users/koryjcampbell/Music/CRATES/GENRES/R&B/2000s R&B/The-Dream - Love vs. Money_ Pt. 2.mp3
/Users/koryjcampbell/Music/CRATES/GENRES/UNASSIGNED/Kory Likes/The-Dream - Roc.mp3	/Users/koryjcampbell/Music/CRATES/GENRES/R&B/2000s R&B/The-Dream - Roc.mp3
/Users/koryjcampbell/Music/CRATES/GENRES/UNASSIGNED/Kory Likes/The-Dream - Sweat It Out.mp3	/Users/koryjcampbell/Music/CRATES/GENRES/R&B/2000s R&B/The-Dream - Sweat It Out.mp3
/Users/koryjcampbell/Music/CRATES/GENRES/UNASSIGNED/Kory Likes/Thee Heart Tones - Forever & Ever.mp3	/Users/koryjcampbell/Music/CRATES/GENRES/Soul/2020s Soul/Thee Heart Tones - Forever & Ever.mp3
/Users/koryjcampbell/Music/CRATES/GENRES/UNASSIGNED/Kory Likes/Thee Sacred Souls - It's Our Love.mp3	/Users/koryjcampbell/Music/CRATES/GENRES/Soul/2020s Soul/Thee Sacred Souls - It's Our Love.mp3
/Users/koryjcampbell/Music/CRATES/GENRES/UNASSIGNED/Kory Likes/Thee Sacred Souls - Love Is The Way.mp3	/Users/koryjcampbell/Music/CRATES/GENRES/Soul/2020s Soul/Thee Sacred Souls - Love Is The Way.mp3
/Users/koryjcampbell/Music/CRATES/GENRES/UNASSIGNED/Kory Likes/Thee Sacred Souls - Lucid Girl.mp3	/Users/koryjcampbell/Music/CRATES/GENRES/Soul/2020s Soul/Thee Sacred Souls - Lucid Girl.mp3
/Users/koryjcampbell/Music/CRATES/GENRES/UNASSIGNED/Kory Likes/Thee Sinseers - Si Llorarás.mp3	/Users/koryjcampbell/Music/CRATES/GENRES/Soul/2020s Soul/Thee Sinseers - Si Llorarás.mp3
/Users/koryjcampbell/Music/CRATES/GENRES/UNASSIGNED/Kory Likes/Theo - Shorty You Phat (feat. Dukeyman).mp3	/Users/koryjcampbell/Music/CRATES/GENRES/Club/General Club/Theo - Shorty You Phat (feat. Dukeyman).mp3
/Users/koryjcampbell/Music/CRATES/GENRES/UNASSIGNED/Kory Likes/Theodros Mitiku - Ambasel.mp3	/Users/koryjcampbell/Music/CRATES/GENRES/World/Ethiopian/Theodros Mitiku - Ambasel.mp3
/Users/koryjcampbell/Music/CRATES/GENRES/UNASSIGNED/Kory Likes/Three 6 Mafia - Where's Da Bud.mp3	/Users/koryjcampbell/Music/CRATES/GENRES/Hip-Hop:Rap/2000s Hip-Hop/Three 6 Mafia - Where's Da Bud.mp3
/Users/koryjcampbell/Music/CRATES/GENRES/UNASSIGNED/Kory Likes/Thug Life - Cradle To The Grave.mp3	/Users/koryjcampbell/Music/CRATES/GENRES/Hip-Hop:Rap/1990s Hip-Hop/Thug Life - Cradle To The Grave.mp3
/Users/koryjcampbell/Music/CRATES/GENRES/UNASSIGNED/Kory Likes/Thug Life - Pour Out A Little Liquor.mp3	/Users/koryjcampbell/Music/CRATES/GENRES/Hip-Hop:Rap/1990s Hip-Hop/Thug Life - Pour Out A Little Liquor.mp3
/Users/koryjcampbell/Music/CRATES/GENRES/UNASSIGNED/Kory Likes/Thundercat - 3AM.mp3	/Users/koryjcampbell/Music/CRATES/GENRES/Jazz/2010s Jazz/Thundercat - 3AM.mp3
/Users/koryjcampbell/Music/CRATES/GENRES/UNASSIGNED/Kory Likes/Thundercat - Drink Dat.mp3	/Users/koryjcampbell/Music/CRATES/GENRES/Funk/General Funk/Thundercat - Drink Dat.mp3
/Users/koryjcampbell/Music/CRATES/GENRES/UNASSIGNED/Kory Likes/Thundercat - I Did This To Myself.mp3	/Users/koryjcampbell/Music/CRATES/GENRES/Funk/2020s Funk/Thundercat - I Did This To Myself.mp3
/Users/koryjcampbell/Music/CRATES/GENRES/UNASSIGNED/Kory Likes/Thundercat - Jethro.mp3	/Users/koryjcampbell/Music/CRATES/GENRES/Jazz/2010s Jazz/Thundercat - Jethro.mp3
/Users/koryjcampbell/Music/CRATES/GENRES/UNASSIGNED/Kory Likes/Thundercat - Them Changes.mp3	/Users/koryjcampbell/Music/CRATES/GENRES/Jazz/2010s Jazz/Thundercat - Them Changes.mp3
/Users/koryjcampbell/Music/CRATES/GENRES/UNASSIGNED/Kory Likes/Thundercat - Walk On By.mp3	/Users/koryjcampbell/Music/CRATES/GENRES/Funk/General Funk/Thundercat - Walk On By.mp3
/Users/koryjcampbell/Music/CRATES/GENRES/UNASSIGNED/Kory Likes/Thundercat - You Left Without Saying Goodbye.mp3	/Users/koryjcampbell/Music/CRATES/GENRES/Jazz/2010s Jazz/Thundercat - You Left Without Saying Goodbye.mp3
/Users/koryjcampbell/Music/CRATES/GENRES/UNASSIGNED/Kory Likes/Tiana Major9 - Always.mp3	/Users/koryjcampbell/Music/CRATES/GENRES/R&B/2020s R&B/Tiana Major9 - Always.mp3
/Users/koryjcampbell/Music/CRATES/GENRES/UNASSIGNED/Kory Likes/Timbaland - All Y'all.mp3	/Users/koryjcampbell/Music/CRATES/GENRES/Hip-Hop:Rap/2000s Hip-Hop/Timbaland - All Y'all.mp3
/Users/koryjcampbell/Music/CRATES/GENRES/UNASSIGNED/Kory Likes/Timbaland - Apologize.mp3	/Users/koryjcampbell/Music/CRATES/GENRES/Pop/2000s Pop/Timbaland - Apologize.mp3
/Users/koryjcampbell/Music/CRATES/GENRES/UNASSIGNED/Kory Likes/Timbaland - Luv 2 Luv U (Remix).mp3	/Users/koryjcampbell/Music/CRATES/GENRES/Pop/2010s Pop/Timbaland - Luv 2 Luv U (Remix).mp3
/Users/koryjcampbell/Music/CRATES/GENRES/UNASSIGNED/Kory Likes/Tokyo Jazz Lounge - Through the Fire.mp3	/Users/koryjcampbell/Music/CRATES/GENRES/Jazz/2010s Jazz/Tokyo Jazz Lounge - Through the Fire.mp3
/Users/koryjcampbell/Music/CRATES/GENRES/UNASSIGNED/Kory Likes/Tom Browne - Forever More.mp3	/Users/koryjcampbell/Music/CRATES/GENRES/Funk/General Funk/Tom Browne - Forever More.mp3
/Users/koryjcampbell/Music/CRATES/GENRES/UNASSIGNED/Kory Likes/Tom Misch - Cranes in the Sky (Quarantine Sessions).mp3	/Users/koryjcampbell/Music/CRATES/GENRES/Soul/2020s Soul/Tom Misch - Cranes in the Sky (Quarantine Sessions).mp3
/Users/koryjcampbell/Music/CRATES/GENRES/UNASSIGNED/Kory Likes/Tommy Richman - THOUGHT YOU WERE THE ONE.mp3	/Users/koryjcampbell/Music/CRATES/GENRES/Pop/Contemporary Pop/Tommy Richman - THOUGHT YOU WERE THE ONE.mp3
/Users/koryjcampbell/Music/CRATES/GENRES/UNASSIGNED/Kory Likes/Tony Thompson - What's Goin' On.mp3	/Users/koryjcampbell/Music/CRATES/GENRES/Hip-Hop:Rap/1990s Hip-Hop/Tony Thompson - What's Goin' On.mp3
/Users/koryjcampbell/Music/CRATES/GENRES/UNASSIGNED/Kory Likes/Tony! Toni! Toné! - Boys And Girls.mp3	/Users/koryjcampbell/Music/CRATES/GENRES/Hip-Hop:Rap/1990s Hip-Hop/Tony! Toni! Toné! - Boys And Girls.mp3
/Users/koryjcampbell/Music/CRATES/GENRES/UNASSIGNED/Kory Likes/Toosii - I Do.mp3	/Users/koryjcampbell/Music/CRATES/GENRES/Hip-Hop:Rap/2020s Hip-Hop/Toosii - I Do.mp3
/Users/koryjcampbell/Music/CRATES/GENRES/UNASSIGNED/Kory Likes/Toro Y Moi - Madonna.mp3	/Users/koryjcampbell/Music/CRATES/GENRES/Electronic/General Electronic/Toro Y Moi - Madonna.mp3
/Users/koryjcampbell/Music/CRATES/GENRES/UNASSIGNED/Kory Likes/Toro Y Moi - You and I.mp3	/Users/koryjcampbell/Music/CRATES/GENRES/Pop/Brat Pop/Toro Y Moi - You and I.mp3
/Users/koryjcampbell/Music/CRATES/GENRES/UNASSIGNED/Kory Likes/Toto - Georgy Porgy.mp3	/Users/koryjcampbell/Music/CRATES/GENRES/Rock/General Rock/Toto - Georgy Porgy.mp3
/Users/koryjcampbell/Music/CRATES/GENRES/UNASSIGNED/Kory Likes/Trap Dickey - Blue Devils (Remix).mp3	/Users/koryjcampbell/Music/CRATES/GENRES/Hip-Hop:Rap/2020s Hip-Hop/Trap Dickey - Blue Devils (Remix).mp3
/Users/koryjcampbell/Music/CRATES/GENRES/UNASSIGNED/Kory Likes/Travis Scott - BACC (Bonus).mp3	/Users/koryjcampbell/Music/CRATES/GENRES/Hip-Hop:Rap/2010s Hip-Hop/Travis Scott - BACC (Bonus).mp3
/Users/koryjcampbell/Music/CRATES/GENRES/UNASSIGNED/Kory Likes/Travis Scott - Drugs You Should Try It.mp3	/Users/koryjcampbell/Music/CRATES/GENRES/Hip-Hop:Rap/2010s Hip-Hop/Travis Scott - Drugs You Should Try It.mp3
/Users/koryjcampbell/Music/CRATES/GENRES/UNASSIGNED/Kory Likes/Tre Oh Fie - Give It 2 Em.mp3	/Users/koryjcampbell/Music/CRATES/GENRES/Club/General Club/Tre Oh Fie - Give It 2 Em.mp3
/Users/koryjcampbell/Music/CRATES/GENRES/UNASSIGNED/Kory Likes/Tre Oh Fie - Tell Somebody Hop (feat. FweaGoJit, SheScreamsMiren & Dj Ghost).mp3	/Users/koryjcampbell/Music/CRATES/GENRES/Club/General Club/Tre Oh Fie - Tell Somebody Hop (feat. FweaGoJit, SheScreamsMiren & Dj Ghost).mp3
/Users/koryjcampbell/Music/CRATES/GENRES/UNASSIGNED/Kory Likes/Tres Leches - Telescope.mp3	/Users/koryjcampbell/Music/CRATES/GENRES/Soul/Neo Soul/Tres Leches - Telescope.mp3
/Users/koryjcampbell/Music/CRATES/GENRES/UNASSIGNED/Kory Likes/Trick Daddy - Can't Fuck With the South.mp3	/Users/koryjcampbell/Music/CRATES/GENRES/Hip-Hop:Rap/2010s Hip-Hop/Trick Daddy - Can't Fuck With the South.mp3
/Users/koryjcampbell/Music/CRATES/GENRES/UNASSIGNED/Kory Likes/Trick Daddy - Can't Fuck wit Me.mp3	/Users/koryjcampbell/Music/CRATES/GENRES/Hip-Hop:Rap/1990s Hip-Hop/Trick Daddy - Can't Fuck wit Me.mp3
/Users/koryjcampbell/Music/CRATES/GENRES/UNASSIGNED/Kory Likes/Trick Daddy - J.O.D.D. (feat. Khia & Tampa Tony).mp3	/Users/koryjcampbell/Music/CRATES/GENRES/Hip-Hop:Rap/2000s Hip-Hop/Trick Daddy - J.O.D.D. (feat. Khia & Tampa Tony).mp3
/Users/koryjcampbell/Music/CRATES/GENRES/UNASSIGNED/Kory Likes/Trick Daddy - Shut Up (feat. Duece Poppito of 24 Karatz, Trina & Co of Tre +6).mp3	/Users/koryjcampbell/Music/CRATES/GENRES/Hip-Hop:Rap/2000s Hip-Hop/Trick Daddy - Shut Up (feat. Duece Poppito of 24 Karatz, Trina & Co of Tre +6).mp3
/Users/koryjcampbell/Music/CRATES/GENRES/UNASSIGNED/Kory Likes/Trina - I Got A Thang For You.mp3	/Users/koryjcampbell/Music/CRATES/GENRES/Hip-Hop:Rap/2000s Hip-Hop/Trina - I Got A Thang For You.mp3
/Users/koryjcampbell/Music/CRATES/GENRES/UNASSIGNED/Kory Likes/Tuamie - change snare maybe.mp3	/Users/koryjcampbell/Music/CRATES/GENRES/Hip-Hop:Rap/Boom Bap [Soundcloud]/Tuamie - change snare maybe.mp3
/Users/koryjcampbell/Music/CRATES/GENRES/UNASSIGNED/Kory Likes/Tuamie - its the attempt.mp3	/Users/koryjcampbell/Music/CRATES/GENRES/Hip-Hop:Rap/Boom Bap [Soundcloud]/Tuamie - its the attempt.mp3
/Users/koryjcampbell/Music/CRATES/GENRES/UNASSIGNED/Kory Likes/Tuamie - no more severe fatigue lethargy.mp3	/Users/koryjcampbell/Music/CRATES/GENRES/Hip-Hop:Rap/Boom Bap [Soundcloud]/Tuamie - no more severe fatigue lethargy.mp3
/Users/koryjcampbell/Music/CRATES/GENRES/UNASSIGNED/Kory Likes/Tuamie - tellys song.mp3	/Users/koryjcampbell/Music/CRATES/GENRES/Hip-Hop:Rap/Boom Bap [Soundcloud]/Tuamie - tellys song.mp3
/Users/koryjcampbell/Music/CRATES/GENRES/UNASSIGNED/Kory Likes/Tweet - Always Will.mp3	/Users/koryjcampbell/Music/CRATES/GENRES/R&B/2000s R&B/Tweet - Always Will.mp3
/Users/koryjcampbell/Music/CRATES/GENRES/UNASSIGNED/Kory Likes/Tweet - Beautiful.mp3	/Users/koryjcampbell/Music/CRATES/GENRES/R&B/2000s R&B/Tweet - Beautiful.mp3
/Users/koryjcampbell/Music/CRATES/GENRES/UNASSIGNED/Kory Likes/Tweet - Boogie 2Nite.mp3	/Users/koryjcampbell/Music/CRATES/GENRES/R&B/2000s R&B/Tweet - Boogie 2Nite.mp3
/Users/koryjcampbell/Music/CRATES/GENRES/UNASSIGNED/Kory Likes/Tweet - Cab Ride.mp3	/Users/koryjcampbell/Music/CRATES/GENRES/R&B/2000s R&B/Tweet - Cab Ride.mp3
/Users/koryjcampbell/Music/CRATES/GENRES/UNASSIGNED/Kory Likes/Tweet - Complain.mp3	/Users/koryjcampbell/Music/CRATES/GENRES/R&B/2000s R&B/Tweet - Complain.mp3
/Users/koryjcampbell/Music/CRATES/GENRES/UNASSIGNED/Kory Likes/Tweet - Drunk.mp3	/Users/koryjcampbell/Music/CRATES/GENRES/R&B/2000s R&B/Tweet - Drunk.mp3
/Users/koryjcampbell/Music/CRATES/GENRES/UNASSIGNED/Kory Likes/Tweet - Heaven.mp3	/Users/koryjcampbell/Music/CRATES/GENRES/R&B/2000s R&B/Tweet - Heaven.mp3
/Users/koryjcampbell/Music/CRATES/GENRES/UNASSIGNED/Kory Likes/Tweet - Make Ur Move.mp3	/Users/koryjcampbell/Music/CRATES/GENRES/R&B/2000s R&B/Tweet - Make Ur Move.mp3
/Users/koryjcampbell/Music/CRATES/GENRES/UNASSIGNED/Kory Likes/Tweet - Motel.mp3	/Users/koryjcampbell/Music/CRATES/GENRES/R&B/2000s R&B/Tweet - Motel.mp3
/Users/koryjcampbell/Music/CRATES/GENRES/UNASSIGNED/Kory Likes/Tweet - Smoking Cigarettes.mp3	/Users/koryjcampbell/Music/CRATES/GENRES/R&B/2000s R&B/Tweet - Smoking Cigarettes.mp3
/Users/koryjcampbell/Music/CRATES/GENRES/UNASSIGNED/Kory Likes/Tweet - So Much to Say - Intro.mp3	/Users/koryjcampbell/Music/CRATES/GENRES/R&B/2000s R&B/Tweet - So Much to Say - Intro.mp3
/Users/koryjcampbell/Music/CRATES/GENRES/UNASSIGNED/Kory Likes/Tweet - Southern Hummingbird - Outro.mp3	/Users/koryjcampbell/Music/CRATES/GENRES/R&B/2000s R&B/Tweet - Southern Hummingbird - Outro.mp3
/Users/koryjcampbell/Music/CRATES/GENRES/UNASSIGNED/Kory Likes/Tweet_Bilal - Best Friend.mp3	/Users/koryjcampbell/Music/CRATES/GENRES/R&B/2000s R&B/Tweet_Bilal - Best Friend.mp3
/Users/koryjcampbell/Music/CRATES/GENRES/UNASSIGNED/Kory Likes/Tye Beats - Woke Up.mp3	/Users/koryjcampbell/Music/CRATES/GENRES/Hip-Hop:Rap/2020s Hip-Hop/Tye Beats - Woke Up.mp3
/Users/koryjcampbell/Music/CRATES/GENRES/UNASSIGNED/Kory Likes/Tyla - BLISS.mp3	/Users/koryjcampbell/Music/CRATES/GENRES/Afrobeats/Afropop/Tyla - BLISS.mp3
/Users/koryjcampbell/Music/CRATES/GENRES/UNASSIGNED/Kory Likes/Tyla - IS IT.mp3	/Users/koryjcampbell/Music/CRATES/GENRES/Afrobeats/Afropop/Tyla - IS IT.mp3
/Users/koryjcampbell/Music/CRATES/GENRES/UNASSIGNED/Kory Likes/Tyla - PUSH 2 START.mp3	/Users/koryjcampbell/Music/CRATES/GENRES/Afrobeats/Afropop/Tyla - PUSH 2 START.mp3
/Users/koryjcampbell/Music/CRATES/GENRES/UNASSIGNED/Kory Likes/Tyler Daley - Can't Say No.mp3	/Users/koryjcampbell/Music/CRATES/GENRES/Soul/2020s Soul/Tyler Daley - Can't Say No.mp3
/Users/koryjcampbell/Music/CRATES/GENRES/UNASSIGNED/Kory Likes/Tyler ICU - Ebasini (feat. Tman Xpress, Visca, Ceeka RSA, Sjavasdadeejay & Al Xapo).mp3	/Users/koryjcampbell/Music/CRATES/GENRES/Amapiano/General Amapiano/Tyler ICU - Ebasini (feat. Tman Xpress, Visca, Ceeka RSA, Sjavasdadeejay & Al Xapo).mp3
/Users/koryjcampbell/Music/CRATES/GENRES/UNASSIGNED/Kory Likes/Tyler, The Creator - Potato Salad.mp3	/Users/koryjcampbell/Music/CRATES/GENRES/Hip-Hop:Rap/2010s Hip-Hop/Tyler, The Creator - Potato Salad.mp3
/Users/koryjcampbell/Music/CRATES/GENRES/UNASSIGNED/Kory Likes/Tyler, The Creator - Sticky (feat. GloRilla, Sexyy Red & Lil Wayne).mp3	/Users/koryjcampbell/Music/CRATES/GENRES/Hip-Hop:Rap/2010s Hip-Hop/Tyler, The Creator - Sticky (feat. GloRilla, Sexyy Red & Lil Wayne).mp3
/Users/koryjcampbell/Music/CRATES/GENRES/UNASSIGNED/Kory Likes/Tyler, The Creator - Sucka Free.mp3	/Users/koryjcampbell/Music/CRATES/GENRES/Hip-Hop:Rap/2010s Hip-Hop/Tyler, The Creator - Sucka Free.mp3
/Users/koryjcampbell/Music/CRATES/GENRES/UNASSIGNED/Kory Likes/Tyler, The Creator - Tell Me What It Is.mp3	/Users/koryjcampbell/Music/CRATES/GENRES/Hip-Hop:Rap/2010s Hip-Hop/Tyler, The Creator - Tell Me What It Is.mp3
/Users/koryjcampbell/Music/CRATES/GENRES/UNASSIGNED/Kory Likes/Tyrone Davis - Ain't Nothing I Can Do (Album Version).mp3	/Users/koryjcampbell/Music/CRATES/GENRES/Soul/1970s Soul/Tyrone Davis - Ain't Nothing I Can Do (Album Version).mp3
/Users/koryjcampbell/Music/CRATES/GENRES/UNASSIGNED/Kory Likes/USHER - Burn (Instrumental).mp3	/Users/koryjcampbell/Music/CRATES/GENRES/R&B/2000s R&B/USHER - Burn (Instrumental).mp3
/Users/koryjcampbell/Music/CRATES/GENRES/UNASSIGNED/Kory Likes/USHER - Twork It Out.mp3	/Users/koryjcampbell/Music/CRATES/GENRES/R&B/2000s R&B/USHER - Twork It Out.mp3
/Users/koryjcampbell/Music/CRATES/GENRES/UNASSIGNED/Kory Likes/Unlimited Touch - I Hear Music in the Streets (François Kevorkian Mix).mp3	/Users/koryjcampbell/Music/CRATES/GENRES/Disco/Boogie/Unlimited Touch - I Hear Music in the Streets (François Kevorkian Mix).mp3
/Users/koryjcampbell/Music/CRATES/GENRES/UNASSIGNED/Kory Likes/Urban Knights - My Boo.mp3	/Users/koryjcampbell/Music/CRATES/GENRES/Jazz/General Jazz/Urban Knights - My Boo.mp3
/Users/koryjcampbell/Music/CRATES/GENRES/UNASSIGNED/Kory Likes/Valerie Simpson - Silly Wasn't I.mp3	/Users/koryjcampbell/Music/CRATES/GENRES/Soul/General Soul/Valerie Simpson - Silly Wasn't I.mp3
/Users/koryjcampbell/Music/CRATES/GENRES/UNASSIGNED/Kory Likes/VanJess - Slow Down.mp3	/Users/koryjcampbell/Music/CRATES/GENRES/R&B/2020s R&B/VanJess - Slow Down.mp3
/Users/koryjcampbell/Music/CRATES/GENRES/UNASSIGNED/Kory Likes/Vandell Andrew - Any Time, Any Place.mp3	/Users/koryjcampbell/Music/CRATES/GENRES/Jazz/2010s Jazz/Vandell Andrew - Any Time, Any Place.mp3
/Users/koryjcampbell/Music/CRATES/GENRES/UNASSIGNED/Kory Likes/Venna - Casa Lopez.mp3	/Users/koryjcampbell/Music/CRATES/GENRES/Jazz/General Jazz/Venna - Casa Lopez.mp3
/Users/koryjcampbell/Music/CRATES/GENRES/UNASSIGNED/Kory Likes/Venna - My Way - A COLORS SHOW.mp3	/Users/koryjcampbell/Music/CRATES/GENRES/Jazz/General Jazz/Venna - My Way - A COLORS SHOW.mp3
/Users/koryjcampbell/Music/CRATES/GENRES/UNASSIGNED/Kory Likes/Vernon Green - Magic Mountain.mp3	/Users/koryjcampbell/Music/CRATES/GENRES/Soul/General Soul/Vernon Green - Magic Mountain.mp3
/Users/koryjcampbell/Music/CRATES/GENRES/UNASSIGNED/Kory Likes/Vibekulture Sa - Monaco.mp3	/Users/koryjcampbell/Music/CRATES/GENRES/Amapiano/General Amapiano/Vibekulture Sa - Monaco.mp3
/Users/koryjcampbell/Music/CRATES/GENRES/UNASSIGNED/Kory Likes/Victony - Kolomental.mp3	/Users/koryjcampbell/Music/CRATES/GENRES/Afrobeats/2020s Afrobeats/Victony - Kolomental.mp3
/Users/koryjcampbell/Music/CRATES/GENRES/UNASSIGNED/Kory Likes/Victoria Monét - Don't Sleep (feat. Thundercat).mp3	/Users/koryjcampbell/Music/CRATES/GENRES/R&B/2020s R&B/Victoria Monét - Don't Sleep (feat. Thundercat).mp3
/Users/koryjcampbell/Music/CRATES/GENRES/UNASSIGNED/Kory Likes/Vince Guaraldi - The Great Pumpkin Waltz.mp3	/Users/koryjcampbell/Music/CRATES/GENRES/Jazz/General Jazz/Vince Guaraldi - The Great Pumpkin Waltz.mp3
/Users/koryjcampbell/Music/CRATES/GENRES/UNASSIGNED/Kory Likes/Vince Guaraldi Trio - Fly Me To The Moon.mp3	/Users/koryjcampbell/Music/CRATES/GENRES/Jazz/General Jazz/Vince Guaraldi Trio - Fly Me To The Moon.mp3
/Users/koryjcampbell/Music/CRATES/GENRES/UNASSIGNED/Kory Likes/Vince Guaraldi Trio - Great Pumpkin Waltz.mp3	/Users/koryjcampbell/Music/CRATES/GENRES/Jazz/2010s Jazz/Vince Guaraldi Trio - Great Pumpkin Waltz.mp3
/Users/koryjcampbell/Music/CRATES/GENRES/UNASSIGNED/Kory Likes/Vivian Green - What Is Love_.mp3	/Users/koryjcampbell/Music/CRATES/GENRES/R&B/Kaytranada R&B/Vivian Green - What Is Love_.mp3
/Users/koryjcampbell/Music/CRATES/GENRES/UNASSIGNED/Kory Likes/Wakai - PARADIGM.mp3	/Users/koryjcampbell/Music/CRATES/GENRES/Hip-Hop:Rap/2020s Hip-Hop/Wakai - PARADIGM.mp3
/Users/koryjcampbell/Music/CRATES/GENRES/UNASSIGNED/Kory Likes/Wakai - Some People Scream.mp3	/Users/koryjcampbell/Music/CRATES/GENRES/Hip-Hop:Rap/2020s Hip-Hop/Wakai - Some People Scream.mp3
/Users/koryjcampbell/Music/CRATES/GENRES/UNASSIGNED/Kory Likes/WanMor - Alone With You.mp3	/Users/koryjcampbell/Music/CRATES/GENRES/R&B/2020s R&B/WanMor - Alone With You.mp3
/Users/koryjcampbell/Music/CRATES/GENRES/UNASSIGNED/Kory Likes/Warhol.SS - MASTERMIND.mp3	/Users/koryjcampbell/Music/CRATES/GENRES/Hip-Hop:Rap/Trap Hip-Hop/Warhol.SS - MASTERMIND.mp3
/Users/koryjcampbell/Music/CRATES/GENRES/UNASSIGNED/Kory Likes/Wes Montgomery - Caravan.mp3	/Users/koryjcampbell/Music/CRATES/GENRES/Jazz/2010s Jazz/Wes Montgomery - Caravan.mp3
/Users/koryjcampbell/Music/CRATES/GENRES/UNASSIGNED/Kory Likes/Wes Montgomery - Days of Wine and Roses (Album Version).mp3	/Users/koryjcampbell/Music/CRATES/GENRES/Jazz/2010s Jazz/Wes Montgomery - Days of Wine and Roses (Album Version).mp3
/Users/koryjcampbell/Music/CRATES/GENRES/UNASSIGNED/Kory Likes/Wes Montgomery Trio - Dreamsville.mp3	/Users/koryjcampbell/Music/CRATES/GENRES/Jazz/General Jazz/Wes Montgomery Trio - Dreamsville.mp3
/Users/koryjcampbell/Music/CRATES/GENRES/UNASSIGNED/Kory Likes/Westside Gunn - Gunnlib.mp3	/Users/koryjcampbell/Music/CRATES/GENRES/Hip-Hop:Rap/East Coast Hip-Hop/Westside Gunn - Gunnlib.mp3
/Users/koryjcampbell/Music/CRATES/GENRES/UNASSIGNED/Kory Likes/Westside Gunn - I Know Verdy.mp3	/Users/koryjcampbell/Music/CRATES/GENRES/Hip-Hop:Rap/East Coast Hip-Hop/Westside Gunn - I Know Verdy.mp3
/Users/koryjcampbell/Music/CRATES/GENRES/UNASSIGNED/Kory Likes/Willie Nelson - On The Road Again (Live).mp3	/Users/koryjcampbell/Music/CRATES/GENRES/Rock/2020s Indie Rock/Willie Nelson - On The Road Again (Live).mp3
/Users/koryjcampbell/Music/CRATES/GENRES/UNASSIGNED/Kory Likes/Wiz Khalifa - The Kid Frankie.mp3	/Users/koryjcampbell/Music/CRATES/GENRES/Hip-Hop:Rap/2010s Hip-Hop/Wiz Khalifa - The Kid Frankie.mp3
/Users/koryjcampbell/Music/CRATES/GENRES/UNASSIGNED/Kory Likes/Xavier Omär - Luv 4 U.mp3	/Users/koryjcampbell/Music/CRATES/GENRES/R&B/2020s R&B/Xavier Omär - Luv 4 U.mp3
/Users/koryjcampbell/Music/CRATES/GENRES/UNASSIGNED/Kory Likes/YG - KNOCKA.mp3	/Users/koryjcampbell/Music/CRATES/GENRES/Hip-Hop:Rap/2010s Hip-Hop/YG - KNOCKA.mp3
/Users/koryjcampbell/Music/CRATES/GENRES/UNASSIGNED/Kory Likes/Yarbrough & Peoples - Guilty.mp3	/Users/koryjcampbell/Music/CRATES/GENRES/Funk/General Funk/Yarbrough & Peoples - Guilty.mp3
/Users/koryjcampbell/Music/CRATES/GENRES/UNASSIGNED/Kory Likes/Yawners - 1 de enero.mp3	/Users/koryjcampbell/Music/CRATES/GENRES/Rock/2020s Indie Rock/Yawners - 1 de enero.mp3
/Users/koryjcampbell/Music/CRATES/GENRES/UNASSIGNED/Kory Likes/Yeat - IM YEAT.mp3	/Users/koryjcampbell/Music/CRATES/GENRES/Hip-Hop:Rap/Trap Hip-Hop/Yeat - IM YEAT.mp3
/Users/koryjcampbell/Music/CRATES/GENRES/UNASSIGNED/Kory Likes/Yeat - Let King Tonka Talk.mp3	/Users/koryjcampbell/Music/CRATES/GENRES/Hip-Hop:Rap/Trap Hip-Hop/Yeat - Let King Tonka Talk.mp3
/Users/koryjcampbell/Music/CRATES/GENRES/UNASSIGNED/Kory Likes/Young Buck - U Ain't Goin Nowhere (Album Version Explicit).mp3	/Users/koryjcampbell/Music/CRATES/GENRES/Hip-Hop:Rap/2000s Hip-Hop/Young Buck - U Ain't Goin Nowhere (Album Version Explicit).mp3
/Users/koryjcampbell/Music/CRATES/GENRES/UNASSIGNED/Kory Likes/Young Gunz - Can't Stop, Won't Stop.mp3	/Users/koryjcampbell/Music/CRATES/GENRES/Hip-Hop:Rap/2000s Hip-Hop/Young Gunz - Can't Stop, Won't Stop.mp3
/Users/koryjcampbell/Music/CRATES/GENRES/UNASSIGNED/Kory Likes/Young Jeezy - Geeked Up.mp3	/Users/koryjcampbell/Music/CRATES/GENRES/Hip-Hop:Rap/Trap Hip-Hop/Young Jeezy - Geeked Up.mp3
/Users/koryjcampbell/Music/CRATES/GENRES/UNASSIGNED/Kory Likes/Young Miko - WASSUP.mp3	/Users/koryjcampbell/Music/CRATES/GENRES/Reggae/2020s Reggaeton/Young Miko - WASSUP.mp3
/Users/koryjcampbell/Music/CRATES/GENRES/UNASSIGNED/Kory Likes/Young Nudy - John Wayne (feat. Metro Boomin).mp3	/Users/koryjcampbell/Music/CRATES/GENRES/Hip-Hop:Rap/Trap Hip-Hop/Young Nudy - John Wayne (feat. Metro Boomin).mp3
/Users/koryjcampbell/Music/CRATES/GENRES/UNASSIGNED/Kory Likes/Young Nudy - WHAT'S HAPPENIN' (feat. Latto & Coupe).mp3	/Users/koryjcampbell/Music/CRATES/GENRES/Hip-Hop:Rap/Trap Hip-Hop/Young Nudy - WHAT'S HAPPENIN' (feat. Latto & Coupe).mp3
/Users/koryjcampbell/Music/CRATES/GENRES/UNASSIGNED/Kory Likes/Yung Berg - Sexy Lady (feat. Junior) (Explicit Album Version).mp3	/Users/koryjcampbell/Music/CRATES/GENRES/Hip-Hop:Rap/2000s Hip-Hop/Yung Berg - Sexy Lady (feat. Junior) (Explicit Album Version).mp3
/Users/koryjcampbell/Music/CRATES/GENRES/UNASSIGNED/Kory Likes/Yung Gordon - Finna Hit My Walk (feat. DJ T Time).mp3	/Users/koryjcampbell/Music/CRATES/GENRES/Club/General Club/Yung Gordon - Finna Hit My Walk (feat. DJ T Time).mp3
/Users/koryjcampbell/Music/CRATES/GENRES/UNASSIGNED/Kory Likes/Yussef Dayes - Amami (feat. Minami Kizuki).mp3	/Users/koryjcampbell/Music/CRATES/GENRES/Jazz/General Jazz/Yussef Dayes - Amami (feat. Minami Kizuki).mp3
/Users/koryjcampbell/Music/CRATES/GENRES/UNASSIGNED/Kory Likes/Yussef Dayes - Chasing the Drum - A COLORS SHOW.mp3	/Users/koryjcampbell/Music/CRATES/GENRES/Jazz/General Jazz/Yussef Dayes - Chasing the Drum - A COLORS SHOW.mp3
/Users/koryjcampbell/Music/CRATES/GENRES/UNASSIGNED/Kory Likes/Zack Fox - fafo.mp3	/Users/koryjcampbell/Music/CRATES/GENRES/Hip-Hop:Rap/2020s Hip-Hop/Zack Fox - fafo.mp3
/Users/koryjcampbell/Music/CRATES/GENRES/UNASSIGNED/Kory Likes/Zap Mama - Bandy Bandy.mp3	/Users/koryjcampbell/Music/CRATES/GENRES/Soul/Neo Soul/Zap Mama - Bandy Bandy.mp3
/Users/koryjcampbell/Music/CRATES/GENRES/UNASSIGNED/Kory Likes/Ziahfyah - DO YOU REMEMBER #zessbounce.mp3	/Users/koryjcampbell/Music/CRATES/GENRES/Club/General Club/Ziahfyah - DO YOU REMEMBER #zessbounce.mp3
/Users/koryjcampbell/Music/CRATES/GENRES/UNASSIGNED/Kory Likes/bdifferent - Let’s Talk About It (feat. Stunna 4 Vegas).mp3	/Users/koryjcampbell/Music/CRATES/GENRES/Hip-Hop:Rap/2020s Hip-Hop/bdifferent - Let’s Talk About It (feat. Stunna 4 Vegas).mp3
/Users/koryjcampbell/Music/CRATES/GENRES/UNASSIGNED/Kory Likes/chromonicci - A Message for Dreamers.mp3	/Users/koryjcampbell/Music/CRATES/GENRES/Future Beats/General Future Beats/chromonicci - A Message for Dreamers.mp3
/Users/koryjcampbell/Music/CRATES/GENRES/UNASSIGNED/Kory Likes/chromonicci - Abundance.mp3	/Users/koryjcampbell/Music/CRATES/GENRES/Future Beats/General Future Beats/chromonicci - Abundance.mp3
/Users/koryjcampbell/Music/CRATES/GENRES/UNASSIGNED/Kory Likes/chromonicci - NATURAL PASSION.mp3	/Users/koryjcampbell/Music/CRATES/GENRES/Future Beats/General Future Beats/chromonicci - NATURAL PASSION.mp3
/Users/koryjcampbell/Music/CRATES/GENRES/UNASSIGNED/Kory Likes/chromonicci - Unconditional.mp3	/Users/koryjcampbell/Music/CRATES/GENRES/Future Beats/General Future Beats/chromonicci - Unconditional.mp3
/Users/koryjcampbell/Music/CRATES/GENRES/UNASSIGNED/Kory Likes/chromonicci - WAISTLINE.mp3	/Users/koryjcampbell/Music/CRATES/GENRES/Future Beats/General Future Beats/chromonicci - WAISTLINE.mp3
/Users/koryjcampbell/Music/CRATES/GENRES/UNASSIGNED/Kory Likes/dreamcastmoe - Lonely Hearts Club.mp3	/Users/koryjcampbell/Music/CRATES/GENRES/Electronic/General Electronic/dreamcastmoe - Lonely Hearts Club.mp3
/Users/koryjcampbell/Music/CRATES/GENRES/UNASSIGNED/Kory Likes/ian - 3.5.mp3	/Users/koryjcampbell/Music/CRATES/GENRES/Hip-Hop:Rap/2020s Hip-Hop/ian - 3.5.mp3
/Users/koryjcampbell/Music/CRATES/GENRES/UNASSIGNED/Kory Likes/ian - Magic Johnson.mp3	/Users/koryjcampbell/Music/CRATES/GENRES/Hip-Hop:Rap/2020s Hip-Hop/ian - Magic Johnson.mp3
/Users/koryjcampbell/Music/CRATES/GENRES/UNASSIGNED/Kory Likes/ilham - uhm...ok_.mp3	/Users/koryjcampbell/Music/CRATES/GENRES/R&B/2020s R&B/ilham - uhm...ok_.mp3
/Users/koryjcampbell/Music/CRATES/GENRES/UNASSIGNED/Kory Likes/mynameisntjmack - BUNKER_PREROLL.mp3	/Users/koryjcampbell/Music/CRATES/GENRES/R&B/2020s R&B/mynameisntjmack - BUNKER_PREROLL.mp3
/Users/koryjcampbell/Music/CRATES/GENRES/UNASSIGNED/Kory Likes/p-rallel - I Know (Notion Remix).mp3	/Users/koryjcampbell/Music/CRATES/GENRES/Jungle/General Jungle/p-rallel - I Know (Notion Remix).mp3
/Users/koryjcampbell/Music/CRATES/GENRES/UNASSIGNED/Kory Likes/reggie - congrats!.mp3	/Users/koryjcampbell/Music/CRATES/GENRES/Hip-Hop:Rap/2020s Hip-Hop/reggie - congrats!.mp3
/Users/koryjcampbell/Music/CRATES/GENRES/UNASSIGNED/Kory Likes/serpentwithfeet - Damn Gloves.mp3	/Users/koryjcampbell/Music/CRATES/GENRES/R&B/2020s R&B/serpentwithfeet - Damn Gloves.mp3
/Users/koryjcampbell/Music/CRATES/GENRES/UNASSIGNED/Kory Likes/strongboi - magic.mp3	/Users/koryjcampbell/Music/CRATES/GENRES/Pop/2020s Pop/strongboi - magic.mp3
/Users/koryjcampbell/Music/CRATES/GENRES/UNASSIGNED/Kory Likes/tg.blk - gin and wine (ginuwine).mp3	/Users/koryjcampbell/Music/CRATES/GENRES/Hip-Hop:Rap/2020s Hip-Hop/tg.blk - gin and wine (ginuwine).mp3
/Users/koryjcampbell/Music/CRATES/GENRES/UNASSIGNED/Kory Likes/theMIND - Ms. Communication (feat. Sun).mp3	/Users/koryjcampbell/Music/CRATES/GENRES/Soul/2020s Soul/theMIND - Ms. Communication (feat. Sun).mp3
/Users/koryjcampbell/Music/CRATES/GENRES/UNASSIGNED/Kory Likes/underscores - Bodyfeeling.mp3	/Users/koryjcampbell/Music/CRATES/GENRES/Pop/2020s Pop/underscores - Bodyfeeling.mp3
/Users/koryjcampbell/Music/CRATES/GENRES/UNASSIGNED/Kory Likes/¥$ - DEAD.mp3	/Users/koryjcampbell/Music/CRATES/GENRES/Hip-Hop:Rap/2020s Hip-Hop/¥$ - DEAD.mp3
/Users/koryjcampbell/Music/CRATES/GENRES/UNASSIGNED/Kory Likes/¥$ - TALKING.mp3	/Users/koryjcampbell/Music/CRATES/GENRES/Hip-Hop:Rap/2020s Hip-Hop/¥$ - TALKING.mp3
/Users/koryjcampbell/Music/CRATES/GENRES/UNASSIGNED/Kory Likes/Σtella - Charmed.mp3	/Users/koryjcampbell/Music/CRATES/GENRES/Pop/2020s Pop/Σtella - Charmed.mp3
/Users/koryjcampbell/Music/CRATES/GENRES/UNASSIGNED/Black Music/A Taste Of Honey - Boogie Oogie Oogie (Single Version 2 _ Remastered 1999).mp3	/Users/koryjcampbell/Music/CRATES/GENRES/Disco/1970s Disco/A Taste Of Honey - Boogie Oogie Oogie (Single Version 2 _ Remastered 1999).mp3
/Users/koryjcampbell/Music/CRATES/GENRES/UNASSIGNED/Black Music/Alicia Myers - I Want To Thank You.mp3	/Users/koryjcampbell/Music/CRATES/GENRES/Funk/Funk & Boogie Edits/Alicia Myers - I Want To Thank You.mp3
/Users/koryjcampbell/Music/CRATES/GENRES/UNASSIGNED/Black Music/Alicia Myers - You Get The Best From Me (Say, Say, Say).mp3	/Users/koryjcampbell/Music/CRATES/GENRES/Disco/General Disco/Alicia Myers - You Get The Best From Me (Say, Say, Say).mp3
/Users/koryjcampbell/Music/CRATES/GENRES/UNASSIGNED/Black Music/Aly-Us - Follow Me (Full Intention Club Mix).mp3	/Users/koryjcampbell/Music/CRATES/GENRES/House/General House/Aly-Us - Follow Me (Full Intention Club Mix).mp3
/Users/koryjcampbell/Music/CRATES/GENRES/UNASSIGNED/Black Music/Armand Van Helden - Flowerz (feat. Roland Clark) (Radio Edit).mp3	/Users/koryjcampbell/Music/CRATES/GENRES/House/General House/Armand Van Helden - Flowerz (feat. Roland Clark) (Radio Edit).mp3
/Users/koryjcampbell/Music/CRATES/GENRES/UNASSIGNED/Black Music/CeCe Peniston - Finally.mp3	/Users/koryjcampbell/Music/CRATES/GENRES/Dance/2010s Dance/CeCe Peniston - Finally.mp3
/Users/koryjcampbell/Music/CRATES/GENRES/UNASSIGNED/Black Music/Cheryl Lynn - Shake It Up Tonight (Album Version).mp3	/Users/koryjcampbell/Music/CRATES/GENRES/R&B/1980s R&B/Cheryl Lynn - Shake It Up Tonight (Album Version).mp3
/Users/koryjcampbell/Music/CRATES/GENRES/UNASSIGNED/Black Music/Cheryl Lynn - Shake It Up Tonight.mp3	/Users/koryjcampbell/Music/CRATES/GENRES/Disco/General Disco/Cheryl Lynn - Shake It Up Tonight.mp3
/Users/koryjcampbell/Music/CRATES/GENRES/UNASSIGNED/Black Music/Crystal Waters - Gypsy Woman (She's Homeless) (La Da Dee La Da Da) (Basement Boy Strip To The Bone Mix).mp3	/Users/koryjcampbell/Music/CRATES/GENRES/Pop/2010s Pop/Crystal Waters - Gypsy Woman (She's Homeless) (La Da Dee La Da Da) (Basement Boy Strip To The Bone Mix).mp3
/Users/koryjcampbell/Music/CRATES/GENRES/UNASSIGNED/Black Music/Davids Daughters - Dreaming of Loving You (Basement Boys Classic Club Mix).mp3	/Users/koryjcampbell/Music/CRATES/GENRES/House/General House/Davids Daughters - Dreaming of Loving You (Basement Boys Classic Club Mix).mp3
/Users/koryjcampbell/Music/CRATES/GENRES/UNASSIGNED/Black Music/Dennis Ferrer - Hey Hey.mp3	/Users/koryjcampbell/Music/CRATES/GENRES/Gospel/Gospel House/Dennis Ferrer - Hey Hey.mp3
/Users/koryjcampbell/Music/CRATES/GENRES/UNASSIGNED/Black Music/Ecstasy, Passion & Pain - Touch and Go (12_ Version).mp3	/Users/koryjcampbell/Music/CRATES/GENRES/Disco/1970s Disco/Ecstasy, Passion & Pain - Touch and Go (12_ Version).mp3
/Users/koryjcampbell/Music/CRATES/GENRES/UNASSIGNED/Black Music/First Choice - Love Thang.mp3	/Users/koryjcampbell/Music/CRATES/GENRES/Soul/Soulful House/First Choice - Love Thang.mp3
/Users/koryjcampbell/Music/CRATES/GENRES/UNASSIGNED/Black Music/Frankie Knuckles - Let's Stay Home (A Director's Cut Classic Club Mix).mp3	/Users/koryjcampbell/Music/CRATES/GENRES/House/2010s House/Frankie Knuckles - Let's Stay Home (A Director's Cut Classic Club Mix).mp3
/Users/koryjcampbell/Music/CRATES/GENRES/UNASSIGNED/Black Music/Funky Green Dogs - Fired Up! (Danny's Twilo Anthem Edit).mp3	/Users/koryjcampbell/Music/CRATES/GENRES/House/General House/Funky Green Dogs - Fired Up! (Danny's Twilo Anthem Edit).mp3
/Users/koryjcampbell/Music/CRATES/GENRES/UNASSIGNED/Black Music/Jocelyn Brown - Somebody's Else's Guy.mp3	/Users/koryjcampbell/Music/CRATES/GENRES/Disco/Boogie/Jocelyn Brown - Somebody's Else's Guy.mp3
/Users/koryjcampbell/Music/CRATES/GENRES/UNASSIGNED/Black Music/Kings Of Tomorrow - Finally (Dario D'Attis Remix).mp3	/Users/koryjcampbell/Music/CRATES/GENRES/House/General House/Kings Of Tomorrow - Finally (Dario D'Attis Remix).mp3
/Users/koryjcampbell/Music/CRATES/GENRES/UNASSIGNED/Black Music/Kings Of Tomorrow - Finally (Extended Mix).mp3	/Users/koryjcampbell/Music/CRATES/GENRES/Soul/General Soul/Kings Of Tomorrow - Finally (Extended Mix).mp3
/Users/koryjcampbell/Music/CRATES/GENRES/UNASSIGNED/Black Music/Kings Of Tomorrow - Finally (Mochakk, Jay Mariani & Cesar Nardini Remix).mp3	/Users/koryjcampbell/Music/CRATES/GENRES/House/General House/Kings Of Tomorrow - Finally (Mochakk, Jay Mariani & Cesar Nardini Remix).mp3
/Users/koryjcampbell/Music/CRATES/GENRES/UNASSIGNED/Black Music/Kings Of Tomorrow - Finally.mp3	/Users/koryjcampbell/Music/CRATES/GENRES/House/2010s House/Kings Of Tomorrow - Finally.mp3
/Users/koryjcampbell/Music/CRATES/GENRES/UNASSIGNED/Black Music/Loleatta Holloway - Hit and Run (12_ Jungle Mix).mp3	/Users/koryjcampbell/Music/CRATES/GENRES/Disco/General Disco/Loleatta Holloway - Hit and Run (12_ Jungle Mix).mp3
/Users/koryjcampbell/Music/CRATES/GENRES/UNASSIGNED/Black Music/MFSB - Love Is the Message (feat. The Three Degrees) (Love Groove Bonus).mp3	/Users/koryjcampbell/Music/CRATES/GENRES/Disco/General Disco/MFSB - Love Is the Message (feat. The Three Degrees) (Love Groove Bonus).mp3
/Users/koryjcampbell/Music/CRATES/GENRES/UNASSIGNED/Black Music/Marvin Gaye - Ain't No Mountain High Enough.mp3	/Users/koryjcampbell/Music/CRATES/GENRES/Soul/General Soul/Marvin Gaye - Ain't No Mountain High Enough.mp3
/Users/koryjcampbell/Music/CRATES/GENRES/UNASSIGNED/Black Music/Masters At Work - To Be In Love (MAW '99 Mix).mp3	/Users/koryjcampbell/Music/CRATES/GENRES/House/General House/Masters At Work - To Be In Love (MAW '99 Mix).mp3
/Users/koryjcampbell/Music/CRATES/GENRES/UNASSIGNED/Black Music/Meli'sa Morgan - Fool's Paradise.mp3	/Users/koryjcampbell/Music/CRATES/GENRES/R&B/1980s R&B/Meli'sa Morgan - Fool's Paradise.mp3
/Users/koryjcampbell/Music/CRATES/GENRES/UNASSIGNED/Black Music/Paul Johnson - Get Get Down.mp3	/Users/koryjcampbell/Music/CRATES/GENRES/Gospel/Gospel House/Paul Johnson - Get Get Down.mp3
/Users/koryjcampbell/Music/CRATES/GENRES/UNASSIGNED/Black Music/Smooth Touch - House of Love (Love Mix).mp3	/Users/koryjcampbell/Music/CRATES/GENRES/House/2010s House/Smooth Touch - House of Love (Love Mix).mp3
/Users/koryjcampbell/Music/CRATES/GENRES/UNASSIGNED/Black Music/Soho - More Hot Music.mp3	/Users/koryjcampbell/Music/CRATES/GENRES/Soul/General Soul/Soho - More Hot Music.mp3
/Users/koryjcampbell/Music/CRATES/GENRES/UNASSIGNED/Black Music/Steve Silk Hurley - Higher (Steve Silk Hurley Original 12 Inch).mp3	/Users/koryjcampbell/Music/CRATES/GENRES/House/Gospel House/Steve Silk Hurley - Higher (Steve Silk Hurley Original 12 Inch).mp3
/Users/koryjcampbell/Music/CRATES/GENRES/UNASSIGNED/Black Music/Taana Gardner - Heartbeat (Club Version _ Remastered 2012).mp3	/Users/koryjcampbell/Music/CRATES/GENRES/Disco/General Disco/Taana Gardner - Heartbeat (Club Version _ Remastered 2012).mp3
/Users/koryjcampbell/Music/CRATES/GENRES/UNASSIGNED/Black Music/Timmy Regisford - At the Club (Sean McCabe's Slummin Mix).mp3	/Users/koryjcampbell/Music/CRATES/GENRES/House/2010s House/Timmy Regisford - At the Club (Sean McCabe's Slummin Mix).mp3
/Users/koryjcampbell/Music/CRATES/GENRES/UNASSIGNED/Black Music/Timmy Regisford - At the Club (Timmy Regisford & Adam Rios Organ Mix).mp3	/Users/koryjcampbell/Music/CRATES/GENRES/House/2010s House/Timmy Regisford - At the Club (Timmy Regisford & Adam Rios Organ Mix).mp3
/Users/koryjcampbell/Music/CRATES/GENRES/UNASSIGNED/Black Music/Two Tons Of Fun - Just Us.mp3	/Users/koryjcampbell/Music/CRATES/GENRES/Disco/General Disco/Two Tons Of Fun - Just Us.mp3
/Users/koryjcampbell/Music/CRATES/GENRES/UNASSIGNED/Black Music/Underground Ministries - I Shall Not Be Moved (DJ Meme Classic Vocal Mix).mp3	/Users/koryjcampbell/Music/CRATES/GENRES/Soul/2020s Soul/Underground Ministries - I Shall Not Be Moved (DJ Meme Classic Vocal Mix).mp3
/Users/koryjcampbell/Music/CRATES/GENRES/UNASSIGNED/Black Music/Underground Solution - Luv Dancin' (Extended Vocal).mp3	/Users/koryjcampbell/Music/CRATES/GENRES/Gospel/1990s Gospel/Underground Solution - Luv Dancin' (Extended Vocal).mp3
/Users/koryjcampbell/Music/CRATES/GENRES/UNASSIGNED/🏖️🇵🇭/Ahmad Jamal - Swahililand.mp3	/Users/koryjcampbell/Music/CRATES/GENRES/Jazz/General Jazz/Ahmad Jamal - Swahililand.mp3
/Users/koryjcampbell/Music/CRATES/GENRES/UNASSIGNED/🏖️🇵🇭/Cloud One - Dust to Dust.mp3	/Users/koryjcampbell/Music/CRATES/GENRES/Disco/1970s Disco/Cloud One - Dust to Dust.mp3
/Users/koryjcampbell/Music/CRATES/GENRES/UNASSIGNED/🏖️🇵🇭/David T. Walker - On Love.mp3	/Users/koryjcampbell/Music/CRATES/GENRES/Soul/2010s Soul/David T. Walker - On Love.mp3
/Users/koryjcampbell/Music/CRATES/GENRES/UNASSIGNED/🏖️🇵🇭/Deodato - San Juan Sunset.mp3	/Users/koryjcampbell/Music/CRATES/GENRES/Jazz/General Jazz/Deodato - San Juan Sunset.mp3
/Users/koryjcampbell/Music/CRATES/GENRES/UNASSIGNED/🏖️🇵🇭/Gene Harris - Losalamitoslatinfunklovesong.mp3	/Users/koryjcampbell/Music/CRATES/GENRES/Jazz/2010s Jazz/Gene Harris - Losalamitoslatinfunklovesong.mp3
/Users/koryjcampbell/Music/CRATES/GENRES/UNASSIGNED/🏖️🇵🇭/Herbie Hancock - Butterfly.mp3	/Users/koryjcampbell/Music/CRATES/GENRES/Hip-Hop:Rap/1980s Hip-Hop/Herbie Hancock - Butterfly.mp3
/Users/koryjcampbell/Music/CRATES/GENRES/UNASSIGNED/🏖️🇵🇭/Herbie Hancock - Come Running to Me.mp3	/Users/koryjcampbell/Music/CRATES/GENRES/Hip-Hop:Rap/1980s Hip-Hop/Herbie Hancock - Come Running to Me.mp3
/Users/koryjcampbell/Music/CRATES/GENRES/UNASSIGNED/🏖️🇵🇭/Herbie Hancock - Trust Me.mp3	/Users/koryjcampbell/Music/CRATES/GENRES/Hip-Hop:Rap/1980s Hip-Hop/Herbie Hancock - Trust Me.mp3
/Users/koryjcampbell/Music/CRATES/GENRES/UNASSIGNED/🏖️🇵🇭/Jaco Pastorius - Portrait of Tracy.mp3	/Users/koryjcampbell/Music/CRATES/GENRES/Jazz/1990s Jazz/Jaco Pastorius - Portrait of Tracy.mp3
/Users/koryjcampbell/Music/CRATES/GENRES/UNASSIGNED/🏖️🇵🇭/Tarika Blue - Dreamflower.mp3	/Users/koryjcampbell/Music/CRATES/GENRES/Jazz/General Jazz/Tarika Blue - Dreamflower.mp3
/Users/koryjcampbell/Music/CRATES/GENRES/UNASSIGNED/🏖️🇵🇭/The Bill Evans Trio - Nardis - Live.mp3	/Users/koryjcampbell/Music/CRATES/GENRES/Jazz/General Jazz/The Bill Evans Trio - Nardis - Live.mp3
